[2026-05-18 16:54:28] local.ERROR: The /var/www/html/bootstrap/cache directory must be present and writable. {"exception":"[object] (Exception(code: 0): The /var/www/html/bootstrap/cache directory must be present and writable. at /var/www/html/vendor/laravel/framework/src/Illuminate/Foundation/PackageManifest.php:177)
[stacktrace]
#0 /var/www/html/vendor/laravel/framework/src/Illuminate/Foundation/PackageManifest.php(136): Illuminate\\Foundation\\PackageManifest->write(Array)
#1 /var/www/html/vendor/laravel/framework/src/Illuminate/Foundation/PackageManifest.php(106): Illuminate\\Foundation\\PackageManifest->build()
#2 /var/www/html/vendor/laravel/framework/src/Illuminate/Foundation/PackageManifest.php(89): Illuminate\\Foundation\\PackageManifest->getManifest()
#3 /var/www/html/vendor/laravel/framework/src/Illuminate/Foundation/PackageManifest.php(78): Illuminate\\Foundation\\PackageManifest->config('aliases')
#4 /var/www/html/vendor/laravel/framework/src/Illuminate/Foundation/Bootstrap/RegisterFacades.php(26): Illuminate\\Foundation\\PackageManifest->aliases()
#5 /var/www/html/vendor/laravel/framework/src/Illuminate/Foundation/Application.php(237): Illuminate\\Foundation\\Bootstrap\\RegisterFacades->bootstrap(Object(Illuminate\\Foundation\\Application))
#6 /var/www/html/vendor/laravel/framework/src/Illuminate/Foundation/Console/Kernel.php(310): Illuminate\\Foundation\\Application->bootstrapWith(Array)
#7 /var/www/html/vendor/laravel/framework/src/Illuminate/Foundation/Console/Kernel.php(127): Illuminate\\Foundation\\Console\\Kernel->bootstrap()
#8 /var/www/html/artisan(14): Illuminate\\Foundation\\Console\\Kernel->handle(Object(Symfony\\Component\\Console\\Input\\ArgvInput), Object(Symfony\\Component\\Console\\Output\\ConsoleOutput))
#9 {main}
"} 
[2026-05-18 16:56:18] local.ERROR: The /var/www/html/bootstrap/cache directory must be present and writable. {"exception":"[object] (Exception(code: 0): The /var/www/html/bootstrap/cache directory must be present and writable. at /var/www/html/vendor/laravel/framework/src/Illuminate/Foundation/PackageManifest.php:177)
[stacktrace]
#0 /var/www/html/vendor/laravel/framework/src/Illuminate/Foundation/PackageManifest.php(136): Illuminate\\Foundation\\PackageManifest->write(Array)
#1 /var/www/html/vendor/laravel/framework/src/Illuminate/Foundation/PackageManifest.php(106): Illuminate\\Foundation\\PackageManifest->build()
#2 /var/www/html/vendor/laravel/framework/src/Illuminate/Foundation/PackageManifest.php(89): Illuminate\\Foundation\\PackageManifest->getManifest()
#3 /var/www/html/vendor/laravel/framework/src/Illuminate/Foundation/PackageManifest.php(78): Illuminate\\Foundation\\PackageManifest->config('aliases')
#4 /var/www/html/vendor/laravel/framework/src/Illuminate/Foundation/Bootstrap/RegisterFacades.php(26): Illuminate\\Foundation\\PackageManifest->aliases()
#5 /var/www/html/vendor/laravel/framework/src/Illuminate/Foundation/Application.php(237): Illuminate\\Foundation\\Bootstrap\\RegisterFacades->bootstrap(Object(Illuminate\\Foundation\\Application))
#6 /var/www/html/vendor/laravel/framework/src/Illuminate/Foundation/Console/Kernel.php(310): Illuminate\\Foundation\\Application->bootstrapWith(Array)
#7 /var/www/html/vendor/laravel/framework/src/Illuminate/Foundation/Console/Kernel.php(127): Illuminate\\Foundation\\Console\\Kernel->bootstrap()
#8 /var/www/html/artisan(14): Illuminate\\Foundation\\Console\\Kernel->handle(Object(Symfony\\Component\\Console\\Input\\ArgvInput), Object(Symfony\\Component\\Console\\Output\\ConsoleOutput))
#9 {main}
"} 
[2026-05-18 16:58:49] local.ERROR: The /var/www/html/bootstrap/cache directory must be present and writable. {"exception":"[object] (Exception(code: 0): The /var/www/html/bootstrap/cache directory must be present and writable. at /var/www/html/vendor/laravel/framework/src/Illuminate/Foundation/PackageManifest.php:177)
[stacktrace]
#0 /var/www/html/vendor/laravel/framework/src/Illuminate/Foundation/PackageManifest.php(136): Illuminate\\Foundation\\PackageManifest->write(Array)
#1 /var/www/html/vendor/laravel/framework/src/Illuminate/Foundation/PackageManifest.php(106): Illuminate\\Foundation\\PackageManifest->build()
#2 /var/www/html/vendor/laravel/framework/src/Illuminate/Foundation/PackageManifest.php(89): Illuminate\\Foundation\\PackageManifest->getManifest()
#3 /var/www/html/vendor/laravel/framework/src/Illuminate/Foundation/PackageManifest.php(78): Illuminate\\Foundation\\PackageManifest->config('aliases')
#4 /var/www/html/vendor/laravel/framework/src/Illuminate/Foundation/Bootstrap/RegisterFacades.php(26): Illuminate\\Foundation\\PackageManifest->aliases()
#5 /var/www/html/vendor/laravel/framework/src/Illuminate/Foundation/Application.php(237): Illuminate\\Foundation\\Bootstrap\\RegisterFacades->bootstrap(Object(Illuminate\\Foundation\\Application))
#6 /var/www/html/vendor/laravel/framework/src/Illuminate/Foundation/Console/Kernel.php(310): Illuminate\\Foundation\\Application->bootstrapWith(Array)
#7 /var/www/html/vendor/laravel/framework/src/Illuminate/Foundation/Console/Kernel.php(127): Illuminate\\Foundation\\Console\\Kernel->bootstrap()
#8 /var/www/html/artisan(14): Illuminate\\Foundation\\Console\\Kernel->handle(Object(Symfony\\Component\\Console\\Input\\ArgvInput), Object(Symfony\\Component\\Console\\Output\\ConsoleOutput))
#9 {main}
"} 
[2026-05-18 17:02:52] local.ERROR: Please provide a valid cache path. {"exception":"[object] (InvalidArgumentException(code: 0): Please provide a valid cache path. at /var/www/html/vendor/laravel/framework/src/Illuminate/View/Compilers/Compiler.php:36)
[stacktrace]
#0 /var/www/html/vendor/laravel/framework/src/Illuminate/View/ViewServiceProvider.php(88): Illuminate\\View\\Compilers\\Compiler->__construct(Object(Illuminate\\Filesystem\\Filesystem), NULL)
#1 /var/www/html/vendor/laravel/framework/src/Illuminate/Container/Container.php(873): Illuminate\\View\\ViewServiceProvider->Illuminate\\View\\{closure}(Object(Illuminate\\Foundation\\Application), Array)
#2 /var/www/html/vendor/laravel/framework/src/Illuminate/Container/Container.php(758): Illuminate\\Container\\Container->build(Object(Closure))
#3 /var/www/html/vendor/laravel/framework/src/Illuminate/Foundation/Application.php(853): Illuminate\\Container\\Container->resolve('blade.compiler', Array, true)
#4 /var/www/html/vendor/laravel/framework/src/Illuminate/Container/Container.php(694): Illuminate\\Foundation\\Application->resolve('blade.compiler', Array)
#5 /var/www/html/vendor/laravel/framework/src/Illuminate/Foundation/Application.php(838): Illuminate\\Container\\Container->make('blade.compiler', Array)
#6 /var/www/html/vendor/laravel/framework/src/Illuminate/Container/Container.php(1419): Illuminate\\Foundation\\Application->make('blade.compiler')
#7 /var/www/html/vendor/laravel/framework/src/Illuminate/View/ViewServiceProvider.php(150): Illuminate\\Container\\Container->offsetGet('blade.compiler')
#8 [internal function]: Illuminate\\View\\ViewServiceProvider->Illuminate\\View\\{closure}()
#9 /var/www/html/vendor/laravel/framework/src/Illuminate/View/Engines/EngineResolver.php(55): call_user_func(Object(Closure))
#10 /var/www/html/vendor/facade/ignition/src/IgnitionServiceProvider.php(467): Illuminate\\View\\Engines\\EngineResolver->resolve('blade')
#11 /var/www/html/vendor/facade/ignition/src/IgnitionServiceProvider.php(158): Facade\\Ignition\\IgnitionServiceProvider->hasCustomViewEnginesRegistered()
#12 /var/www/html/vendor/facade/ignition/src/IgnitionServiceProvider.php(101): Facade\\Ignition\\IgnitionServiceProvider->registerViewEngines()
#13 /var/www/html/vendor/laravel/framework/src/Illuminate/Container/BoundMethod.php(36): Facade\\Ignition\\IgnitionServiceProvider->boot()
#14 /var/www/html/vendor/laravel/framework/src/Illuminate/Container/Util.php(40): Illuminate\\Container\\BoundMethod::Illuminate\\Container\\{closure}()
#15 /var/www/html/vendor/laravel/framework/src/Illuminate/Container/BoundMethod.php(93): Illuminate\\Container\\Util::unwrapIfClosure(Object(Closure))
#16 /var/www/html/vendor/laravel/framework/src/Illuminate/Container/BoundMethod.php(37): Illuminate\\Container\\BoundMethod::callBoundMethod(Object(Illuminate\\Foundation\\Application), Array, Object(Closure))
#17 /var/www/html/vendor/laravel/framework/src/Illuminate/Container/Container.php(653): Illuminate\\Container\\BoundMethod::call(Object(Illuminate\\Foundation\\Application), Array, Array, NULL)
#18 /var/www/html/vendor/laravel/framework/src/Illuminate/Foundation/Application.php(926): Illuminate\\Container\\Container->call(Array)
#19 /var/www/html/vendor/laravel/framework/src/Illuminate/Foundation/Application.php(907): Illuminate\\Foundation\\Application->bootProvider(Object(Facade\\Ignition\\IgnitionServiceProvider))
#20 [internal function]: Illuminate\\Foundation\\Application->Illuminate\\Foundation\\{closure}(Object(Facade\\Ignition\\IgnitionServiceProvider), 15)
#21 /var/www/html/vendor/laravel/framework/src/Illuminate/Foundation/Application.php(908): array_walk(Array, Object(Closure))
#22 /var/www/html/vendor/laravel/framework/src/Illuminate/Foundation/Bootstrap/BootProviders.php(17): Illuminate\\Foundation\\Application->boot()
#23 /var/www/html/vendor/laravel/framework/src/Illuminate/Foundation/Application.php(237): Illuminate\\Foundation\\Bootstrap\\BootProviders->bootstrap(Object(Illuminate\\Foundation\\Application))
#24 /var/www/html/vendor/laravel/framework/src/Illuminate/Foundation/Console/Kernel.php(310): Illuminate\\Foundation\\Application->bootstrapWith(Array)
#25 /var/www/html/vendor/laravel/framework/src/Illuminate/Foundation/Console/Kernel.php(127): Illuminate\\Foundation\\Console\\Kernel->bootstrap()
#26 /var/www/html/artisan(14): Illuminate\\Foundation\\Console\\Kernel->handle(Object(Symfony\\Component\\Console\\Input\\ArgvInput), Object(Symfony\\Component\\Console\\Output\\ConsoleOutput))
#27 {main}
"} 
[2026-05-18 17:05:44] local.ERROR: Please provide a valid cache path. {"exception":"[object] (InvalidArgumentException(code: 0): Please provide a valid cache path. at /var/www/html/vendor/laravel/framework/src/Illuminate/View/Compilers/Compiler.php:36)
[stacktrace]
#0 /var/www/html/vendor/laravel/framework/src/Illuminate/View/ViewServiceProvider.php(88): Illuminate\\View\\Compilers\\Compiler->__construct(Object(Illuminate\\Filesystem\\Filesystem), NULL)
#1 /var/www/html/vendor/laravel/framework/src/Illuminate/Container/Container.php(873): Illuminate\\View\\ViewServiceProvider->Illuminate\\View\\{closure}(Object(Illuminate\\Foundation\\Application), Array)
#2 /var/www/html/vendor/laravel/framework/src/Illuminate/Container/Container.php(758): Illuminate\\Container\\Container->build(Object(Closure))
#3 /var/www/html/vendor/laravel/framework/src/Illuminate/Foundation/Application.php(853): Illuminate\\Container\\Container->resolve('blade.compiler', Array, true)
#4 /var/www/html/vendor/laravel/framework/src/Illuminate/Container/Container.php(694): Illuminate\\Foundation\\Application->resolve('blade.compiler', Array)
#5 /var/www/html/vendor/laravel/framework/src/Illuminate/Foundation/Application.php(838): Illuminate\\Container\\Container->make('blade.compiler', Array)
#6 /var/www/html/vendor/laravel/framework/src/Illuminate/Container/Container.php(1419): Illuminate\\Foundation\\Application->make('blade.compiler')
#7 /var/www/html/vendor/laravel/framework/src/Illuminate/View/ViewServiceProvider.php(150): Illuminate\\Container\\Container->offsetGet('blade.compiler')
#8 [internal function]: Illuminate\\View\\ViewServiceProvider->Illuminate\\View\\{closure}()
#9 /var/www/html/vendor/laravel/framework/src/Illuminate/View/Engines/EngineResolver.php(55): call_user_func(Object(Closure))
#10 /var/www/html/vendor/facade/ignition/src/IgnitionServiceProvider.php(467): Illuminate\\View\\Engines\\EngineResolver->resolve('blade')
#11 /var/www/html/vendor/facade/ignition/src/IgnitionServiceProvider.php(158): Facade\\Ignition\\IgnitionServiceProvider->hasCustomViewEnginesRegistered()
#12 /var/www/html/vendor/facade/ignition/src/IgnitionServiceProvider.php(101): Facade\\Ignition\\IgnitionServiceProvider->registerViewEngines()
#13 /var/www/html/vendor/laravel/framework/src/Illuminate/Container/BoundMethod.php(36): Facade\\Ignition\\IgnitionServiceProvider->boot()
#14 /var/www/html/vendor/laravel/framework/src/Illuminate/Container/Util.php(40): Illuminate\\Container\\BoundMethod::Illuminate\\Container\\{closure}()
#15 /var/www/html/vendor/laravel/framework/src/Illuminate/Container/BoundMethod.php(93): Illuminate\\Container\\Util::unwrapIfClosure(Object(Closure))
#16 /var/www/html/vendor/laravel/framework/src/Illuminate/Container/BoundMethod.php(37): Illuminate\\Container\\BoundMethod::callBoundMethod(Object(Illuminate\\Foundation\\Application), Array, Object(Closure))
#17 /var/www/html/vendor/laravel/framework/src/Illuminate/Container/Container.php(653): Illuminate\\Container\\BoundMethod::call(Object(Illuminate\\Foundation\\Application), Array, Array, NULL)
#18 /var/www/html/vendor/laravel/framework/src/Illuminate/Foundation/Application.php(926): Illuminate\\Container\\Container->call(Array)
#19 /var/www/html/vendor/laravel/framework/src/Illuminate/Foundation/Application.php(907): Illuminate\\Foundation\\Application->bootProvider(Object(Facade\\Ignition\\IgnitionServiceProvider))
#20 [internal function]: Illuminate\\Foundation\\Application->Illuminate\\Foundation\\{closure}(Object(Facade\\Ignition\\IgnitionServiceProvider), 15)
#21 /var/www/html/vendor/laravel/framework/src/Illuminate/Foundation/Application.php(908): array_walk(Array, Object(Closure))
#22 /var/www/html/vendor/laravel/framework/src/Illuminate/Foundation/Bootstrap/BootProviders.php(17): Illuminate\\Foundation\\Application->boot()
#23 /var/www/html/vendor/laravel/framework/src/Illuminate/Foundation/Application.php(237): Illuminate\\Foundation\\Bootstrap\\BootProviders->bootstrap(Object(Illuminate\\Foundation\\Application))
#24 /var/www/html/vendor/laravel/framework/src/Illuminate/Foundation/Console/Kernel.php(310): Illuminate\\Foundation\\Application->bootstrapWith(Array)
#25 /var/www/html/vendor/laravel/framework/src/Illuminate/Foundation/Console/Kernel.php(127): Illuminate\\Foundation\\Console\\Kernel->bootstrap()
#26 /var/www/html/artisan(14): Illuminate\\Foundation\\Console\\Kernel->handle(Object(Symfony\\Component\\Console\\Input\\ArgvInput), Object(Symfony\\Component\\Console\\Output\\ConsoleOutput))
#27 {main}
"} 
[2026-05-18 17:33:39] local.ERROR: Please provide a valid cache path. {"exception":"[object] (InvalidArgumentException(code: 0): Please provide a valid cache path. at /var/www/html/backend-legacy-laravel8/vendor/laravel/framework/src/Illuminate/View/Compilers/Compiler.php:36)
[stacktrace]
#0 /var/www/html/backend-legacy-laravel8/vendor/laravel/framework/src/Illuminate/View/ViewServiceProvider.php(88): Illuminate\\View\\Compilers\\Compiler->__construct(Object(Illuminate\\Filesystem\\Filesystem), NULL)
#1 /var/www/html/backend-legacy-laravel8/vendor/laravel/framework/src/Illuminate/Container/Container.php(873): Illuminate\\View\\ViewServiceProvider->Illuminate\\View\\{closure}(Object(Illuminate\\Foundation\\Application), Array)
#2 /var/www/html/backend-legacy-laravel8/vendor/laravel/framework/src/Illuminate/Container/Container.php(758): Illuminate\\Container\\Container->build(Object(Closure))
#3 /var/www/html/backend-legacy-laravel8/vendor/laravel/framework/src/Illuminate/Foundation/Application.php(853): Illuminate\\Container\\Container->resolve('blade.compiler', Array, true)
#4 /var/www/html/backend-legacy-laravel8/vendor/laravel/framework/src/Illuminate/Container/Container.php(694): Illuminate\\Foundation\\Application->resolve('blade.compiler', Array)
#5 /var/www/html/backend-legacy-laravel8/vendor/laravel/framework/src/Illuminate/Foundation/Application.php(838): Illuminate\\Container\\Container->make('blade.compiler', Array)
#6 /var/www/html/backend-legacy-laravel8/vendor/laravel/framework/src/Illuminate/Container/Container.php(1419): Illuminate\\Foundation\\Application->make('blade.compiler')
#7 /var/www/html/backend-legacy-laravel8/vendor/laravel/framework/src/Illuminate/View/ViewServiceProvider.php(150): Illuminate\\Container\\Container->offsetGet('blade.compiler')
#8 [internal function]: Illuminate\\View\\ViewServiceProvider->Illuminate\\View\\{closure}()
#9 /var/www/html/backend-legacy-laravel8/vendor/laravel/framework/src/Illuminate/View/Engines/EngineResolver.php(55): call_user_func(Object(Closure))
#10 /var/www/html/backend-legacy-laravel8/vendor/facade/ignition/src/IgnitionServiceProvider.php(467): Illuminate\\View\\Engines\\EngineResolver->resolve('blade')
#11 /var/www/html/backend-legacy-laravel8/vendor/facade/ignition/src/IgnitionServiceProvider.php(158): Facade\\Ignition\\IgnitionServiceProvider->hasCustomViewEnginesRegistered()
#12 /var/www/html/backend-legacy-laravel8/vendor/facade/ignition/src/IgnitionServiceProvider.php(101): Facade\\Ignition\\IgnitionServiceProvider->registerViewEngines()
#13 /var/www/html/backend-legacy-laravel8/vendor/laravel/framework/src/Illuminate/Container/BoundMethod.php(36): Facade\\Ignition\\IgnitionServiceProvider->boot()
#14 /var/www/html/backend-legacy-laravel8/vendor/laravel/framework/src/Illuminate/Container/Util.php(40): Illuminate\\Container\\BoundMethod::Illuminate\\Container\\{closure}()
#15 /var/www/html/backend-legacy-laravel8/vendor/laravel/framework/src/Illuminate/Container/BoundMethod.php(93): Illuminate\\Container\\Util::unwrapIfClosure(Object(Closure))
#16 /var/www/html/backend-legacy-laravel8/vendor/laravel/framework/src/Illuminate/Container/BoundMethod.php(37): Illuminate\\Container\\BoundMethod::callBoundMethod(Object(Illuminate\\Foundation\\Application), Array, Object(Closure))
#17 /var/www/html/backend-legacy-laravel8/vendor/laravel/framework/src/Illuminate/Container/Container.php(653): Illuminate\\Container\\BoundMethod::call(Object(Illuminate\\Foundation\\Application), Array, Array, NULL)
#18 /var/www/html/backend-legacy-laravel8/vendor/laravel/framework/src/Illuminate/Foundation/Application.php(926): Illuminate\\Container\\Container->call(Array)
#19 /var/www/html/backend-legacy-laravel8/vendor/laravel/framework/src/Illuminate/Foundation/Application.php(907): Illuminate\\Foundation\\Application->bootProvider(Object(Facade\\Ignition\\IgnitionServiceProvider))
#20 [internal function]: Illuminate\\Foundation\\Application->Illuminate\\Foundation\\{closure}(Object(Facade\\Ignition\\IgnitionServiceProvider), 15)
#21 /var/www/html/backend-legacy-laravel8/vendor/laravel/framework/src/Illuminate/Foundation/Application.php(908): array_walk(Array, Object(Closure))
#22 /var/www/html/backend-legacy-laravel8/vendor/laravel/framework/src/Illuminate/Foundation/Bootstrap/BootProviders.php(17): Illuminate\\Foundation\\Application->boot()
#23 /var/www/html/backend-legacy-laravel8/vendor/laravel/framework/src/Illuminate/Foundation/Application.php(237): Illuminate\\Foundation\\Bootstrap\\BootProviders->bootstrap(Object(Illuminate\\Foundation\\Application))
#24 /var/www/html/backend-legacy-laravel8/vendor/laravel/framework/src/Illuminate/Foundation/Http/Kernel.php(153): Illuminate\\Foundation\\Application->bootstrapWith(Array)
#25 /var/www/html/backend-legacy-laravel8/vendor/laravel/framework/src/Illuminate/Foundation/Http/Kernel.php(137): Illuminate\\Foundation\\Http\\Kernel->bootstrap()
#26 /var/www/html/backend-legacy-laravel8/vendor/laravel/framework/src/Illuminate/Foundation/Http/Kernel.php(111): Illuminate\\Foundation\\Http\\Kernel->sendRequestThroughRouter(Object(Illuminate\\Http\\Request))
#27 /var/www/html/backend-legacy-laravel8/public/index.php(12): Illuminate\\Foundation\\Http\\Kernel->handle(Object(Illuminate\\Http\\Request))
#28 {main}
"} 
[2026-05-18 17:33:40] local.ERROR: Please provide a valid cache path. {"exception":"[object] (InvalidArgumentException(code: 0): Please provide a valid cache path. at /var/www/html/backend-legacy-laravel8/vendor/laravel/framework/src/Illuminate/View/Compilers/Compiler.php:36)
[stacktrace]
#0 /var/www/html/backend-legacy-laravel8/vendor/laravel/framework/src/Illuminate/View/ViewServiceProvider.php(88): Illuminate\\View\\Compilers\\Compiler->__construct(Object(Illuminate\\Filesystem\\Filesystem), NULL)
#1 /var/www/html/backend-legacy-laravel8/vendor/laravel/framework/src/Illuminate/Container/Container.php(873): Illuminate\\View\\ViewServiceProvider->Illuminate\\View\\{closure}(Object(Illuminate\\Foundation\\Application), Array)
#2 /var/www/html/backend-legacy-laravel8/vendor/laravel/framework/src/Illuminate/Container/Container.php(758): Illuminate\\Container\\Container->build(Object(Closure))
#3 /var/www/html/backend-legacy-laravel8/vendor/laravel/framework/src/Illuminate/Foundation/Application.php(853): Illuminate\\Container\\Container->resolve('blade.compiler', Array, true)
#4 /var/www/html/backend-legacy-laravel8/vendor/laravel/framework/src/Illuminate/Container/Container.php(694): Illuminate\\Foundation\\Application->resolve('blade.compiler', Array)
#5 /var/www/html/backend-legacy-laravel8/vendor/laravel/framework/src/Illuminate/Foundation/Application.php(838): Illuminate\\Container\\Container->make('blade.compiler', Array)
#6 /var/www/html/backend-legacy-laravel8/vendor/laravel/framework/src/Illuminate/Container/Container.php(1419): Illuminate\\Foundation\\Application->make('blade.compiler')
#7 /var/www/html/backend-legacy-laravel8/vendor/laravel/framework/src/Illuminate/View/ViewServiceProvider.php(150): Illuminate\\Container\\Container->offsetGet('blade.compiler')
#8 [internal function]: Illuminate\\View\\ViewServiceProvider->Illuminate\\View\\{closure}()
#9 /var/www/html/backend-legacy-laravel8/vendor/laravel/framework/src/Illuminate/View/Engines/EngineResolver.php(55): call_user_func(Object(Closure))
#10 /var/www/html/backend-legacy-laravel8/vendor/facade/ignition/src/IgnitionServiceProvider.php(467): Illuminate\\View\\Engines\\EngineResolver->resolve('blade')
#11 /var/www/html/backend-legacy-laravel8/vendor/facade/ignition/src/IgnitionServiceProvider.php(158): Facade\\Ignition\\IgnitionServiceProvider->hasCustomViewEnginesRegistered()
#12 /var/www/html/backend-legacy-laravel8/vendor/facade/ignition/src/IgnitionServiceProvider.php(101): Facade\\Ignition\\IgnitionServiceProvider->registerViewEngines()
#13 /var/www/html/backend-legacy-laravel8/vendor/laravel/framework/src/Illuminate/Container/BoundMethod.php(36): Facade\\Ignition\\IgnitionServiceProvider->boot()
#14 /var/www/html/backend-legacy-laravel8/vendor/laravel/framework/src/Illuminate/Container/Util.php(40): Illuminate\\Container\\BoundMethod::Illuminate\\Container\\{closure}()
#15 /var/www/html/backend-legacy-laravel8/vendor/laravel/framework/src/Illuminate/Container/BoundMethod.php(93): Illuminate\\Container\\Util::unwrapIfClosure(Object(Closure))
#16 /var/www/html/backend-legacy-laravel8/vendor/laravel/framework/src/Illuminate/Container/BoundMethod.php(37): Illuminate\\Container\\BoundMethod::callBoundMethod(Object(Illuminate\\Foundation\\Application), Array, Object(Closure))
#17 /var/www/html/backend-legacy-laravel8/vendor/laravel/framework/src/Illuminate/Container/Container.php(653): Illuminate\\Container\\BoundMethod::call(Object(Illuminate\\Foundation\\Application), Array, Array, NULL)
#18 /var/www/html/backend-legacy-laravel8/vendor/laravel/framework/src/Illuminate/Foundation/Application.php(926): Illuminate\\Container\\Container->call(Array)
#19 /var/www/html/backend-legacy-laravel8/vendor/laravel/framework/src/Illuminate/Foundation/Application.php(907): Illuminate\\Foundation\\Application->bootProvider(Object(Facade\\Ignition\\IgnitionServiceProvider))
#20 [internal function]: Illuminate\\Foundation\\Application->Illuminate\\Foundation\\{closure}(Object(Facade\\Ignition\\IgnitionServiceProvider), 15)
#21 /var/www/html/backend-legacy-laravel8/vendor/laravel/framework/src/Illuminate/Foundation/Application.php(908): array_walk(Array, Object(Closure))
#22 /var/www/html/backend-legacy-laravel8/vendor/laravel/framework/src/Illuminate/Foundation/Bootstrap/BootProviders.php(17): Illuminate\\Foundation\\Application->boot()
#23 /var/www/html/backend-legacy-laravel8/vendor/laravel/framework/src/Illuminate/Foundation/Application.php(237): Illuminate\\Foundation\\Bootstrap\\BootProviders->bootstrap(Object(Illuminate\\Foundation\\Application))
#24 /var/www/html/backend-legacy-laravel8/vendor/laravel/framework/src/Illuminate/Foundation/Http/Kernel.php(153): Illuminate\\Foundation\\Application->bootstrapWith(Array)
#25 /var/www/html/backend-legacy-laravel8/vendor/laravel/framework/src/Illuminate/Foundation/Http/Kernel.php(137): Illuminate\\Foundation\\Http\\Kernel->bootstrap()
#26 /var/www/html/backend-legacy-laravel8/vendor/laravel/framework/src/Illuminate/Foundation/Http/Kernel.php(111): Illuminate\\Foundation\\Http\\Kernel->sendRequestThroughRouter(Object(Illuminate\\Http\\Request))
#27 /var/www/html/backend-legacy-laravel8/public/index.php(12): Illuminate\\Foundation\\Http\\Kernel->handle(Object(Illuminate\\Http\\Request))
#28 {main}
"} 
[2026-05-18 17:37:18] local.ERROR: Please provide a valid cache path. {"exception":"[object] (InvalidArgumentException(code: 0): Please provide a valid cache path. at /var/www/html/backend-legacy-laravel8/vendor/laravel/framework/src/Illuminate/View/Compilers/Compiler.php:36)
[stacktrace]
#0 /var/www/html/backend-legacy-laravel8/vendor/laravel/framework/src/Illuminate/View/ViewServiceProvider.php(88): Illuminate\\View\\Compilers\\Compiler->__construct(Object(Illuminate\\Filesystem\\Filesystem), NULL)
#1 /var/www/html/backend-legacy-laravel8/vendor/laravel/framework/src/Illuminate/Container/Container.php(873): Illuminate\\View\\ViewServiceProvider->Illuminate\\View\\{closure}(Object(Illuminate\\Foundation\\Application), Array)
#2 /var/www/html/backend-legacy-laravel8/vendor/laravel/framework/src/Illuminate/Container/Container.php(758): Illuminate\\Container\\Container->build(Object(Closure))
#3 /var/www/html/backend-legacy-laravel8/vendor/laravel/framework/src/Illuminate/Foundation/Application.php(853): Illuminate\\Container\\Container->resolve('blade.compiler', Array, true)
#4 /var/www/html/backend-legacy-laravel8/vendor/laravel/framework/src/Illuminate/Container/Container.php(694): Illuminate\\Foundation\\Application->resolve('blade.compiler', Array)
#5 /var/www/html/backend-legacy-laravel8/vendor/laravel/framework/src/Illuminate/Foundation/Application.php(838): Illuminate\\Container\\Container->make('blade.compiler', Array)
#6 /var/www/html/backend-legacy-laravel8/vendor/laravel/framework/src/Illuminate/Container/Container.php(1419): Illuminate\\Foundation\\Application->make('blade.compiler')
#7 /var/www/html/backend-legacy-laravel8/vendor/laravel/framework/src/Illuminate/View/ViewServiceProvider.php(150): Illuminate\\Container\\Container->offsetGet('blade.compiler')
#8 [internal function]: Illuminate\\View\\ViewServiceProvider->Illuminate\\View\\{closure}()
#9 /var/www/html/backend-legacy-laravel8/vendor/laravel/framework/src/Illuminate/View/Engines/EngineResolver.php(55): call_user_func(Object(Closure))
#10 /var/www/html/backend-legacy-laravel8/vendor/facade/ignition/src/IgnitionServiceProvider.php(467): Illuminate\\View\\Engines\\EngineResolver->resolve('blade')
#11 /var/www/html/backend-legacy-laravel8/vendor/facade/ignition/src/IgnitionServiceProvider.php(158): Facade\\Ignition\\IgnitionServiceProvider->hasCustomViewEnginesRegistered()
#12 /var/www/html/backend-legacy-laravel8/vendor/facade/ignition/src/IgnitionServiceProvider.php(101): Facade\\Ignition\\IgnitionServiceProvider->registerViewEngines()
#13 /var/www/html/backend-legacy-laravel8/vendor/laravel/framework/src/Illuminate/Container/BoundMethod.php(36): Facade\\Ignition\\IgnitionServiceProvider->boot()
#14 /var/www/html/backend-legacy-laravel8/vendor/laravel/framework/src/Illuminate/Container/Util.php(40): Illuminate\\Container\\BoundMethod::Illuminate\\Container\\{closure}()
#15 /var/www/html/backend-legacy-laravel8/vendor/laravel/framework/src/Illuminate/Container/BoundMethod.php(93): Illuminate\\Container\\Util::unwrapIfClosure(Object(Closure))
#16 /var/www/html/backend-legacy-laravel8/vendor/laravel/framework/src/Illuminate/Container/BoundMethod.php(37): Illuminate\\Container\\BoundMethod::callBoundMethod(Object(Illuminate\\Foundation\\Application), Array, Object(Closure))
#17 /var/www/html/backend-legacy-laravel8/vendor/laravel/framework/src/Illuminate/Container/Container.php(653): Illuminate\\Container\\BoundMethod::call(Object(Illuminate\\Foundation\\Application), Array, Array, NULL)
#18 /var/www/html/backend-legacy-laravel8/vendor/laravel/framework/src/Illuminate/Foundation/Application.php(926): Illuminate\\Container\\Container->call(Array)
#19 /var/www/html/backend-legacy-laravel8/vendor/laravel/framework/src/Illuminate/Foundation/Application.php(907): Illuminate\\Foundation\\Application->bootProvider(Object(Facade\\Ignition\\IgnitionServiceProvider))
#20 [internal function]: Illuminate\\Foundation\\Application->Illuminate\\Foundation\\{closure}(Object(Facade\\Ignition\\IgnitionServiceProvider), 15)
#21 /var/www/html/backend-legacy-laravel8/vendor/laravel/framework/src/Illuminate/Foundation/Application.php(908): array_walk(Array, Object(Closure))
#22 /var/www/html/backend-legacy-laravel8/vendor/laravel/framework/src/Illuminate/Foundation/Bootstrap/BootProviders.php(17): Illuminate\\Foundation\\Application->boot()
#23 /var/www/html/backend-legacy-laravel8/vendor/laravel/framework/src/Illuminate/Foundation/Application.php(237): Illuminate\\Foundation\\Bootstrap\\BootProviders->bootstrap(Object(Illuminate\\Foundation\\Application))
#24 /var/www/html/backend-legacy-laravel8/vendor/laravel/framework/src/Illuminate/Foundation/Http/Kernel.php(153): Illuminate\\Foundation\\Application->bootstrapWith(Array)
#25 /var/www/html/backend-legacy-laravel8/vendor/laravel/framework/src/Illuminate/Foundation/Http/Kernel.php(137): Illuminate\\Foundation\\Http\\Kernel->bootstrap()
#26 /var/www/html/backend-legacy-laravel8/vendor/laravel/framework/src/Illuminate/Foundation/Http/Kernel.php(111): Illuminate\\Foundation\\Http\\Kernel->sendRequestThroughRouter(Object(Illuminate\\Http\\Request))
#27 /var/www/html/backend-legacy-laravel8/public/index.php(12): Illuminate\\Foundation\\Http\\Kernel->handle(Object(Illuminate\\Http\\Request))
#28 {main}
"} 
[2026-05-18 17:37:19] local.ERROR: Please provide a valid cache path. {"exception":"[object] (InvalidArgumentException(code: 0): Please provide a valid cache path. at /var/www/html/backend-legacy-laravel8/vendor/laravel/framework/src/Illuminate/View/Compilers/Compiler.php:36)
[stacktrace]
#0 /var/www/html/backend-legacy-laravel8/vendor/laravel/framework/src/Illuminate/View/ViewServiceProvider.php(88): Illuminate\\View\\Compilers\\Compiler->__construct(Object(Illuminate\\Filesystem\\Filesystem), NULL)
#1 /var/www/html/backend-legacy-laravel8/vendor/laravel/framework/src/Illuminate/Container/Container.php(873): Illuminate\\View\\ViewServiceProvider->Illuminate\\View\\{closure}(Object(Illuminate\\Foundation\\Application), Array)
#2 /var/www/html/backend-legacy-laravel8/vendor/laravel/framework/src/Illuminate/Container/Container.php(758): Illuminate\\Container\\Container->build(Object(Closure))
#3 /var/www/html/backend-legacy-laravel8/vendor/laravel/framework/src/Illuminate/Foundation/Application.php(853): Illuminate\\Container\\Container->resolve('blade.compiler', Array, true)
#4 /var/www/html/backend-legacy-laravel8/vendor/laravel/framework/src/Illuminate/Container/Container.php(694): Illuminate\\Foundation\\Application->resolve('blade.compiler', Array)
#5 /var/www/html/backend-legacy-laravel8/vendor/laravel/framework/src/Illuminate/Foundation/Application.php(838): Illuminate\\Container\\Container->make('blade.compiler', Array)
#6 /var/www/html/backend-legacy-laravel8/vendor/laravel/framework/src/Illuminate/Container/Container.php(1419): Illuminate\\Foundation\\Application->make('blade.compiler')
#7 /var/www/html/backend-legacy-laravel8/vendor/laravel/framework/src/Illuminate/View/ViewServiceProvider.php(150): Illuminate\\Container\\Container->offsetGet('blade.compiler')
#8 [internal function]: Illuminate\\View\\ViewServiceProvider->Illuminate\\View\\{closure}()
#9 /var/www/html/backend-legacy-laravel8/vendor/laravel/framework/src/Illuminate/View/Engines/EngineResolver.php(55): call_user_func(Object(Closure))
#10 /var/www/html/backend-legacy-laravel8/vendor/facade/ignition/src/IgnitionServiceProvider.php(467): Illuminate\\View\\Engines\\EngineResolver->resolve('blade')
#11 /var/www/html/backend-legacy-laravel8/vendor/facade/ignition/src/IgnitionServiceProvider.php(158): Facade\\Ignition\\IgnitionServiceProvider->hasCustomViewEnginesRegistered()
#12 /var/www/html/backend-legacy-laravel8/vendor/facade/ignition/src/IgnitionServiceProvider.php(101): Facade\\Ignition\\IgnitionServiceProvider->registerViewEngines()
#13 /var/www/html/backend-legacy-laravel8/vendor/laravel/framework/src/Illuminate/Container/BoundMethod.php(36): Facade\\Ignition\\IgnitionServiceProvider->boot()
#14 /var/www/html/backend-legacy-laravel8/vendor/laravel/framework/src/Illuminate/Container/Util.php(40): Illuminate\\Container\\BoundMethod::Illuminate\\Container\\{closure}()
#15 /var/www/html/backend-legacy-laravel8/vendor/laravel/framework/src/Illuminate/Container/BoundMethod.php(93): Illuminate\\Container\\Util::unwrapIfClosure(Object(Closure))
#16 /var/www/html/backend-legacy-laravel8/vendor/laravel/framework/src/Illuminate/Container/BoundMethod.php(37): Illuminate\\Container\\BoundMethod::callBoundMethod(Object(Illuminate\\Foundation\\Application), Array, Object(Closure))
#17 /var/www/html/backend-legacy-laravel8/vendor/laravel/framework/src/Illuminate/Container/Container.php(653): Illuminate\\Container\\BoundMethod::call(Object(Illuminate\\Foundation\\Application), Array, Array, NULL)
#18 /var/www/html/backend-legacy-laravel8/vendor/laravel/framework/src/Illuminate/Foundation/Application.php(926): Illuminate\\Container\\Container->call(Array)
#19 /var/www/html/backend-legacy-laravel8/vendor/laravel/framework/src/Illuminate/Foundation/Application.php(907): Illuminate\\Foundation\\Application->bootProvider(Object(Facade\\Ignition\\IgnitionServiceProvider))
#20 [internal function]: Illuminate\\Foundation\\Application->Illuminate\\Foundation\\{closure}(Object(Facade\\Ignition\\IgnitionServiceProvider), 15)
#21 /var/www/html/backend-legacy-laravel8/vendor/laravel/framework/src/Illuminate/Foundation/Application.php(908): array_walk(Array, Object(Closure))
#22 /var/www/html/backend-legacy-laravel8/vendor/laravel/framework/src/Illuminate/Foundation/Bootstrap/BootProviders.php(17): Illuminate\\Foundation\\Application->boot()
#23 /var/www/html/backend-legacy-laravel8/vendor/laravel/framework/src/Illuminate/Foundation/Application.php(237): Illuminate\\Foundation\\Bootstrap\\BootProviders->bootstrap(Object(Illuminate\\Foundation\\Application))
#24 /var/www/html/backend-legacy-laravel8/vendor/laravel/framework/src/Illuminate/Foundation/Http/Kernel.php(153): Illuminate\\Foundation\\Application->bootstrapWith(Array)
#25 /var/www/html/backend-legacy-laravel8/vendor/laravel/framework/src/Illuminate/Foundation/Http/Kernel.php(137): Illuminate\\Foundation\\Http\\Kernel->bootstrap()
#26 /var/www/html/backend-legacy-laravel8/vendor/laravel/framework/src/Illuminate/Foundation/Http/Kernel.php(111): Illuminate\\Foundation\\Http\\Kernel->sendRequestThroughRouter(Object(Illuminate\\Http\\Request))
#27 /var/www/html/backend-legacy-laravel8/public/index.php(12): Illuminate\\Foundation\\Http\\Kernel->handle(Object(Illuminate\\Http\\Request))
#28 {main}
"} 
[2026-05-18 17:37:25] local.ERROR: Please provide a valid cache path. {"exception":"[object] (InvalidArgumentException(code: 0): Please provide a valid cache path. at /var/www/html/backend-legacy-laravel8/vendor/laravel/framework/src/Illuminate/View/Compilers/Compiler.php:36)
[stacktrace]
#0 /var/www/html/backend-legacy-laravel8/vendor/laravel/framework/src/Illuminate/View/ViewServiceProvider.php(88): Illuminate\\View\\Compilers\\Compiler->__construct(Object(Illuminate\\Filesystem\\Filesystem), NULL)
#1 /var/www/html/backend-legacy-laravel8/vendor/laravel/framework/src/Illuminate/Container/Container.php(873): Illuminate\\View\\ViewServiceProvider->Illuminate\\View\\{closure}(Object(Illuminate\\Foundation\\Application), Array)
#2 /var/www/html/backend-legacy-laravel8/vendor/laravel/framework/src/Illuminate/Container/Container.php(758): Illuminate\\Container\\Container->build(Object(Closure))
#3 /var/www/html/backend-legacy-laravel8/vendor/laravel/framework/src/Illuminate/Foundation/Application.php(853): Illuminate\\Container\\Container->resolve('blade.compiler', Array, true)
#4 /var/www/html/backend-legacy-laravel8/vendor/laravel/framework/src/Illuminate/Container/Container.php(694): Illuminate\\Foundation\\Application->resolve('blade.compiler', Array)
#5 /var/www/html/backend-legacy-laravel8/vendor/laravel/framework/src/Illuminate/Foundation/Application.php(838): Illuminate\\Container\\Container->make('blade.compiler', Array)
#6 /var/www/html/backend-legacy-laravel8/vendor/laravel/framework/src/Illuminate/Container/Container.php(1419): Illuminate\\Foundation\\Application->make('blade.compiler')
#7 /var/www/html/backend-legacy-laravel8/vendor/laravel/framework/src/Illuminate/View/ViewServiceProvider.php(150): Illuminate\\Container\\Container->offsetGet('blade.compiler')
#8 [internal function]: Illuminate\\View\\ViewServiceProvider->Illuminate\\View\\{closure}()
#9 /var/www/html/backend-legacy-laravel8/vendor/laravel/framework/src/Illuminate/View/Engines/EngineResolver.php(55): call_user_func(Object(Closure))
#10 /var/www/html/backend-legacy-laravel8/vendor/facade/ignition/src/IgnitionServiceProvider.php(467): Illuminate\\View\\Engines\\EngineResolver->resolve('blade')
#11 /var/www/html/backend-legacy-laravel8/vendor/facade/ignition/src/IgnitionServiceProvider.php(158): Facade\\Ignition\\IgnitionServiceProvider->hasCustomViewEnginesRegistered()
#12 /var/www/html/backend-legacy-laravel8/vendor/facade/ignition/src/IgnitionServiceProvider.php(101): Facade\\Ignition\\IgnitionServiceProvider->registerViewEngines()
#13 /var/www/html/backend-legacy-laravel8/vendor/laravel/framework/src/Illuminate/Container/BoundMethod.php(36): Facade\\Ignition\\IgnitionServiceProvider->boot()
#14 /var/www/html/backend-legacy-laravel8/vendor/laravel/framework/src/Illuminate/Container/Util.php(40): Illuminate\\Container\\BoundMethod::Illuminate\\Container\\{closure}()
#15 /var/www/html/backend-legacy-laravel8/vendor/laravel/framework/src/Illuminate/Container/BoundMethod.php(93): Illuminate\\Container\\Util::unwrapIfClosure(Object(Closure))
#16 /var/www/html/backend-legacy-laravel8/vendor/laravel/framework/src/Illuminate/Container/BoundMethod.php(37): Illuminate\\Container\\BoundMethod::callBoundMethod(Object(Illuminate\\Foundation\\Application), Array, Object(Closure))
#17 /var/www/html/backend-legacy-laravel8/vendor/laravel/framework/src/Illuminate/Container/Container.php(653): Illuminate\\Container\\BoundMethod::call(Object(Illuminate\\Foundation\\Application), Array, Array, NULL)
#18 /var/www/html/backend-legacy-laravel8/vendor/laravel/framework/src/Illuminate/Foundation/Application.php(926): Illuminate\\Container\\Container->call(Array)
#19 /var/www/html/backend-legacy-laravel8/vendor/laravel/framework/src/Illuminate/Foundation/Application.php(907): Illuminate\\Foundation\\Application->bootProvider(Object(Facade\\Ignition\\IgnitionServiceProvider))
#20 [internal function]: Illuminate\\Foundation\\Application->Illuminate\\Foundation\\{closure}(Object(Facade\\Ignition\\IgnitionServiceProvider), 15)
#21 /var/www/html/backend-legacy-laravel8/vendor/laravel/framework/src/Illuminate/Foundation/Application.php(908): array_walk(Array, Object(Closure))
#22 /var/www/html/backend-legacy-laravel8/vendor/laravel/framework/src/Illuminate/Foundation/Bootstrap/BootProviders.php(17): Illuminate\\Foundation\\Application->boot()
#23 /var/www/html/backend-legacy-laravel8/vendor/laravel/framework/src/Illuminate/Foundation/Application.php(237): Illuminate\\Foundation\\Bootstrap\\BootProviders->bootstrap(Object(Illuminate\\Foundation\\Application))
#24 /var/www/html/backend-legacy-laravel8/vendor/laravel/framework/src/Illuminate/Foundation/Http/Kernel.php(153): Illuminate\\Foundation\\Application->bootstrapWith(Array)
#25 /var/www/html/backend-legacy-laravel8/vendor/laravel/framework/src/Illuminate/Foundation/Http/Kernel.php(137): Illuminate\\Foundation\\Http\\Kernel->bootstrap()
#26 /var/www/html/backend-legacy-laravel8/vendor/laravel/framework/src/Illuminate/Foundation/Http/Kernel.php(111): Illuminate\\Foundation\\Http\\Kernel->sendRequestThroughRouter(Object(Illuminate\\Http\\Request))
#27 /var/www/html/backend-legacy-laravel8/public/index.php(12): Illuminate\\Foundation\\Http\\Kernel->handle(Object(Illuminate\\Http\\Request))
#28 {main}
"} 
[2026-05-18 17:37:25] local.ERROR: Please provide a valid cache path. {"exception":"[object] (InvalidArgumentException(code: 0): Please provide a valid cache path. at /var/www/html/backend-legacy-laravel8/vendor/laravel/framework/src/Illuminate/View/Compilers/Compiler.php:36)
[stacktrace]
#0 /var/www/html/backend-legacy-laravel8/vendor/laravel/framework/src/Illuminate/View/ViewServiceProvider.php(88): Illuminate\\View\\Compilers\\Compiler->__construct(Object(Illuminate\\Filesystem\\Filesystem), NULL)
#1 /var/www/html/backend-legacy-laravel8/vendor/laravel/framework/src/Illuminate/Container/Container.php(873): Illuminate\\View\\ViewServiceProvider->Illuminate\\View\\{closure}(Object(Illuminate\\Foundation\\Application), Array)
#2 /var/www/html/backend-legacy-laravel8/vendor/laravel/framework/src/Illuminate/Container/Container.php(758): Illuminate\\Container\\Container->build(Object(Closure))
#3 /var/www/html/backend-legacy-laravel8/vendor/laravel/framework/src/Illuminate/Foundation/Application.php(853): Illuminate\\Container\\Container->resolve('blade.compiler', Array, true)
#4 /var/www/html/backend-legacy-laravel8/vendor/laravel/framework/src/Illuminate/Container/Container.php(694): Illuminate\\Foundation\\Application->resolve('blade.compiler', Array)
#5 /var/www/html/backend-legacy-laravel8/vendor/laravel/framework/src/Illuminate/Foundation/Application.php(838): Illuminate\\Container\\Container->make('blade.compiler', Array)
#6 /var/www/html/backend-legacy-laravel8/vendor/laravel/framework/src/Illuminate/Container/Container.php(1419): Illuminate\\Foundation\\Application->make('blade.compiler')
#7 /var/www/html/backend-legacy-laravel8/vendor/laravel/framework/src/Illuminate/View/ViewServiceProvider.php(150): Illuminate\\Container\\Container->offsetGet('blade.compiler')
#8 [internal function]: Illuminate\\View\\ViewServiceProvider->Illuminate\\View\\{closure}()
#9 /var/www/html/backend-legacy-laravel8/vendor/laravel/framework/src/Illuminate/View/Engines/EngineResolver.php(55): call_user_func(Object(Closure))
#10 /var/www/html/backend-legacy-laravel8/vendor/facade/ignition/src/IgnitionServiceProvider.php(467): Illuminate\\View\\Engines\\EngineResolver->resolve('blade')
#11 /var/www/html/backend-legacy-laravel8/vendor/facade/ignition/src/IgnitionServiceProvider.php(158): Facade\\Ignition\\IgnitionServiceProvider->hasCustomViewEnginesRegistered()
#12 /var/www/html/backend-legacy-laravel8/vendor/facade/ignition/src/IgnitionServiceProvider.php(101): Facade\\Ignition\\IgnitionServiceProvider->registerViewEngines()
#13 /var/www/html/backend-legacy-laravel8/vendor/laravel/framework/src/Illuminate/Container/BoundMethod.php(36): Facade\\Ignition\\IgnitionServiceProvider->boot()
#14 /var/www/html/backend-legacy-laravel8/vendor/laravel/framework/src/Illuminate/Container/Util.php(40): Illuminate\\Container\\BoundMethod::Illuminate\\Container\\{closure}()
#15 /var/www/html/backend-legacy-laravel8/vendor/laravel/framework/src/Illuminate/Container/BoundMethod.php(93): Illuminate\\Container\\Util::unwrapIfClosure(Object(Closure))
#16 /var/www/html/backend-legacy-laravel8/vendor/laravel/framework/src/Illuminate/Container/BoundMethod.php(37): Illuminate\\Container\\BoundMethod::callBoundMethod(Object(Illuminate\\Foundation\\Application), Array, Object(Closure))
#17 /var/www/html/backend-legacy-laravel8/vendor/laravel/framework/src/Illuminate/Container/Container.php(653): Illuminate\\Container\\BoundMethod::call(Object(Illuminate\\Foundation\\Application), Array, Array, NULL)
#18 /var/www/html/backend-legacy-laravel8/vendor/laravel/framework/src/Illuminate/Foundation/Application.php(926): Illuminate\\Container\\Container->call(Array)
#19 /var/www/html/backend-legacy-laravel8/vendor/laravel/framework/src/Illuminate/Foundation/Application.php(907): Illuminate\\Foundation\\Application->bootProvider(Object(Facade\\Ignition\\IgnitionServiceProvider))
#20 [internal function]: Illuminate\\Foundation\\Application->Illuminate\\Foundation\\{closure}(Object(Facade\\Ignition\\IgnitionServiceProvider), 15)
#21 /var/www/html/backend-legacy-laravel8/vendor/laravel/framework/src/Illuminate/Foundation/Application.php(908): array_walk(Array, Object(Closure))
#22 /var/www/html/backend-legacy-laravel8/vendor/laravel/framework/src/Illuminate/Foundation/Bootstrap/BootProviders.php(17): Illuminate\\Foundation\\Application->boot()
#23 /var/www/html/backend-legacy-laravel8/vendor/laravel/framework/src/Illuminate/Foundation/Application.php(237): Illuminate\\Foundation\\Bootstrap\\BootProviders->bootstrap(Object(Illuminate\\Foundation\\Application))
#24 /var/www/html/backend-legacy-laravel8/vendor/laravel/framework/src/Illuminate/Foundation/Http/Kernel.php(153): Illuminate\\Foundation\\Application->bootstrapWith(Array)
#25 /var/www/html/backend-legacy-laravel8/vendor/laravel/framework/src/Illuminate/Foundation/Http/Kernel.php(137): Illuminate\\Foundation\\Http\\Kernel->bootstrap()
#26 /var/www/html/backend-legacy-laravel8/vendor/laravel/framework/src/Illuminate/Foundation/Http/Kernel.php(111): Illuminate\\Foundation\\Http\\Kernel->sendRequestThroughRouter(Object(Illuminate\\Http\\Request))
#27 /var/www/html/backend-legacy-laravel8/public/index.php(12): Illuminate\\Foundation\\Http\\Kernel->handle(Object(Illuminate\\Http\\Request))
#28 {main}
"} 
[2026-05-18 17:39:29] local.ERROR: Please provide a valid cache path. {"exception":"[object] (InvalidArgumentException(code: 0): Please provide a valid cache path. at /var/www/html/backend-legacy-laravel8/vendor/laravel/framework/src/Illuminate/View/Compilers/Compiler.php:36)
[stacktrace]
#0 /var/www/html/backend-legacy-laravel8/vendor/laravel/framework/src/Illuminate/View/ViewServiceProvider.php(88): Illuminate\\View\\Compilers\\Compiler->__construct(Object(Illuminate\\Filesystem\\Filesystem), NULL)
#1 /var/www/html/backend-legacy-laravel8/vendor/laravel/framework/src/Illuminate/Container/Container.php(873): Illuminate\\View\\ViewServiceProvider->Illuminate\\View\\{closure}(Object(Illuminate\\Foundation\\Application), Array)
#2 /var/www/html/backend-legacy-laravel8/vendor/laravel/framework/src/Illuminate/Container/Container.php(758): Illuminate\\Container\\Container->build(Object(Closure))
#3 /var/www/html/backend-legacy-laravel8/vendor/laravel/framework/src/Illuminate/Foundation/Application.php(853): Illuminate\\Container\\Container->resolve('blade.compiler', Array, true)
#4 /var/www/html/backend-legacy-laravel8/vendor/laravel/framework/src/Illuminate/Container/Container.php(694): Illuminate\\Foundation\\Application->resolve('blade.compiler', Array)
#5 /var/www/html/backend-legacy-laravel8/vendor/laravel/framework/src/Illuminate/Foundation/Application.php(838): Illuminate\\Container\\Container->make('blade.compiler', Array)
#6 /var/www/html/backend-legacy-laravel8/vendor/laravel/framework/src/Illuminate/Container/Container.php(1419): Illuminate\\Foundation\\Application->make('blade.compiler')
#7 /var/www/html/backend-legacy-laravel8/vendor/laravel/framework/src/Illuminate/View/ViewServiceProvider.php(150): Illuminate\\Container\\Container->offsetGet('blade.compiler')
#8 [internal function]: Illuminate\\View\\ViewServiceProvider->Illuminate\\View\\{closure}()
#9 /var/www/html/backend-legacy-laravel8/vendor/laravel/framework/src/Illuminate/View/Engines/EngineResolver.php(55): call_user_func(Object(Closure))
#10 /var/www/html/backend-legacy-laravel8/vendor/facade/ignition/src/IgnitionServiceProvider.php(467): Illuminate\\View\\Engines\\EngineResolver->resolve('blade')
#11 /var/www/html/backend-legacy-laravel8/vendor/facade/ignition/src/IgnitionServiceProvider.php(158): Facade\\Ignition\\IgnitionServiceProvider->hasCustomViewEnginesRegistered()
#12 /var/www/html/backend-legacy-laravel8/vendor/facade/ignition/src/IgnitionServiceProvider.php(101): Facade\\Ignition\\IgnitionServiceProvider->registerViewEngines()
#13 /var/www/html/backend-legacy-laravel8/vendor/laravel/framework/src/Illuminate/Container/BoundMethod.php(36): Facade\\Ignition\\IgnitionServiceProvider->boot()
#14 /var/www/html/backend-legacy-laravel8/vendor/laravel/framework/src/Illuminate/Container/Util.php(40): Illuminate\\Container\\BoundMethod::Illuminate\\Container\\{closure}()
#15 /var/www/html/backend-legacy-laravel8/vendor/laravel/framework/src/Illuminate/Container/BoundMethod.php(93): Illuminate\\Container\\Util::unwrapIfClosure(Object(Closure))
#16 /var/www/html/backend-legacy-laravel8/vendor/laravel/framework/src/Illuminate/Container/BoundMethod.php(37): Illuminate\\Container\\BoundMethod::callBoundMethod(Object(Illuminate\\Foundation\\Application), Array, Object(Closure))
#17 /var/www/html/backend-legacy-laravel8/vendor/laravel/framework/src/Illuminate/Container/Container.php(653): Illuminate\\Container\\BoundMethod::call(Object(Illuminate\\Foundation\\Application), Array, Array, NULL)
#18 /var/www/html/backend-legacy-laravel8/vendor/laravel/framework/src/Illuminate/Foundation/Application.php(926): Illuminate\\Container\\Container->call(Array)
#19 /var/www/html/backend-legacy-laravel8/vendor/laravel/framework/src/Illuminate/Foundation/Application.php(907): Illuminate\\Foundation\\Application->bootProvider(Object(Facade\\Ignition\\IgnitionServiceProvider))
#20 [internal function]: Illuminate\\Foundation\\Application->Illuminate\\Foundation\\{closure}(Object(Facade\\Ignition\\IgnitionServiceProvider), 15)
#21 /var/www/html/backend-legacy-laravel8/vendor/laravel/framework/src/Illuminate/Foundation/Application.php(908): array_walk(Array, Object(Closure))
#22 /var/www/html/backend-legacy-laravel8/vendor/laravel/framework/src/Illuminate/Foundation/Bootstrap/BootProviders.php(17): Illuminate\\Foundation\\Application->boot()
#23 /var/www/html/backend-legacy-laravel8/vendor/laravel/framework/src/Illuminate/Foundation/Application.php(237): Illuminate\\Foundation\\Bootstrap\\BootProviders->bootstrap(Object(Illuminate\\Foundation\\Application))
#24 /var/www/html/backend-legacy-laravel8/vendor/laravel/framework/src/Illuminate/Foundation/Http/Kernel.php(153): Illuminate\\Foundation\\Application->bootstrapWith(Array)
#25 /var/www/html/backend-legacy-laravel8/vendor/laravel/framework/src/Illuminate/Foundation/Http/Kernel.php(137): Illuminate\\Foundation\\Http\\Kernel->bootstrap()
#26 /var/www/html/backend-legacy-laravel8/vendor/laravel/framework/src/Illuminate/Foundation/Http/Kernel.php(111): Illuminate\\Foundation\\Http\\Kernel->sendRequestThroughRouter(Object(Illuminate\\Http\\Request))
#27 /var/www/html/backend-legacy-laravel8/public/index.php(12): Illuminate\\Foundation\\Http\\Kernel->handle(Object(Illuminate\\Http\\Request))
#28 {main}
"} 
[2026-05-18 17:39:30] local.ERROR: Please provide a valid cache path. {"exception":"[object] (InvalidArgumentException(code: 0): Please provide a valid cache path. at /var/www/html/backend-legacy-laravel8/vendor/laravel/framework/src/Illuminate/View/Compilers/Compiler.php:36)
[stacktrace]
#0 /var/www/html/backend-legacy-laravel8/vendor/laravel/framework/src/Illuminate/View/ViewServiceProvider.php(88): Illuminate\\View\\Compilers\\Compiler->__construct(Object(Illuminate\\Filesystem\\Filesystem), NULL)
#1 /var/www/html/backend-legacy-laravel8/vendor/laravel/framework/src/Illuminate/Container/Container.php(873): Illuminate\\View\\ViewServiceProvider->Illuminate\\View\\{closure}(Object(Illuminate\\Foundation\\Application), Array)
#2 /var/www/html/backend-legacy-laravel8/vendor/laravel/framework/src/Illuminate/Container/Container.php(758): Illuminate\\Container\\Container->build(Object(Closure))
#3 /var/www/html/backend-legacy-laravel8/vendor/laravel/framework/src/Illuminate/Foundation/Application.php(853): Illuminate\\Container\\Container->resolve('blade.compiler', Array, true)
#4 /var/www/html/backend-legacy-laravel8/vendor/laravel/framework/src/Illuminate/Container/Container.php(694): Illuminate\\Foundation\\Application->resolve('blade.compiler', Array)
#5 /var/www/html/backend-legacy-laravel8/vendor/laravel/framework/src/Illuminate/Foundation/Application.php(838): Illuminate\\Container\\Container->make('blade.compiler', Array)
#6 /var/www/html/backend-legacy-laravel8/vendor/laravel/framework/src/Illuminate/Container/Container.php(1419): Illuminate\\Foundation\\Application->make('blade.compiler')
#7 /var/www/html/backend-legacy-laravel8/vendor/laravel/framework/src/Illuminate/View/ViewServiceProvider.php(150): Illuminate\\Container\\Container->offsetGet('blade.compiler')
#8 [internal function]: Illuminate\\View\\ViewServiceProvider->Illuminate\\View\\{closure}()
#9 /var/www/html/backend-legacy-laravel8/vendor/laravel/framework/src/Illuminate/View/Engines/EngineResolver.php(55): call_user_func(Object(Closure))
#10 /var/www/html/backend-legacy-laravel8/vendor/facade/ignition/src/IgnitionServiceProvider.php(467): Illuminate\\View\\Engines\\EngineResolver->resolve('blade')
#11 /var/www/html/backend-legacy-laravel8/vendor/facade/ignition/src/IgnitionServiceProvider.php(158): Facade\\Ignition\\IgnitionServiceProvider->hasCustomViewEnginesRegistered()
#12 /var/www/html/backend-legacy-laravel8/vendor/facade/ignition/src/IgnitionServiceProvider.php(101): Facade\\Ignition\\IgnitionServiceProvider->registerViewEngines()
#13 /var/www/html/backend-legacy-laravel8/vendor/laravel/framework/src/Illuminate/Container/BoundMethod.php(36): Facade\\Ignition\\IgnitionServiceProvider->boot()
#14 /var/www/html/backend-legacy-laravel8/vendor/laravel/framework/src/Illuminate/Container/Util.php(40): Illuminate\\Container\\BoundMethod::Illuminate\\Container\\{closure}()
#15 /var/www/html/backend-legacy-laravel8/vendor/laravel/framework/src/Illuminate/Container/BoundMethod.php(93): Illuminate\\Container\\Util::unwrapIfClosure(Object(Closure))
#16 /var/www/html/backend-legacy-laravel8/vendor/laravel/framework/src/Illuminate/Container/BoundMethod.php(37): Illuminate\\Container\\BoundMethod::callBoundMethod(Object(Illuminate\\Foundation\\Application), Array, Object(Closure))
#17 /var/www/html/backend-legacy-laravel8/vendor/laravel/framework/src/Illuminate/Container/Container.php(653): Illuminate\\Container\\BoundMethod::call(Object(Illuminate\\Foundation\\Application), Array, Array, NULL)
#18 /var/www/html/backend-legacy-laravel8/vendor/laravel/framework/src/Illuminate/Foundation/Application.php(926): Illuminate\\Container\\Container->call(Array)
#19 /var/www/html/backend-legacy-laravel8/vendor/laravel/framework/src/Illuminate/Foundation/Application.php(907): Illuminate\\Foundation\\Application->bootProvider(Object(Facade\\Ignition\\IgnitionServiceProvider))
#20 [internal function]: Illuminate\\Foundation\\Application->Illuminate\\Foundation\\{closure}(Object(Facade\\Ignition\\IgnitionServiceProvider), 15)
#21 /var/www/html/backend-legacy-laravel8/vendor/laravel/framework/src/Illuminate/Foundation/Application.php(908): array_walk(Array, Object(Closure))
#22 /var/www/html/backend-legacy-laravel8/vendor/laravel/framework/src/Illuminate/Foundation/Bootstrap/BootProviders.php(17): Illuminate\\Foundation\\Application->boot()
#23 /var/www/html/backend-legacy-laravel8/vendor/laravel/framework/src/Illuminate/Foundation/Application.php(237): Illuminate\\Foundation\\Bootstrap\\BootProviders->bootstrap(Object(Illuminate\\Foundation\\Application))
#24 /var/www/html/backend-legacy-laravel8/vendor/laravel/framework/src/Illuminate/Foundation/Http/Kernel.php(153): Illuminate\\Foundation\\Application->bootstrapWith(Array)
#25 /var/www/html/backend-legacy-laravel8/vendor/laravel/framework/src/Illuminate/Foundation/Http/Kernel.php(137): Illuminate\\Foundation\\Http\\Kernel->bootstrap()
#26 /var/www/html/backend-legacy-laravel8/vendor/laravel/framework/src/Illuminate/Foundation/Http/Kernel.php(111): Illuminate\\Foundation\\Http\\Kernel->sendRequestThroughRouter(Object(Illuminate\\Http\\Request))
#27 /var/www/html/backend-legacy-laravel8/public/index.php(12): Illuminate\\Foundation\\Http\\Kernel->handle(Object(Illuminate\\Http\\Request))
#28 {main}
"} 
[2026-05-18 17:41:38] local.ERROR: Please provide a valid cache path. {"exception":"[object] (InvalidArgumentException(code: 0): Please provide a valid cache path. at /var/www/html/backend-legacy-laravel8/vendor/laravel/framework/src/Illuminate/View/Compilers/Compiler.php:36)
[stacktrace]
#0 /var/www/html/backend-legacy-laravel8/vendor/laravel/framework/src/Illuminate/View/ViewServiceProvider.php(88): Illuminate\\View\\Compilers\\Compiler->__construct(Object(Illuminate\\Filesystem\\Filesystem), NULL)
#1 /var/www/html/backend-legacy-laravel8/vendor/laravel/framework/src/Illuminate/Container/Container.php(873): Illuminate\\View\\ViewServiceProvider->Illuminate\\View\\{closure}(Object(Illuminate\\Foundation\\Application), Array)
#2 /var/www/html/backend-legacy-laravel8/vendor/laravel/framework/src/Illuminate/Container/Container.php(758): Illuminate\\Container\\Container->build(Object(Closure))
#3 /var/www/html/backend-legacy-laravel8/vendor/laravel/framework/src/Illuminate/Foundation/Application.php(853): Illuminate\\Container\\Container->resolve('blade.compiler', Array, true)
#4 /var/www/html/backend-legacy-laravel8/vendor/laravel/framework/src/Illuminate/Container/Container.php(694): Illuminate\\Foundation\\Application->resolve('blade.compiler', Array)
#5 /var/www/html/backend-legacy-laravel8/vendor/laravel/framework/src/Illuminate/Foundation/Application.php(838): Illuminate\\Container\\Container->make('blade.compiler', Array)
#6 /var/www/html/backend-legacy-laravel8/vendor/laravel/framework/src/Illuminate/Container/Container.php(1419): Illuminate\\Foundation\\Application->make('blade.compiler')
#7 /var/www/html/backend-legacy-laravel8/vendor/laravel/framework/src/Illuminate/View/ViewServiceProvider.php(150): Illuminate\\Container\\Container->offsetGet('blade.compiler')
#8 [internal function]: Illuminate\\View\\ViewServiceProvider->Illuminate\\View\\{closure}()
#9 /var/www/html/backend-legacy-laravel8/vendor/laravel/framework/src/Illuminate/View/Engines/EngineResolver.php(55): call_user_func(Object(Closure))
#10 /var/www/html/backend-legacy-laravel8/vendor/facade/ignition/src/IgnitionServiceProvider.php(467): Illuminate\\View\\Engines\\EngineResolver->resolve('blade')
#11 /var/www/html/backend-legacy-laravel8/vendor/facade/ignition/src/IgnitionServiceProvider.php(158): Facade\\Ignition\\IgnitionServiceProvider->hasCustomViewEnginesRegistered()
#12 /var/www/html/backend-legacy-laravel8/vendor/facade/ignition/src/IgnitionServiceProvider.php(101): Facade\\Ignition\\IgnitionServiceProvider->registerViewEngines()
#13 /var/www/html/backend-legacy-laravel8/vendor/laravel/framework/src/Illuminate/Container/BoundMethod.php(36): Facade\\Ignition\\IgnitionServiceProvider->boot()
#14 /var/www/html/backend-legacy-laravel8/vendor/laravel/framework/src/Illuminate/Container/Util.php(40): Illuminate\\Container\\BoundMethod::Illuminate\\Container\\{closure}()
#15 /var/www/html/backend-legacy-laravel8/vendor/laravel/framework/src/Illuminate/Container/BoundMethod.php(93): Illuminate\\Container\\Util::unwrapIfClosure(Object(Closure))
#16 /var/www/html/backend-legacy-laravel8/vendor/laravel/framework/src/Illuminate/Container/BoundMethod.php(37): Illuminate\\Container\\BoundMethod::callBoundMethod(Object(Illuminate\\Foundation\\Application), Array, Object(Closure))
#17 /var/www/html/backend-legacy-laravel8/vendor/laravel/framework/src/Illuminate/Container/Container.php(653): Illuminate\\Container\\BoundMethod::call(Object(Illuminate\\Foundation\\Application), Array, Array, NULL)
#18 /var/www/html/backend-legacy-laravel8/vendor/laravel/framework/src/Illuminate/Foundation/Application.php(926): Illuminate\\Container\\Container->call(Array)
#19 /var/www/html/backend-legacy-laravel8/vendor/laravel/framework/src/Illuminate/Foundation/Application.php(907): Illuminate\\Foundation\\Application->bootProvider(Object(Facade\\Ignition\\IgnitionServiceProvider))
#20 [internal function]: Illuminate\\Foundation\\Application->Illuminate\\Foundation\\{closure}(Object(Facade\\Ignition\\IgnitionServiceProvider), 15)
#21 /var/www/html/backend-legacy-laravel8/vendor/laravel/framework/src/Illuminate/Foundation/Application.php(908): array_walk(Array, Object(Closure))
#22 /var/www/html/backend-legacy-laravel8/vendor/laravel/framework/src/Illuminate/Foundation/Bootstrap/BootProviders.php(17): Illuminate\\Foundation\\Application->boot()
#23 /var/www/html/backend-legacy-laravel8/vendor/laravel/framework/src/Illuminate/Foundation/Application.php(237): Illuminate\\Foundation\\Bootstrap\\BootProviders->bootstrap(Object(Illuminate\\Foundation\\Application))
#24 /var/www/html/backend-legacy-laravel8/vendor/laravel/framework/src/Illuminate/Foundation/Console/Kernel.php(310): Illuminate\\Foundation\\Application->bootstrapWith(Array)
#25 /var/www/html/backend-legacy-laravel8/vendor/laravel/framework/src/Illuminate/Foundation/Console/Kernel.php(127): Illuminate\\Foundation\\Console\\Kernel->bootstrap()
#26 /var/www/html/backend-legacy-laravel8/artisan(14): Illuminate\\Foundation\\Console\\Kernel->handle(Object(Symfony\\Component\\Console\\Input\\ArgvInput), Object(Symfony\\Component\\Console\\Output\\ConsoleOutput))
#27 {main}
"} 
[2026-05-18 17:41:49] local.ERROR: Please provide a valid cache path. {"exception":"[object] (InvalidArgumentException(code: 0): Please provide a valid cache path. at /var/www/html/backend-legacy-laravel8/vendor/laravel/framework/src/Illuminate/View/Compilers/Compiler.php:36)
[stacktrace]
#0 /var/www/html/backend-legacy-laravel8/vendor/laravel/framework/src/Illuminate/View/ViewServiceProvider.php(88): Illuminate\\View\\Compilers\\Compiler->__construct(Object(Illuminate\\Filesystem\\Filesystem), NULL)
#1 /var/www/html/backend-legacy-laravel8/vendor/laravel/framework/src/Illuminate/Container/Container.php(873): Illuminate\\View\\ViewServiceProvider->Illuminate\\View\\{closure}(Object(Illuminate\\Foundation\\Application), Array)
#2 /var/www/html/backend-legacy-laravel8/vendor/laravel/framework/src/Illuminate/Container/Container.php(758): Illuminate\\Container\\Container->build(Object(Closure))
#3 /var/www/html/backend-legacy-laravel8/vendor/laravel/framework/src/Illuminate/Foundation/Application.php(853): Illuminate\\Container\\Container->resolve('blade.compiler', Array, true)
#4 /var/www/html/backend-legacy-laravel8/vendor/laravel/framework/src/Illuminate/Container/Container.php(694): Illuminate\\Foundation\\Application->resolve('blade.compiler', Array)
#5 /var/www/html/backend-legacy-laravel8/vendor/laravel/framework/src/Illuminate/Foundation/Application.php(838): Illuminate\\Container\\Container->make('blade.compiler', Array)
#6 /var/www/html/backend-legacy-laravel8/vendor/laravel/framework/src/Illuminate/Container/Container.php(1419): Illuminate\\Foundation\\Application->make('blade.compiler')
#7 /var/www/html/backend-legacy-laravel8/vendor/laravel/framework/src/Illuminate/View/ViewServiceProvider.php(150): Illuminate\\Container\\Container->offsetGet('blade.compiler')
#8 [internal function]: Illuminate\\View\\ViewServiceProvider->Illuminate\\View\\{closure}()
#9 /var/www/html/backend-legacy-laravel8/vendor/laravel/framework/src/Illuminate/View/Engines/EngineResolver.php(55): call_user_func(Object(Closure))
#10 /var/www/html/backend-legacy-laravel8/vendor/facade/ignition/src/IgnitionServiceProvider.php(467): Illuminate\\View\\Engines\\EngineResolver->resolve('blade')
#11 /var/www/html/backend-legacy-laravel8/vendor/facade/ignition/src/IgnitionServiceProvider.php(158): Facade\\Ignition\\IgnitionServiceProvider->hasCustomViewEnginesRegistered()
#12 /var/www/html/backend-legacy-laravel8/vendor/facade/ignition/src/IgnitionServiceProvider.php(101): Facade\\Ignition\\IgnitionServiceProvider->registerViewEngines()
#13 /var/www/html/backend-legacy-laravel8/vendor/laravel/framework/src/Illuminate/Container/BoundMethod.php(36): Facade\\Ignition\\IgnitionServiceProvider->boot()
#14 /var/www/html/backend-legacy-laravel8/vendor/laravel/framework/src/Illuminate/Container/Util.php(40): Illuminate\\Container\\BoundMethod::Illuminate\\Container\\{closure}()
#15 /var/www/html/backend-legacy-laravel8/vendor/laravel/framework/src/Illuminate/Container/BoundMethod.php(93): Illuminate\\Container\\Util::unwrapIfClosure(Object(Closure))
#16 /var/www/html/backend-legacy-laravel8/vendor/laravel/framework/src/Illuminate/Container/BoundMethod.php(37): Illuminate\\Container\\BoundMethod::callBoundMethod(Object(Illuminate\\Foundation\\Application), Array, Object(Closure))
#17 /var/www/html/backend-legacy-laravel8/vendor/laravel/framework/src/Illuminate/Container/Container.php(653): Illuminate\\Container\\BoundMethod::call(Object(Illuminate\\Foundation\\Application), Array, Array, NULL)
#18 /var/www/html/backend-legacy-laravel8/vendor/laravel/framework/src/Illuminate/Foundation/Application.php(926): Illuminate\\Container\\Container->call(Array)
#19 /var/www/html/backend-legacy-laravel8/vendor/laravel/framework/src/Illuminate/Foundation/Application.php(907): Illuminate\\Foundation\\Application->bootProvider(Object(Facade\\Ignition\\IgnitionServiceProvider))
#20 [internal function]: Illuminate\\Foundation\\Application->Illuminate\\Foundation\\{closure}(Object(Facade\\Ignition\\IgnitionServiceProvider), 15)
#21 /var/www/html/backend-legacy-laravel8/vendor/laravel/framework/src/Illuminate/Foundation/Application.php(908): array_walk(Array, Object(Closure))
#22 /var/www/html/backend-legacy-laravel8/vendor/laravel/framework/src/Illuminate/Foundation/Bootstrap/BootProviders.php(17): Illuminate\\Foundation\\Application->boot()
#23 /var/www/html/backend-legacy-laravel8/vendor/laravel/framework/src/Illuminate/Foundation/Application.php(237): Illuminate\\Foundation\\Bootstrap\\BootProviders->bootstrap(Object(Illuminate\\Foundation\\Application))
#24 /var/www/html/backend-legacy-laravel8/vendor/laravel/framework/src/Illuminate/Foundation/Console/Kernel.php(310): Illuminate\\Foundation\\Application->bootstrapWith(Array)
#25 /var/www/html/backend-legacy-laravel8/vendor/laravel/framework/src/Illuminate/Foundation/Console/Kernel.php(127): Illuminate\\Foundation\\Console\\Kernel->bootstrap()
#26 /var/www/html/backend-legacy-laravel8/artisan(14): Illuminate\\Foundation\\Console\\Kernel->handle(Object(Symfony\\Component\\Console\\Input\\ArgvInput), Object(Symfony\\Component\\Console\\Output\\ConsoleOutput))
#27 {main}
"} 
[2026-05-18 17:41:49] local.ERROR: Please provide a valid cache path. {"exception":"[object] (InvalidArgumentException(code: 0): Please provide a valid cache path. at /var/www/html/backend-legacy-laravel8/vendor/laravel/framework/src/Illuminate/View/Compilers/Compiler.php:36)
[stacktrace]
#0 /var/www/html/backend-legacy-laravel8/vendor/laravel/framework/src/Illuminate/View/ViewServiceProvider.php(88): Illuminate\\View\\Compilers\\Compiler->__construct(Object(Illuminate\\Filesystem\\Filesystem), NULL)
#1 /var/www/html/backend-legacy-laravel8/vendor/laravel/framework/src/Illuminate/Container/Container.php(873): Illuminate\\View\\ViewServiceProvider->Illuminate\\View\\{closure}(Object(Illuminate\\Foundation\\Application), Array)
#2 /var/www/html/backend-legacy-laravel8/vendor/laravel/framework/src/Illuminate/Container/Container.php(758): Illuminate\\Container\\Container->build(Object(Closure))
#3 /var/www/html/backend-legacy-laravel8/vendor/laravel/framework/src/Illuminate/Foundation/Application.php(853): Illuminate\\Container\\Container->resolve('blade.compiler', Array, true)
#4 /var/www/html/backend-legacy-laravel8/vendor/laravel/framework/src/Illuminate/Container/Container.php(694): Illuminate\\Foundation\\Application->resolve('blade.compiler', Array)
#5 /var/www/html/backend-legacy-laravel8/vendor/laravel/framework/src/Illuminate/Foundation/Application.php(838): Illuminate\\Container\\Container->make('blade.compiler', Array)
#6 /var/www/html/backend-legacy-laravel8/vendor/laravel/framework/src/Illuminate/Container/Container.php(1419): Illuminate\\Foundation\\Application->make('blade.compiler')
#7 /var/www/html/backend-legacy-laravel8/vendor/laravel/framework/src/Illuminate/View/ViewServiceProvider.php(150): Illuminate\\Container\\Container->offsetGet('blade.compiler')
#8 [internal function]: Illuminate\\View\\ViewServiceProvider->Illuminate\\View\\{closure}()
#9 /var/www/html/backend-legacy-laravel8/vendor/laravel/framework/src/Illuminate/View/Engines/EngineResolver.php(55): call_user_func(Object(Closure))
#10 /var/www/html/backend-legacy-laravel8/vendor/facade/ignition/src/IgnitionServiceProvider.php(467): Illuminate\\View\\Engines\\EngineResolver->resolve('blade')
#11 /var/www/html/backend-legacy-laravel8/vendor/facade/ignition/src/IgnitionServiceProvider.php(158): Facade\\Ignition\\IgnitionServiceProvider->hasCustomViewEnginesRegistered()
#12 /var/www/html/backend-legacy-laravel8/vendor/facade/ignition/src/IgnitionServiceProvider.php(101): Facade\\Ignition\\IgnitionServiceProvider->registerViewEngines()
#13 /var/www/html/backend-legacy-laravel8/vendor/laravel/framework/src/Illuminate/Container/BoundMethod.php(36): Facade\\Ignition\\IgnitionServiceProvider->boot()
#14 /var/www/html/backend-legacy-laravel8/vendor/laravel/framework/src/Illuminate/Container/Util.php(40): Illuminate\\Container\\BoundMethod::Illuminate\\Container\\{closure}()
#15 /var/www/html/backend-legacy-laravel8/vendor/laravel/framework/src/Illuminate/Container/BoundMethod.php(93): Illuminate\\Container\\Util::unwrapIfClosure(Object(Closure))
#16 /var/www/html/backend-legacy-laravel8/vendor/laravel/framework/src/Illuminate/Container/BoundMethod.php(37): Illuminate\\Container\\BoundMethod::callBoundMethod(Object(Illuminate\\Foundation\\Application), Array, Object(Closure))
#17 /var/www/html/backend-legacy-laravel8/vendor/laravel/framework/src/Illuminate/Container/Container.php(653): Illuminate\\Container\\BoundMethod::call(Object(Illuminate\\Foundation\\Application), Array, Array, NULL)
#18 /var/www/html/backend-legacy-laravel8/vendor/laravel/framework/src/Illuminate/Foundation/Application.php(926): Illuminate\\Container\\Container->call(Array)
#19 /var/www/html/backend-legacy-laravel8/vendor/laravel/framework/src/Illuminate/Foundation/Application.php(907): Illuminate\\Foundation\\Application->bootProvider(Object(Facade\\Ignition\\IgnitionServiceProvider))
#20 [internal function]: Illuminate\\Foundation\\Application->Illuminate\\Foundation\\{closure}(Object(Facade\\Ignition\\IgnitionServiceProvider), 15)
#21 /var/www/html/backend-legacy-laravel8/vendor/laravel/framework/src/Illuminate/Foundation/Application.php(908): array_walk(Array, Object(Closure))
#22 /var/www/html/backend-legacy-laravel8/vendor/laravel/framework/src/Illuminate/Foundation/Bootstrap/BootProviders.php(17): Illuminate\\Foundation\\Application->boot()
#23 /var/www/html/backend-legacy-laravel8/vendor/laravel/framework/src/Illuminate/Foundation/Application.php(237): Illuminate\\Foundation\\Bootstrap\\BootProviders->bootstrap(Object(Illuminate\\Foundation\\Application))
#24 /var/www/html/backend-legacy-laravel8/vendor/laravel/framework/src/Illuminate/Foundation/Console/Kernel.php(310): Illuminate\\Foundation\\Application->bootstrapWith(Array)
#25 /var/www/html/backend-legacy-laravel8/vendor/laravel/framework/src/Illuminate/Foundation/Console/Kernel.php(127): Illuminate\\Foundation\\Console\\Kernel->bootstrap()
#26 /var/www/html/backend-legacy-laravel8/artisan(14): Illuminate\\Foundation\\Console\\Kernel->handle(Object(Symfony\\Component\\Console\\Input\\ArgvInput), Object(Symfony\\Component\\Console\\Output\\ConsoleOutput))
#27 {main}
"} 
[2026-05-18 17:42:23] local.ERROR: Please provide a valid cache path. {"exception":"[object] (InvalidArgumentException(code: 0): Please provide a valid cache path. at /var/www/html/backend-legacy-laravel8/vendor/laravel/framework/src/Illuminate/View/Compilers/Compiler.php:36)
[stacktrace]
#0 /var/www/html/backend-legacy-laravel8/vendor/laravel/framework/src/Illuminate/View/ViewServiceProvider.php(88): Illuminate\\View\\Compilers\\Compiler->__construct(Object(Illuminate\\Filesystem\\Filesystem), NULL)
#1 /var/www/html/backend-legacy-laravel8/vendor/laravel/framework/src/Illuminate/Container/Container.php(873): Illuminate\\View\\ViewServiceProvider->Illuminate\\View\\{closure}(Object(Illuminate\\Foundation\\Application), Array)
#2 /var/www/html/backend-legacy-laravel8/vendor/laravel/framework/src/Illuminate/Container/Container.php(758): Illuminate\\Container\\Container->build(Object(Closure))
#3 /var/www/html/backend-legacy-laravel8/vendor/laravel/framework/src/Illuminate/Foundation/Application.php(853): Illuminate\\Container\\Container->resolve('blade.compiler', Array, true)
#4 /var/www/html/backend-legacy-laravel8/vendor/laravel/framework/src/Illuminate/Container/Container.php(694): Illuminate\\Foundation\\Application->resolve('blade.compiler', Array)
#5 /var/www/html/backend-legacy-laravel8/vendor/laravel/framework/src/Illuminate/Foundation/Application.php(838): Illuminate\\Container\\Container->make('blade.compiler', Array)
#6 /var/www/html/backend-legacy-laravel8/vendor/laravel/framework/src/Illuminate/Container/Container.php(1419): Illuminate\\Foundation\\Application->make('blade.compiler')
#7 /var/www/html/backend-legacy-laravel8/vendor/laravel/framework/src/Illuminate/View/ViewServiceProvider.php(150): Illuminate\\Container\\Container->offsetGet('blade.compiler')
#8 [internal function]: Illuminate\\View\\ViewServiceProvider->Illuminate\\View\\{closure}()
#9 /var/www/html/backend-legacy-laravel8/vendor/laravel/framework/src/Illuminate/View/Engines/EngineResolver.php(55): call_user_func(Object(Closure))
#10 /var/www/html/backend-legacy-laravel8/vendor/facade/ignition/src/IgnitionServiceProvider.php(467): Illuminate\\View\\Engines\\EngineResolver->resolve('blade')
#11 /var/www/html/backend-legacy-laravel8/vendor/facade/ignition/src/IgnitionServiceProvider.php(158): Facade\\Ignition\\IgnitionServiceProvider->hasCustomViewEnginesRegistered()
#12 /var/www/html/backend-legacy-laravel8/vendor/facade/ignition/src/IgnitionServiceProvider.php(101): Facade\\Ignition\\IgnitionServiceProvider->registerViewEngines()
#13 /var/www/html/backend-legacy-laravel8/vendor/laravel/framework/src/Illuminate/Container/BoundMethod.php(36): Facade\\Ignition\\IgnitionServiceProvider->boot()
#14 /var/www/html/backend-legacy-laravel8/vendor/laravel/framework/src/Illuminate/Container/Util.php(40): Illuminate\\Container\\BoundMethod::Illuminate\\Container\\{closure}()
#15 /var/www/html/backend-legacy-laravel8/vendor/laravel/framework/src/Illuminate/Container/BoundMethod.php(93): Illuminate\\Container\\Util::unwrapIfClosure(Object(Closure))
#16 /var/www/html/backend-legacy-laravel8/vendor/laravel/framework/src/Illuminate/Container/BoundMethod.php(37): Illuminate\\Container\\BoundMethod::callBoundMethod(Object(Illuminate\\Foundation\\Application), Array, Object(Closure))
#17 /var/www/html/backend-legacy-laravel8/vendor/laravel/framework/src/Illuminate/Container/Container.php(653): Illuminate\\Container\\BoundMethod::call(Object(Illuminate\\Foundation\\Application), Array, Array, NULL)
#18 /var/www/html/backend-legacy-laravel8/vendor/laravel/framework/src/Illuminate/Foundation/Application.php(926): Illuminate\\Container\\Container->call(Array)
#19 /var/www/html/backend-legacy-laravel8/vendor/laravel/framework/src/Illuminate/Foundation/Application.php(907): Illuminate\\Foundation\\Application->bootProvider(Object(Facade\\Ignition\\IgnitionServiceProvider))
#20 [internal function]: Illuminate\\Foundation\\Application->Illuminate\\Foundation\\{closure}(Object(Facade\\Ignition\\IgnitionServiceProvider), 15)
#21 /var/www/html/backend-legacy-laravel8/vendor/laravel/framework/src/Illuminate/Foundation/Application.php(908): array_walk(Array, Object(Closure))
#22 /var/www/html/backend-legacy-laravel8/vendor/laravel/framework/src/Illuminate/Foundation/Bootstrap/BootProviders.php(17): Illuminate\\Foundation\\Application->boot()
#23 /var/www/html/backend-legacy-laravel8/vendor/laravel/framework/src/Illuminate/Foundation/Application.php(237): Illuminate\\Foundation\\Bootstrap\\BootProviders->bootstrap(Object(Illuminate\\Foundation\\Application))
#24 /var/www/html/backend-legacy-laravel8/vendor/laravel/framework/src/Illuminate/Foundation/Http/Kernel.php(153): Illuminate\\Foundation\\Application->bootstrapWith(Array)
#25 /var/www/html/backend-legacy-laravel8/vendor/laravel/framework/src/Illuminate/Foundation/Http/Kernel.php(137): Illuminate\\Foundation\\Http\\Kernel->bootstrap()
#26 /var/www/html/backend-legacy-laravel8/vendor/laravel/framework/src/Illuminate/Foundation/Http/Kernel.php(111): Illuminate\\Foundation\\Http\\Kernel->sendRequestThroughRouter(Object(Illuminate\\Http\\Request))
#27 /var/www/html/backend-legacy-laravel8/public/index.php(12): Illuminate\\Foundation\\Http\\Kernel->handle(Object(Illuminate\\Http\\Request))
#28 {main}
"} 
[2026-05-18 17:42:24] local.ERROR: Please provide a valid cache path. {"exception":"[object] (InvalidArgumentException(code: 0): Please provide a valid cache path. at /var/www/html/backend-legacy-laravel8/vendor/laravel/framework/src/Illuminate/View/Compilers/Compiler.php:36)
[stacktrace]
#0 /var/www/html/backend-legacy-laravel8/vendor/laravel/framework/src/Illuminate/View/ViewServiceProvider.php(88): Illuminate\\View\\Compilers\\Compiler->__construct(Object(Illuminate\\Filesystem\\Filesystem), NULL)
#1 /var/www/html/backend-legacy-laravel8/vendor/laravel/framework/src/Illuminate/Container/Container.php(873): Illuminate\\View\\ViewServiceProvider->Illuminate\\View\\{closure}(Object(Illuminate\\Foundation\\Application), Array)
#2 /var/www/html/backend-legacy-laravel8/vendor/laravel/framework/src/Illuminate/Container/Container.php(758): Illuminate\\Container\\Container->build(Object(Closure))
#3 /var/www/html/backend-legacy-laravel8/vendor/laravel/framework/src/Illuminate/Foundation/Application.php(853): Illuminate\\Container\\Container->resolve('blade.compiler', Array, true)
#4 /var/www/html/backend-legacy-laravel8/vendor/laravel/framework/src/Illuminate/Container/Container.php(694): Illuminate\\Foundation\\Application->resolve('blade.compiler', Array)
#5 /var/www/html/backend-legacy-laravel8/vendor/laravel/framework/src/Illuminate/Foundation/Application.php(838): Illuminate\\Container\\Container->make('blade.compiler', Array)
#6 /var/www/html/backend-legacy-laravel8/vendor/laravel/framework/src/Illuminate/Container/Container.php(1419): Illuminate\\Foundation\\Application->make('blade.compiler')
#7 /var/www/html/backend-legacy-laravel8/vendor/laravel/framework/src/Illuminate/View/ViewServiceProvider.php(150): Illuminate\\Container\\Container->offsetGet('blade.compiler')
#8 [internal function]: Illuminate\\View\\ViewServiceProvider->Illuminate\\View\\{closure}()
#9 /var/www/html/backend-legacy-laravel8/vendor/laravel/framework/src/Illuminate/View/Engines/EngineResolver.php(55): call_user_func(Object(Closure))
#10 /var/www/html/backend-legacy-laravel8/vendor/facade/ignition/src/IgnitionServiceProvider.php(467): Illuminate\\View\\Engines\\EngineResolver->resolve('blade')
#11 /var/www/html/backend-legacy-laravel8/vendor/facade/ignition/src/IgnitionServiceProvider.php(158): Facade\\Ignition\\IgnitionServiceProvider->hasCustomViewEnginesRegistered()
#12 /var/www/html/backend-legacy-laravel8/vendor/facade/ignition/src/IgnitionServiceProvider.php(101): Facade\\Ignition\\IgnitionServiceProvider->registerViewEngines()
#13 /var/www/html/backend-legacy-laravel8/vendor/laravel/framework/src/Illuminate/Container/BoundMethod.php(36): Facade\\Ignition\\IgnitionServiceProvider->boot()
#14 /var/www/html/backend-legacy-laravel8/vendor/laravel/framework/src/Illuminate/Container/Util.php(40): Illuminate\\Container\\BoundMethod::Illuminate\\Container\\{closure}()
#15 /var/www/html/backend-legacy-laravel8/vendor/laravel/framework/src/Illuminate/Container/BoundMethod.php(93): Illuminate\\Container\\Util::unwrapIfClosure(Object(Closure))
#16 /var/www/html/backend-legacy-laravel8/vendor/laravel/framework/src/Illuminate/Container/BoundMethod.php(37): Illuminate\\Container\\BoundMethod::callBoundMethod(Object(Illuminate\\Foundation\\Application), Array, Object(Closure))
#17 /var/www/html/backend-legacy-laravel8/vendor/laravel/framework/src/Illuminate/Container/Container.php(653): Illuminate\\Container\\BoundMethod::call(Object(Illuminate\\Foundation\\Application), Array, Array, NULL)
#18 /var/www/html/backend-legacy-laravel8/vendor/laravel/framework/src/Illuminate/Foundation/Application.php(926): Illuminate\\Container\\Container->call(Array)
#19 /var/www/html/backend-legacy-laravel8/vendor/laravel/framework/src/Illuminate/Foundation/Application.php(907): Illuminate\\Foundation\\Application->bootProvider(Object(Facade\\Ignition\\IgnitionServiceProvider))
#20 [internal function]: Illuminate\\Foundation\\Application->Illuminate\\Foundation\\{closure}(Object(Facade\\Ignition\\IgnitionServiceProvider), 15)
#21 /var/www/html/backend-legacy-laravel8/vendor/laravel/framework/src/Illuminate/Foundation/Application.php(908): array_walk(Array, Object(Closure))
#22 /var/www/html/backend-legacy-laravel8/vendor/laravel/framework/src/Illuminate/Foundation/Bootstrap/BootProviders.php(17): Illuminate\\Foundation\\Application->boot()
#23 /var/www/html/backend-legacy-laravel8/vendor/laravel/framework/src/Illuminate/Foundation/Application.php(237): Illuminate\\Foundation\\Bootstrap\\BootProviders->bootstrap(Object(Illuminate\\Foundation\\Application))
#24 /var/www/html/backend-legacy-laravel8/vendor/laravel/framework/src/Illuminate/Foundation/Http/Kernel.php(153): Illuminate\\Foundation\\Application->bootstrapWith(Array)
#25 /var/www/html/backend-legacy-laravel8/vendor/laravel/framework/src/Illuminate/Foundation/Http/Kernel.php(137): Illuminate\\Foundation\\Http\\Kernel->bootstrap()
#26 /var/www/html/backend-legacy-laravel8/vendor/laravel/framework/src/Illuminate/Foundation/Http/Kernel.php(111): Illuminate\\Foundation\\Http\\Kernel->sendRequestThroughRouter(Object(Illuminate\\Http\\Request))
#27 /var/www/html/backend-legacy-laravel8/public/index.php(12): Illuminate\\Foundation\\Http\\Kernel->handle(Object(Illuminate\\Http\\Request))
#28 {main}
"} 
[2026-05-18 17:42:24] local.ERROR: Please provide a valid cache path. {"exception":"[object] (InvalidArgumentException(code: 0): Please provide a valid cache path. at /var/www/html/backend-legacy-laravel8/vendor/laravel/framework/src/Illuminate/View/Compilers/Compiler.php:36)
[stacktrace]
#0 /var/www/html/backend-legacy-laravel8/vendor/laravel/framework/src/Illuminate/View/ViewServiceProvider.php(88): Illuminate\\View\\Compilers\\Compiler->__construct(Object(Illuminate\\Filesystem\\Filesystem), NULL)
#1 /var/www/html/backend-legacy-laravel8/vendor/laravel/framework/src/Illuminate/Container/Container.php(873): Illuminate\\View\\ViewServiceProvider->Illuminate\\View\\{closure}(Object(Illuminate\\Foundation\\Application), Array)
#2 /var/www/html/backend-legacy-laravel8/vendor/laravel/framework/src/Illuminate/Container/Container.php(758): Illuminate\\Container\\Container->build(Object(Closure))
#3 /var/www/html/backend-legacy-laravel8/vendor/laravel/framework/src/Illuminate/Foundation/Application.php(853): Illuminate\\Container\\Container->resolve('blade.compiler', Array, true)
#4 /var/www/html/backend-legacy-laravel8/vendor/laravel/framework/src/Illuminate/Container/Container.php(694): Illuminate\\Foundation\\Application->resolve('blade.compiler', Array)
#5 /var/www/html/backend-legacy-laravel8/vendor/laravel/framework/src/Illuminate/Foundation/Application.php(838): Illuminate\\Container\\Container->make('blade.compiler', Array)
#6 /var/www/html/backend-legacy-laravel8/vendor/laravel/framework/src/Illuminate/Container/Container.php(1419): Illuminate\\Foundation\\Application->make('blade.compiler')
#7 /var/www/html/backend-legacy-laravel8/vendor/laravel/framework/src/Illuminate/View/ViewServiceProvider.php(150): Illuminate\\Container\\Container->offsetGet('blade.compiler')
#8 [internal function]: Illuminate\\View\\ViewServiceProvider->Illuminate\\View\\{closure}()
#9 /var/www/html/backend-legacy-laravel8/vendor/laravel/framework/src/Illuminate/View/Engines/EngineResolver.php(55): call_user_func(Object(Closure))
#10 /var/www/html/backend-legacy-laravel8/vendor/facade/ignition/src/IgnitionServiceProvider.php(467): Illuminate\\View\\Engines\\EngineResolver->resolve('blade')
#11 /var/www/html/backend-legacy-laravel8/vendor/facade/ignition/src/IgnitionServiceProvider.php(158): Facade\\Ignition\\IgnitionServiceProvider->hasCustomViewEnginesRegistered()
#12 /var/www/html/backend-legacy-laravel8/vendor/facade/ignition/src/IgnitionServiceProvider.php(101): Facade\\Ignition\\IgnitionServiceProvider->registerViewEngines()
#13 /var/www/html/backend-legacy-laravel8/vendor/laravel/framework/src/Illuminate/Container/BoundMethod.php(36): Facade\\Ignition\\IgnitionServiceProvider->boot()
#14 /var/www/html/backend-legacy-laravel8/vendor/laravel/framework/src/Illuminate/Container/Util.php(40): Illuminate\\Container\\BoundMethod::Illuminate\\Container\\{closure}()
#15 /var/www/html/backend-legacy-laravel8/vendor/laravel/framework/src/Illuminate/Container/BoundMethod.php(93): Illuminate\\Container\\Util::unwrapIfClosure(Object(Closure))
#16 /var/www/html/backend-legacy-laravel8/vendor/laravel/framework/src/Illuminate/Container/BoundMethod.php(37): Illuminate\\Container\\BoundMethod::callBoundMethod(Object(Illuminate\\Foundation\\Application), Array, Object(Closure))
#17 /var/www/html/backend-legacy-laravel8/vendor/laravel/framework/src/Illuminate/Container/Container.php(653): Illuminate\\Container\\BoundMethod::call(Object(Illuminate\\Foundation\\Application), Array, Array, NULL)
#18 /var/www/html/backend-legacy-laravel8/vendor/laravel/framework/src/Illuminate/Foundation/Application.php(926): Illuminate\\Container\\Container->call(Array)
#19 /var/www/html/backend-legacy-laravel8/vendor/laravel/framework/src/Illuminate/Foundation/Application.php(907): Illuminate\\Foundation\\Application->bootProvider(Object(Facade\\Ignition\\IgnitionServiceProvider))
#20 [internal function]: Illuminate\\Foundation\\Application->Illuminate\\Foundation\\{closure}(Object(Facade\\Ignition\\IgnitionServiceProvider), 15)
#21 /var/www/html/backend-legacy-laravel8/vendor/laravel/framework/src/Illuminate/Foundation/Application.php(908): array_walk(Array, Object(Closure))
#22 /var/www/html/backend-legacy-laravel8/vendor/laravel/framework/src/Illuminate/Foundation/Bootstrap/BootProviders.php(17): Illuminate\\Foundation\\Application->boot()
#23 /var/www/html/backend-legacy-laravel8/vendor/laravel/framework/src/Illuminate/Foundation/Application.php(237): Illuminate\\Foundation\\Bootstrap\\BootProviders->bootstrap(Object(Illuminate\\Foundation\\Application))
#24 /var/www/html/backend-legacy-laravel8/vendor/laravel/framework/src/Illuminate/Foundation/Http/Kernel.php(153): Illuminate\\Foundation\\Application->bootstrapWith(Array)
#25 /var/www/html/backend-legacy-laravel8/vendor/laravel/framework/src/Illuminate/Foundation/Http/Kernel.php(137): Illuminate\\Foundation\\Http\\Kernel->bootstrap()
#26 /var/www/html/backend-legacy-laravel8/vendor/laravel/framework/src/Illuminate/Foundation/Http/Kernel.php(111): Illuminate\\Foundation\\Http\\Kernel->sendRequestThroughRouter(Object(Illuminate\\Http\\Request))
#27 /var/www/html/backend-legacy-laravel8/public/index.php(12): Illuminate\\Foundation\\Http\\Kernel->handle(Object(Illuminate\\Http\\Request))
#28 {main}
"} 
[2026-05-18 17:43:58] local.ERROR: Please provide a valid cache path. {"exception":"[object] (InvalidArgumentException(code: 0): Please provide a valid cache path. at /var/www/html/backend-legacy-laravel8/vendor/laravel/framework/src/Illuminate/View/Compilers/Compiler.php:36)
[stacktrace]
#0 /var/www/html/backend-legacy-laravel8/vendor/laravel/framework/src/Illuminate/View/ViewServiceProvider.php(88): Illuminate\\View\\Compilers\\Compiler->__construct(Object(Illuminate\\Filesystem\\Filesystem), NULL)
#1 /var/www/html/backend-legacy-laravel8/vendor/laravel/framework/src/Illuminate/Container/Container.php(873): Illuminate\\View\\ViewServiceProvider->Illuminate\\View\\{closure}(Object(Illuminate\\Foundation\\Application), Array)
#2 /var/www/html/backend-legacy-laravel8/vendor/laravel/framework/src/Illuminate/Container/Container.php(758): Illuminate\\Container\\Container->build(Object(Closure))
#3 /var/www/html/backend-legacy-laravel8/vendor/laravel/framework/src/Illuminate/Foundation/Application.php(853): Illuminate\\Container\\Container->resolve('blade.compiler', Array, true)
#4 /var/www/html/backend-legacy-laravel8/vendor/laravel/framework/src/Illuminate/Container/Container.php(694): Illuminate\\Foundation\\Application->resolve('blade.compiler', Array)
#5 /var/www/html/backend-legacy-laravel8/vendor/laravel/framework/src/Illuminate/Foundation/Application.php(838): Illuminate\\Container\\Container->make('blade.compiler', Array)
#6 /var/www/html/backend-legacy-laravel8/vendor/laravel/framework/src/Illuminate/Container/Container.php(1419): Illuminate\\Foundation\\Application->make('blade.compiler')
#7 /var/www/html/backend-legacy-laravel8/vendor/laravel/framework/src/Illuminate/View/ViewServiceProvider.php(150): Illuminate\\Container\\Container->offsetGet('blade.compiler')
#8 [internal function]: Illuminate\\View\\ViewServiceProvider->Illuminate\\View\\{closure}()
#9 /var/www/html/backend-legacy-laravel8/vendor/laravel/framework/src/Illuminate/View/Engines/EngineResolver.php(55): call_user_func(Object(Closure))
#10 /var/www/html/backend-legacy-laravel8/vendor/facade/ignition/src/IgnitionServiceProvider.php(467): Illuminate\\View\\Engines\\EngineResolver->resolve('blade')
#11 /var/www/html/backend-legacy-laravel8/vendor/facade/ignition/src/IgnitionServiceProvider.php(158): Facade\\Ignition\\IgnitionServiceProvider->hasCustomViewEnginesRegistered()
#12 /var/www/html/backend-legacy-laravel8/vendor/facade/ignition/src/IgnitionServiceProvider.php(101): Facade\\Ignition\\IgnitionServiceProvider->registerViewEngines()
#13 /var/www/html/backend-legacy-laravel8/vendor/laravel/framework/src/Illuminate/Container/BoundMethod.php(36): Facade\\Ignition\\IgnitionServiceProvider->boot()
#14 /var/www/html/backend-legacy-laravel8/vendor/laravel/framework/src/Illuminate/Container/Util.php(40): Illuminate\\Container\\BoundMethod::Illuminate\\Container\\{closure}()
#15 /var/www/html/backend-legacy-laravel8/vendor/laravel/framework/src/Illuminate/Container/BoundMethod.php(93): Illuminate\\Container\\Util::unwrapIfClosure(Object(Closure))
#16 /var/www/html/backend-legacy-laravel8/vendor/laravel/framework/src/Illuminate/Container/BoundMethod.php(37): Illuminate\\Container\\BoundMethod::callBoundMethod(Object(Illuminate\\Foundation\\Application), Array, Object(Closure))
#17 /var/www/html/backend-legacy-laravel8/vendor/laravel/framework/src/Illuminate/Container/Container.php(653): Illuminate\\Container\\BoundMethod::call(Object(Illuminate\\Foundation\\Application), Array, Array, NULL)
#18 /var/www/html/backend-legacy-laravel8/vendor/laravel/framework/src/Illuminate/Foundation/Application.php(926): Illuminate\\Container\\Container->call(Array)
#19 /var/www/html/backend-legacy-laravel8/vendor/laravel/framework/src/Illuminate/Foundation/Application.php(907): Illuminate\\Foundation\\Application->bootProvider(Object(Facade\\Ignition\\IgnitionServiceProvider))
#20 [internal function]: Illuminate\\Foundation\\Application->Illuminate\\Foundation\\{closure}(Object(Facade\\Ignition\\IgnitionServiceProvider), 15)
#21 /var/www/html/backend-legacy-laravel8/vendor/laravel/framework/src/Illuminate/Foundation/Application.php(908): array_walk(Array, Object(Closure))
#22 /var/www/html/backend-legacy-laravel8/vendor/laravel/framework/src/Illuminate/Foundation/Bootstrap/BootProviders.php(17): Illuminate\\Foundation\\Application->boot()
#23 /var/www/html/backend-legacy-laravel8/vendor/laravel/framework/src/Illuminate/Foundation/Application.php(237): Illuminate\\Foundation\\Bootstrap\\BootProviders->bootstrap(Object(Illuminate\\Foundation\\Application))
#24 /var/www/html/backend-legacy-laravel8/vendor/laravel/framework/src/Illuminate/Foundation/Console/Kernel.php(310): Illuminate\\Foundation\\Application->bootstrapWith(Array)
#25 /var/www/html/backend-legacy-laravel8/vendor/laravel/framework/src/Illuminate/Foundation/Console/Kernel.php(127): Illuminate\\Foundation\\Console\\Kernel->bootstrap()
#26 /var/www/html/backend-legacy-laravel8/artisan(14): Illuminate\\Foundation\\Console\\Kernel->handle(Object(Symfony\\Component\\Console\\Input\\ArgvInput), Object(Symfony\\Component\\Console\\Output\\ConsoleOutput))
#27 {main}
"} 
[2026-05-18 17:43:58] local.ERROR: Please provide a valid cache path. {"exception":"[object] (InvalidArgumentException(code: 0): Please provide a valid cache path. at /var/www/html/backend-legacy-laravel8/vendor/laravel/framework/src/Illuminate/View/Compilers/Compiler.php:36)
[stacktrace]
#0 /var/www/html/backend-legacy-laravel8/vendor/laravel/framework/src/Illuminate/View/ViewServiceProvider.php(88): Illuminate\\View\\Compilers\\Compiler->__construct(Object(Illuminate\\Filesystem\\Filesystem), NULL)
#1 /var/www/html/backend-legacy-laravel8/vendor/laravel/framework/src/Illuminate/Container/Container.php(873): Illuminate\\View\\ViewServiceProvider->Illuminate\\View\\{closure}(Object(Illuminate\\Foundation\\Application), Array)
#2 /var/www/html/backend-legacy-laravel8/vendor/laravel/framework/src/Illuminate/Container/Container.php(758): Illuminate\\Container\\Container->build(Object(Closure))
#3 /var/www/html/backend-legacy-laravel8/vendor/laravel/framework/src/Illuminate/Foundation/Application.php(853): Illuminate\\Container\\Container->resolve('blade.compiler', Array, true)
#4 /var/www/html/backend-legacy-laravel8/vendor/laravel/framework/src/Illuminate/Container/Container.php(694): Illuminate\\Foundation\\Application->resolve('blade.compiler', Array)
#5 /var/www/html/backend-legacy-laravel8/vendor/laravel/framework/src/Illuminate/Foundation/Application.php(838): Illuminate\\Container\\Container->make('blade.compiler', Array)
#6 /var/www/html/backend-legacy-laravel8/vendor/laravel/framework/src/Illuminate/Container/Container.php(1419): Illuminate\\Foundation\\Application->make('blade.compiler')
#7 /var/www/html/backend-legacy-laravel8/vendor/laravel/framework/src/Illuminate/View/ViewServiceProvider.php(150): Illuminate\\Container\\Container->offsetGet('blade.compiler')
#8 [internal function]: Illuminate\\View\\ViewServiceProvider->Illuminate\\View\\{closure}()
#9 /var/www/html/backend-legacy-laravel8/vendor/laravel/framework/src/Illuminate/View/Engines/EngineResolver.php(55): call_user_func(Object(Closure))
#10 /var/www/html/backend-legacy-laravel8/vendor/facade/ignition/src/IgnitionServiceProvider.php(467): Illuminate\\View\\Engines\\EngineResolver->resolve('blade')
#11 /var/www/html/backend-legacy-laravel8/vendor/facade/ignition/src/IgnitionServiceProvider.php(158): Facade\\Ignition\\IgnitionServiceProvider->hasCustomViewEnginesRegistered()
#12 /var/www/html/backend-legacy-laravel8/vendor/facade/ignition/src/IgnitionServiceProvider.php(101): Facade\\Ignition\\IgnitionServiceProvider->registerViewEngines()
#13 /var/www/html/backend-legacy-laravel8/vendor/laravel/framework/src/Illuminate/Container/BoundMethod.php(36): Facade\\Ignition\\IgnitionServiceProvider->boot()
#14 /var/www/html/backend-legacy-laravel8/vendor/laravel/framework/src/Illuminate/Container/Util.php(40): Illuminate\\Container\\BoundMethod::Illuminate\\Container\\{closure}()
#15 /var/www/html/backend-legacy-laravel8/vendor/laravel/framework/src/Illuminate/Container/BoundMethod.php(93): Illuminate\\Container\\Util::unwrapIfClosure(Object(Closure))
#16 /var/www/html/backend-legacy-laravel8/vendor/laravel/framework/src/Illuminate/Container/BoundMethod.php(37): Illuminate\\Container\\BoundMethod::callBoundMethod(Object(Illuminate\\Foundation\\Application), Array, Object(Closure))
#17 /var/www/html/backend-legacy-laravel8/vendor/laravel/framework/src/Illuminate/Container/Container.php(653): Illuminate\\Container\\BoundMethod::call(Object(Illuminate\\Foundation\\Application), Array, Array, NULL)
#18 /var/www/html/backend-legacy-laravel8/vendor/laravel/framework/src/Illuminate/Foundation/Application.php(926): Illuminate\\Container\\Container->call(Array)
#19 /var/www/html/backend-legacy-laravel8/vendor/laravel/framework/src/Illuminate/Foundation/Application.php(907): Illuminate\\Foundation\\Application->bootProvider(Object(Facade\\Ignition\\IgnitionServiceProvider))
#20 [internal function]: Illuminate\\Foundation\\Application->Illuminate\\Foundation\\{closure}(Object(Facade\\Ignition\\IgnitionServiceProvider), 15)
#21 /var/www/html/backend-legacy-laravel8/vendor/laravel/framework/src/Illuminate/Foundation/Application.php(908): array_walk(Array, Object(Closure))
#22 /var/www/html/backend-legacy-laravel8/vendor/laravel/framework/src/Illuminate/Foundation/Bootstrap/BootProviders.php(17): Illuminate\\Foundation\\Application->boot()
#23 /var/www/html/backend-legacy-laravel8/vendor/laravel/framework/src/Illuminate/Foundation/Application.php(237): Illuminate\\Foundation\\Bootstrap\\BootProviders->bootstrap(Object(Illuminate\\Foundation\\Application))
#24 /var/www/html/backend-legacy-laravel8/vendor/laravel/framework/src/Illuminate/Foundation/Console/Kernel.php(310): Illuminate\\Foundation\\Application->bootstrapWith(Array)
#25 /var/www/html/backend-legacy-laravel8/vendor/laravel/framework/src/Illuminate/Foundation/Console/Kernel.php(127): Illuminate\\Foundation\\Console\\Kernel->bootstrap()
#26 /var/www/html/backend-legacy-laravel8/artisan(14): Illuminate\\Foundation\\Console\\Kernel->handle(Object(Symfony\\Component\\Console\\Input\\ArgvInput), Object(Symfony\\Component\\Console\\Output\\ConsoleOutput))
#27 {main}
"} 
[2026-05-18 17:44:07] local.ERROR: Please provide a valid cache path. {"exception":"[object] (InvalidArgumentException(code: 0): Please provide a valid cache path. at /var/www/html/backend-legacy-laravel8/vendor/laravel/framework/src/Illuminate/View/Compilers/Compiler.php:36)
[stacktrace]
#0 /var/www/html/backend-legacy-laravel8/vendor/laravel/framework/src/Illuminate/View/ViewServiceProvider.php(88): Illuminate\\View\\Compilers\\Compiler->__construct(Object(Illuminate\\Filesystem\\Filesystem), NULL)
#1 /var/www/html/backend-legacy-laravel8/vendor/laravel/framework/src/Illuminate/Container/Container.php(873): Illuminate\\View\\ViewServiceProvider->Illuminate\\View\\{closure}(Object(Illuminate\\Foundation\\Application), Array)
#2 /var/www/html/backend-legacy-laravel8/vendor/laravel/framework/src/Illuminate/Container/Container.php(758): Illuminate\\Container\\Container->build(Object(Closure))
#3 /var/www/html/backend-legacy-laravel8/vendor/laravel/framework/src/Illuminate/Foundation/Application.php(853): Illuminate\\Container\\Container->resolve('blade.compiler', Array, true)
#4 /var/www/html/backend-legacy-laravel8/vendor/laravel/framework/src/Illuminate/Container/Container.php(694): Illuminate\\Foundation\\Application->resolve('blade.compiler', Array)
#5 /var/www/html/backend-legacy-laravel8/vendor/laravel/framework/src/Illuminate/Foundation/Application.php(838): Illuminate\\Container\\Container->make('blade.compiler', Array)
#6 /var/www/html/backend-legacy-laravel8/vendor/laravel/framework/src/Illuminate/Container/Container.php(1419): Illuminate\\Foundation\\Application->make('blade.compiler')
#7 /var/www/html/backend-legacy-laravel8/vendor/laravel/framework/src/Illuminate/View/ViewServiceProvider.php(150): Illuminate\\Container\\Container->offsetGet('blade.compiler')
#8 [internal function]: Illuminate\\View\\ViewServiceProvider->Illuminate\\View\\{closure}()
#9 /var/www/html/backend-legacy-laravel8/vendor/laravel/framework/src/Illuminate/View/Engines/EngineResolver.php(55): call_user_func(Object(Closure))
#10 /var/www/html/backend-legacy-laravel8/vendor/facade/ignition/src/IgnitionServiceProvider.php(467): Illuminate\\View\\Engines\\EngineResolver->resolve('blade')
#11 /var/www/html/backend-legacy-laravel8/vendor/facade/ignition/src/IgnitionServiceProvider.php(158): Facade\\Ignition\\IgnitionServiceProvider->hasCustomViewEnginesRegistered()
#12 /var/www/html/backend-legacy-laravel8/vendor/facade/ignition/src/IgnitionServiceProvider.php(101): Facade\\Ignition\\IgnitionServiceProvider->registerViewEngines()
#13 /var/www/html/backend-legacy-laravel8/vendor/laravel/framework/src/Illuminate/Container/BoundMethod.php(36): Facade\\Ignition\\IgnitionServiceProvider->boot()
#14 /var/www/html/backend-legacy-laravel8/vendor/laravel/framework/src/Illuminate/Container/Util.php(40): Illuminate\\Container\\BoundMethod::Illuminate\\Container\\{closure}()
#15 /var/www/html/backend-legacy-laravel8/vendor/laravel/framework/src/Illuminate/Container/BoundMethod.php(93): Illuminate\\Container\\Util::unwrapIfClosure(Object(Closure))
#16 /var/www/html/backend-legacy-laravel8/vendor/laravel/framework/src/Illuminate/Container/BoundMethod.php(37): Illuminate\\Container\\BoundMethod::callBoundMethod(Object(Illuminate\\Foundation\\Application), Array, Object(Closure))
#17 /var/www/html/backend-legacy-laravel8/vendor/laravel/framework/src/Illuminate/Container/Container.php(653): Illuminate\\Container\\BoundMethod::call(Object(Illuminate\\Foundation\\Application), Array, Array, NULL)
#18 /var/www/html/backend-legacy-laravel8/vendor/laravel/framework/src/Illuminate/Foundation/Application.php(926): Illuminate\\Container\\Container->call(Array)
#19 /var/www/html/backend-legacy-laravel8/vendor/laravel/framework/src/Illuminate/Foundation/Application.php(907): Illuminate\\Foundation\\Application->bootProvider(Object(Facade\\Ignition\\IgnitionServiceProvider))
#20 [internal function]: Illuminate\\Foundation\\Application->Illuminate\\Foundation\\{closure}(Object(Facade\\Ignition\\IgnitionServiceProvider), 15)
#21 /var/www/html/backend-legacy-laravel8/vendor/laravel/framework/src/Illuminate/Foundation/Application.php(908): array_walk(Array, Object(Closure))
#22 /var/www/html/backend-legacy-laravel8/vendor/laravel/framework/src/Illuminate/Foundation/Bootstrap/BootProviders.php(17): Illuminate\\Foundation\\Application->boot()
#23 /var/www/html/backend-legacy-laravel8/vendor/laravel/framework/src/Illuminate/Foundation/Application.php(237): Illuminate\\Foundation\\Bootstrap\\BootProviders->bootstrap(Object(Illuminate\\Foundation\\Application))
#24 /var/www/html/backend-legacy-laravel8/vendor/laravel/framework/src/Illuminate/Foundation/Http/Kernel.php(153): Illuminate\\Foundation\\Application->bootstrapWith(Array)
#25 /var/www/html/backend-legacy-laravel8/vendor/laravel/framework/src/Illuminate/Foundation/Http/Kernel.php(137): Illuminate\\Foundation\\Http\\Kernel->bootstrap()
#26 /var/www/html/backend-legacy-laravel8/vendor/laravel/framework/src/Illuminate/Foundation/Http/Kernel.php(111): Illuminate\\Foundation\\Http\\Kernel->sendRequestThroughRouter(Object(Illuminate\\Http\\Request))
#27 /var/www/html/backend-legacy-laravel8/public/index.php(12): Illuminate\\Foundation\\Http\\Kernel->handle(Object(Illuminate\\Http\\Request))
#28 {main}
"} 
[2026-05-18 17:44:07] local.ERROR: Please provide a valid cache path. {"exception":"[object] (InvalidArgumentException(code: 0): Please provide a valid cache path. at /var/www/html/backend-legacy-laravel8/vendor/laravel/framework/src/Illuminate/View/Compilers/Compiler.php:36)
[stacktrace]
#0 /var/www/html/backend-legacy-laravel8/vendor/laravel/framework/src/Illuminate/View/ViewServiceProvider.php(88): Illuminate\\View\\Compilers\\Compiler->__construct(Object(Illuminate\\Filesystem\\Filesystem), NULL)
#1 /var/www/html/backend-legacy-laravel8/vendor/laravel/framework/src/Illuminate/Container/Container.php(873): Illuminate\\View\\ViewServiceProvider->Illuminate\\View\\{closure}(Object(Illuminate\\Foundation\\Application), Array)
#2 /var/www/html/backend-legacy-laravel8/vendor/laravel/framework/src/Illuminate/Container/Container.php(758): Illuminate\\Container\\Container->build(Object(Closure))
#3 /var/www/html/backend-legacy-laravel8/vendor/laravel/framework/src/Illuminate/Foundation/Application.php(853): Illuminate\\Container\\Container->resolve('blade.compiler', Array, true)
#4 /var/www/html/backend-legacy-laravel8/vendor/laravel/framework/src/Illuminate/Container/Container.php(694): Illuminate\\Foundation\\Application->resolve('blade.compiler', Array)
#5 /var/www/html/backend-legacy-laravel8/vendor/laravel/framework/src/Illuminate/Foundation/Application.php(838): Illuminate\\Container\\Container->make('blade.compiler', Array)
#6 /var/www/html/backend-legacy-laravel8/vendor/laravel/framework/src/Illuminate/Container/Container.php(1419): Illuminate\\Foundation\\Application->make('blade.compiler')
#7 /var/www/html/backend-legacy-laravel8/vendor/laravel/framework/src/Illuminate/View/ViewServiceProvider.php(150): Illuminate\\Container\\Container->offsetGet('blade.compiler')
#8 [internal function]: Illuminate\\View\\ViewServiceProvider->Illuminate\\View\\{closure}()
#9 /var/www/html/backend-legacy-laravel8/vendor/laravel/framework/src/Illuminate/View/Engines/EngineResolver.php(55): call_user_func(Object(Closure))
#10 /var/www/html/backend-legacy-laravel8/vendor/facade/ignition/src/IgnitionServiceProvider.php(467): Illuminate\\View\\Engines\\EngineResolver->resolve('blade')
#11 /var/www/html/backend-legacy-laravel8/vendor/facade/ignition/src/IgnitionServiceProvider.php(158): Facade\\Ignition\\IgnitionServiceProvider->hasCustomViewEnginesRegistered()
#12 /var/www/html/backend-legacy-laravel8/vendor/facade/ignition/src/IgnitionServiceProvider.php(101): Facade\\Ignition\\IgnitionServiceProvider->registerViewEngines()
#13 /var/www/html/backend-legacy-laravel8/vendor/laravel/framework/src/Illuminate/Container/BoundMethod.php(36): Facade\\Ignition\\IgnitionServiceProvider->boot()
#14 /var/www/html/backend-legacy-laravel8/vendor/laravel/framework/src/Illuminate/Container/Util.php(40): Illuminate\\Container\\BoundMethod::Illuminate\\Container\\{closure}()
#15 /var/www/html/backend-legacy-laravel8/vendor/laravel/framework/src/Illuminate/Container/BoundMethod.php(93): Illuminate\\Container\\Util::unwrapIfClosure(Object(Closure))
#16 /var/www/html/backend-legacy-laravel8/vendor/laravel/framework/src/Illuminate/Container/BoundMethod.php(37): Illuminate\\Container\\BoundMethod::callBoundMethod(Object(Illuminate\\Foundation\\Application), Array, Object(Closure))
#17 /var/www/html/backend-legacy-laravel8/vendor/laravel/framework/src/Illuminate/Container/Container.php(653): Illuminate\\Container\\BoundMethod::call(Object(Illuminate\\Foundation\\Application), Array, Array, NULL)
#18 /var/www/html/backend-legacy-laravel8/vendor/laravel/framework/src/Illuminate/Foundation/Application.php(926): Illuminate\\Container\\Container->call(Array)
#19 /var/www/html/backend-legacy-laravel8/vendor/laravel/framework/src/Illuminate/Foundation/Application.php(907): Illuminate\\Foundation\\Application->bootProvider(Object(Facade\\Ignition\\IgnitionServiceProvider))
#20 [internal function]: Illuminate\\Foundation\\Application->Illuminate\\Foundation\\{closure}(Object(Facade\\Ignition\\IgnitionServiceProvider), 15)
#21 /var/www/html/backend-legacy-laravel8/vendor/laravel/framework/src/Illuminate/Foundation/Application.php(908): array_walk(Array, Object(Closure))
#22 /var/www/html/backend-legacy-laravel8/vendor/laravel/framework/src/Illuminate/Foundation/Bootstrap/BootProviders.php(17): Illuminate\\Foundation\\Application->boot()
#23 /var/www/html/backend-legacy-laravel8/vendor/laravel/framework/src/Illuminate/Foundation/Application.php(237): Illuminate\\Foundation\\Bootstrap\\BootProviders->bootstrap(Object(Illuminate\\Foundation\\Application))
#24 /var/www/html/backend-legacy-laravel8/vendor/laravel/framework/src/Illuminate/Foundation/Http/Kernel.php(153): Illuminate\\Foundation\\Application->bootstrapWith(Array)
#25 /var/www/html/backend-legacy-laravel8/vendor/laravel/framework/src/Illuminate/Foundation/Http/Kernel.php(137): Illuminate\\Foundation\\Http\\Kernel->bootstrap()
#26 /var/www/html/backend-legacy-laravel8/vendor/laravel/framework/src/Illuminate/Foundation/Http/Kernel.php(111): Illuminate\\Foundation\\Http\\Kernel->sendRequestThroughRouter(Object(Illuminate\\Http\\Request))
#27 /var/www/html/backend-legacy-laravel8/public/index.php(12): Illuminate\\Foundation\\Http\\Kernel->handle(Object(Illuminate\\Http\\Request))
#28 {main}
"} 
[2026-05-18 17:44:09] local.ERROR: Please provide a valid cache path. {"exception":"[object] (InvalidArgumentException(code: 0): Please provide a valid cache path. at /var/www/html/backend-legacy-laravel8/vendor/laravel/framework/src/Illuminate/View/Compilers/Compiler.php:36)
[stacktrace]
#0 /var/www/html/backend-legacy-laravel8/vendor/laravel/framework/src/Illuminate/View/ViewServiceProvider.php(88): Illuminate\\View\\Compilers\\Compiler->__construct(Object(Illuminate\\Filesystem\\Filesystem), NULL)
#1 /var/www/html/backend-legacy-laravel8/vendor/laravel/framework/src/Illuminate/Container/Container.php(873): Illuminate\\View\\ViewServiceProvider->Illuminate\\View\\{closure}(Object(Illuminate\\Foundation\\Application), Array)
#2 /var/www/html/backend-legacy-laravel8/vendor/laravel/framework/src/Illuminate/Container/Container.php(758): Illuminate\\Container\\Container->build(Object(Closure))
#3 /var/www/html/backend-legacy-laravel8/vendor/laravel/framework/src/Illuminate/Foundation/Application.php(853): Illuminate\\Container\\Container->resolve('blade.compiler', Array, true)
#4 /var/www/html/backend-legacy-laravel8/vendor/laravel/framework/src/Illuminate/Container/Container.php(694): Illuminate\\Foundation\\Application->resolve('blade.compiler', Array)
#5 /var/www/html/backend-legacy-laravel8/vendor/laravel/framework/src/Illuminate/Foundation/Application.php(838): Illuminate\\Container\\Container->make('blade.compiler', Array)
#6 /var/www/html/backend-legacy-laravel8/vendor/laravel/framework/src/Illuminate/Container/Container.php(1419): Illuminate\\Foundation\\Application->make('blade.compiler')
#7 /var/www/html/backend-legacy-laravel8/vendor/laravel/framework/src/Illuminate/View/ViewServiceProvider.php(150): Illuminate\\Container\\Container->offsetGet('blade.compiler')
#8 [internal function]: Illuminate\\View\\ViewServiceProvider->Illuminate\\View\\{closure}()
#9 /var/www/html/backend-legacy-laravel8/vendor/laravel/framework/src/Illuminate/View/Engines/EngineResolver.php(55): call_user_func(Object(Closure))
#10 /var/www/html/backend-legacy-laravel8/vendor/facade/ignition/src/IgnitionServiceProvider.php(467): Illuminate\\View\\Engines\\EngineResolver->resolve('blade')
#11 /var/www/html/backend-legacy-laravel8/vendor/facade/ignition/src/IgnitionServiceProvider.php(158): Facade\\Ignition\\IgnitionServiceProvider->hasCustomViewEnginesRegistered()
#12 /var/www/html/backend-legacy-laravel8/vendor/facade/ignition/src/IgnitionServiceProvider.php(101): Facade\\Ignition\\IgnitionServiceProvider->registerViewEngines()
#13 /var/www/html/backend-legacy-laravel8/vendor/laravel/framework/src/Illuminate/Container/BoundMethod.php(36): Facade\\Ignition\\IgnitionServiceProvider->boot()
#14 /var/www/html/backend-legacy-laravel8/vendor/laravel/framework/src/Illuminate/Container/Util.php(40): Illuminate\\Container\\BoundMethod::Illuminate\\Container\\{closure}()
#15 /var/www/html/backend-legacy-laravel8/vendor/laravel/framework/src/Illuminate/Container/BoundMethod.php(93): Illuminate\\Container\\Util::unwrapIfClosure(Object(Closure))
#16 /var/www/html/backend-legacy-laravel8/vendor/laravel/framework/src/Illuminate/Container/BoundMethod.php(37): Illuminate\\Container\\BoundMethod::callBoundMethod(Object(Illuminate\\Foundation\\Application), Array, Object(Closure))
#17 /var/www/html/backend-legacy-laravel8/vendor/laravel/framework/src/Illuminate/Container/Container.php(653): Illuminate\\Container\\BoundMethod::call(Object(Illuminate\\Foundation\\Application), Array, Array, NULL)
#18 /var/www/html/backend-legacy-laravel8/vendor/laravel/framework/src/Illuminate/Foundation/Application.php(926): Illuminate\\Container\\Container->call(Array)
#19 /var/www/html/backend-legacy-laravel8/vendor/laravel/framework/src/Illuminate/Foundation/Application.php(907): Illuminate\\Foundation\\Application->bootProvider(Object(Facade\\Ignition\\IgnitionServiceProvider))
#20 [internal function]: Illuminate\\Foundation\\Application->Illuminate\\Foundation\\{closure}(Object(Facade\\Ignition\\IgnitionServiceProvider), 15)
#21 /var/www/html/backend-legacy-laravel8/vendor/laravel/framework/src/Illuminate/Foundation/Application.php(908): array_walk(Array, Object(Closure))
#22 /var/www/html/backend-legacy-laravel8/vendor/laravel/framework/src/Illuminate/Foundation/Bootstrap/BootProviders.php(17): Illuminate\\Foundation\\Application->boot()
#23 /var/www/html/backend-legacy-laravel8/vendor/laravel/framework/src/Illuminate/Foundation/Application.php(237): Illuminate\\Foundation\\Bootstrap\\BootProviders->bootstrap(Object(Illuminate\\Foundation\\Application))
#24 /var/www/html/backend-legacy-laravel8/vendor/laravel/framework/src/Illuminate/Foundation/Http/Kernel.php(153): Illuminate\\Foundation\\Application->bootstrapWith(Array)
#25 /var/www/html/backend-legacy-laravel8/vendor/laravel/framework/src/Illuminate/Foundation/Http/Kernel.php(137): Illuminate\\Foundation\\Http\\Kernel->bootstrap()
#26 /var/www/html/backend-legacy-laravel8/vendor/laravel/framework/src/Illuminate/Foundation/Http/Kernel.php(111): Illuminate\\Foundation\\Http\\Kernel->sendRequestThroughRouter(Object(Illuminate\\Http\\Request))
#27 /var/www/html/backend-legacy-laravel8/public/index.php(12): Illuminate\\Foundation\\Http\\Kernel->handle(Object(Illuminate\\Http\\Request))
#28 {main}
"} 
[2026-05-18 17:44:09] local.ERROR: Please provide a valid cache path. {"exception":"[object] (InvalidArgumentException(code: 0): Please provide a valid cache path. at /var/www/html/backend-legacy-laravel8/vendor/laravel/framework/src/Illuminate/View/Compilers/Compiler.php:36)
[stacktrace]
#0 /var/www/html/backend-legacy-laravel8/vendor/laravel/framework/src/Illuminate/View/ViewServiceProvider.php(88): Illuminate\\View\\Compilers\\Compiler->__construct(Object(Illuminate\\Filesystem\\Filesystem), NULL)
#1 /var/www/html/backend-legacy-laravel8/vendor/laravel/framework/src/Illuminate/Container/Container.php(873): Illuminate\\View\\ViewServiceProvider->Illuminate\\View\\{closure}(Object(Illuminate\\Foundation\\Application), Array)
#2 /var/www/html/backend-legacy-laravel8/vendor/laravel/framework/src/Illuminate/Container/Container.php(758): Illuminate\\Container\\Container->build(Object(Closure))
#3 /var/www/html/backend-legacy-laravel8/vendor/laravel/framework/src/Illuminate/Foundation/Application.php(853): Illuminate\\Container\\Container->resolve('blade.compiler', Array, true)
#4 /var/www/html/backend-legacy-laravel8/vendor/laravel/framework/src/Illuminate/Container/Container.php(694): Illuminate\\Foundation\\Application->resolve('blade.compiler', Array)
#5 /var/www/html/backend-legacy-laravel8/vendor/laravel/framework/src/Illuminate/Foundation/Application.php(838): Illuminate\\Container\\Container->make('blade.compiler', Array)
#6 /var/www/html/backend-legacy-laravel8/vendor/laravel/framework/src/Illuminate/Container/Container.php(1419): Illuminate\\Foundation\\Application->make('blade.compiler')
#7 /var/www/html/backend-legacy-laravel8/vendor/laravel/framework/src/Illuminate/View/ViewServiceProvider.php(150): Illuminate\\Container\\Container->offsetGet('blade.compiler')
#8 [internal function]: Illuminate\\View\\ViewServiceProvider->Illuminate\\View\\{closure}()
#9 /var/www/html/backend-legacy-laravel8/vendor/laravel/framework/src/Illuminate/View/Engines/EngineResolver.php(55): call_user_func(Object(Closure))
#10 /var/www/html/backend-legacy-laravel8/vendor/facade/ignition/src/IgnitionServiceProvider.php(467): Illuminate\\View\\Engines\\EngineResolver->resolve('blade')
#11 /var/www/html/backend-legacy-laravel8/vendor/facade/ignition/src/IgnitionServiceProvider.php(158): Facade\\Ignition\\IgnitionServiceProvider->hasCustomViewEnginesRegistered()
#12 /var/www/html/backend-legacy-laravel8/vendor/facade/ignition/src/IgnitionServiceProvider.php(101): Facade\\Ignition\\IgnitionServiceProvider->registerViewEngines()
#13 /var/www/html/backend-legacy-laravel8/vendor/laravel/framework/src/Illuminate/Container/BoundMethod.php(36): Facade\\Ignition\\IgnitionServiceProvider->boot()
#14 /var/www/html/backend-legacy-laravel8/vendor/laravel/framework/src/Illuminate/Container/Util.php(40): Illuminate\\Container\\BoundMethod::Illuminate\\Container\\{closure}()
#15 /var/www/html/backend-legacy-laravel8/vendor/laravel/framework/src/Illuminate/Container/BoundMethod.php(93): Illuminate\\Container\\Util::unwrapIfClosure(Object(Closure))
#16 /var/www/html/backend-legacy-laravel8/vendor/laravel/framework/src/Illuminate/Container/BoundMethod.php(37): Illuminate\\Container\\BoundMethod::callBoundMethod(Object(Illuminate\\Foundation\\Application), Array, Object(Closure))
#17 /var/www/html/backend-legacy-laravel8/vendor/laravel/framework/src/Illuminate/Container/Container.php(653): Illuminate\\Container\\BoundMethod::call(Object(Illuminate\\Foundation\\Application), Array, Array, NULL)
#18 /var/www/html/backend-legacy-laravel8/vendor/laravel/framework/src/Illuminate/Foundation/Application.php(926): Illuminate\\Container\\Container->call(Array)
#19 /var/www/html/backend-legacy-laravel8/vendor/laravel/framework/src/Illuminate/Foundation/Application.php(907): Illuminate\\Foundation\\Application->bootProvider(Object(Facade\\Ignition\\IgnitionServiceProvider))
#20 [internal function]: Illuminate\\Foundation\\Application->Illuminate\\Foundation\\{closure}(Object(Facade\\Ignition\\IgnitionServiceProvider), 15)
#21 /var/www/html/backend-legacy-laravel8/vendor/laravel/framework/src/Illuminate/Foundation/Application.php(908): array_walk(Array, Object(Closure))
#22 /var/www/html/backend-legacy-laravel8/vendor/laravel/framework/src/Illuminate/Foundation/Bootstrap/BootProviders.php(17): Illuminate\\Foundation\\Application->boot()
#23 /var/www/html/backend-legacy-laravel8/vendor/laravel/framework/src/Illuminate/Foundation/Application.php(237): Illuminate\\Foundation\\Bootstrap\\BootProviders->bootstrap(Object(Illuminate\\Foundation\\Application))
#24 /var/www/html/backend-legacy-laravel8/vendor/laravel/framework/src/Illuminate/Foundation/Http/Kernel.php(153): Illuminate\\Foundation\\Application->bootstrapWith(Array)
#25 /var/www/html/backend-legacy-laravel8/vendor/laravel/framework/src/Illuminate/Foundation/Http/Kernel.php(137): Illuminate\\Foundation\\Http\\Kernel->bootstrap()
#26 /var/www/html/backend-legacy-laravel8/vendor/laravel/framework/src/Illuminate/Foundation/Http/Kernel.php(111): Illuminate\\Foundation\\Http\\Kernel->sendRequestThroughRouter(Object(Illuminate\\Http\\Request))
#27 /var/www/html/backend-legacy-laravel8/public/index.php(12): Illuminate\\Foundation\\Http\\Kernel->handle(Object(Illuminate\\Http\\Request))
#28 {main}
"} 
[2026-05-18 17:44:10] local.ERROR: Please provide a valid cache path. {"exception":"[object] (InvalidArgumentException(code: 0): Please provide a valid cache path. at /var/www/html/backend-legacy-laravel8/vendor/laravel/framework/src/Illuminate/View/Compilers/Compiler.php:36)
[stacktrace]
#0 /var/www/html/backend-legacy-laravel8/vendor/laravel/framework/src/Illuminate/View/ViewServiceProvider.php(88): Illuminate\\View\\Compilers\\Compiler->__construct(Object(Illuminate\\Filesystem\\Filesystem), NULL)
#1 /var/www/html/backend-legacy-laravel8/vendor/laravel/framework/src/Illuminate/Container/Container.php(873): Illuminate\\View\\ViewServiceProvider->Illuminate\\View\\{closure}(Object(Illuminate\\Foundation\\Application), Array)
#2 /var/www/html/backend-legacy-laravel8/vendor/laravel/framework/src/Illuminate/Container/Container.php(758): Illuminate\\Container\\Container->build(Object(Closure))
#3 /var/www/html/backend-legacy-laravel8/vendor/laravel/framework/src/Illuminate/Foundation/Application.php(853): Illuminate\\Container\\Container->resolve('blade.compiler', Array, true)
#4 /var/www/html/backend-legacy-laravel8/vendor/laravel/framework/src/Illuminate/Container/Container.php(694): Illuminate\\Foundation\\Application->resolve('blade.compiler', Array)
#5 /var/www/html/backend-legacy-laravel8/vendor/laravel/framework/src/Illuminate/Foundation/Application.php(838): Illuminate\\Container\\Container->make('blade.compiler', Array)
#6 /var/www/html/backend-legacy-laravel8/vendor/laravel/framework/src/Illuminate/Container/Container.php(1419): Illuminate\\Foundation\\Application->make('blade.compiler')
#7 /var/www/html/backend-legacy-laravel8/vendor/laravel/framework/src/Illuminate/View/ViewServiceProvider.php(150): Illuminate\\Container\\Container->offsetGet('blade.compiler')
#8 [internal function]: Illuminate\\View\\ViewServiceProvider->Illuminate\\View\\{closure}()
#9 /var/www/html/backend-legacy-laravel8/vendor/laravel/framework/src/Illuminate/View/Engines/EngineResolver.php(55): call_user_func(Object(Closure))
#10 /var/www/html/backend-legacy-laravel8/vendor/facade/ignition/src/IgnitionServiceProvider.php(467): Illuminate\\View\\Engines\\EngineResolver->resolve('blade')
#11 /var/www/html/backend-legacy-laravel8/vendor/facade/ignition/src/IgnitionServiceProvider.php(158): Facade\\Ignition\\IgnitionServiceProvider->hasCustomViewEnginesRegistered()
#12 /var/www/html/backend-legacy-laravel8/vendor/facade/ignition/src/IgnitionServiceProvider.php(101): Facade\\Ignition\\IgnitionServiceProvider->registerViewEngines()
#13 /var/www/html/backend-legacy-laravel8/vendor/laravel/framework/src/Illuminate/Container/BoundMethod.php(36): Facade\\Ignition\\IgnitionServiceProvider->boot()
#14 /var/www/html/backend-legacy-laravel8/vendor/laravel/framework/src/Illuminate/Container/Util.php(40): Illuminate\\Container\\BoundMethod::Illuminate\\Container\\{closure}()
#15 /var/www/html/backend-legacy-laravel8/vendor/laravel/framework/src/Illuminate/Container/BoundMethod.php(93): Illuminate\\Container\\Util::unwrapIfClosure(Object(Closure))
#16 /var/www/html/backend-legacy-laravel8/vendor/laravel/framework/src/Illuminate/Container/BoundMethod.php(37): Illuminate\\Container\\BoundMethod::callBoundMethod(Object(Illuminate\\Foundation\\Application), Array, Object(Closure))
#17 /var/www/html/backend-legacy-laravel8/vendor/laravel/framework/src/Illuminate/Container/Container.php(653): Illuminate\\Container\\BoundMethod::call(Object(Illuminate\\Foundation\\Application), Array, Array, NULL)
#18 /var/www/html/backend-legacy-laravel8/vendor/laravel/framework/src/Illuminate/Foundation/Application.php(926): Illuminate\\Container\\Container->call(Array)
#19 /var/www/html/backend-legacy-laravel8/vendor/laravel/framework/src/Illuminate/Foundation/Application.php(907): Illuminate\\Foundation\\Application->bootProvider(Object(Facade\\Ignition\\IgnitionServiceProvider))
#20 [internal function]: Illuminate\\Foundation\\Application->Illuminate\\Foundation\\{closure}(Object(Facade\\Ignition\\IgnitionServiceProvider), 15)
#21 /var/www/html/backend-legacy-laravel8/vendor/laravel/framework/src/Illuminate/Foundation/Application.php(908): array_walk(Array, Object(Closure))
#22 /var/www/html/backend-legacy-laravel8/vendor/laravel/framework/src/Illuminate/Foundation/Bootstrap/BootProviders.php(17): Illuminate\\Foundation\\Application->boot()
#23 /var/www/html/backend-legacy-laravel8/vendor/laravel/framework/src/Illuminate/Foundation/Application.php(237): Illuminate\\Foundation\\Bootstrap\\BootProviders->bootstrap(Object(Illuminate\\Foundation\\Application))
#24 /var/www/html/backend-legacy-laravel8/vendor/laravel/framework/src/Illuminate/Foundation/Http/Kernel.php(153): Illuminate\\Foundation\\Application->bootstrapWith(Array)
#25 /var/www/html/backend-legacy-laravel8/vendor/laravel/framework/src/Illuminate/Foundation/Http/Kernel.php(137): Illuminate\\Foundation\\Http\\Kernel->bootstrap()
#26 /var/www/html/backend-legacy-laravel8/vendor/laravel/framework/src/Illuminate/Foundation/Http/Kernel.php(111): Illuminate\\Foundation\\Http\\Kernel->sendRequestThroughRouter(Object(Illuminate\\Http\\Request))
#27 /var/www/html/backend-legacy-laravel8/public/index.php(12): Illuminate\\Foundation\\Http\\Kernel->handle(Object(Illuminate\\Http\\Request))
#28 {main}
"} 
[2026-05-18 17:44:10] local.ERROR: Please provide a valid cache path. {"exception":"[object] (InvalidArgumentException(code: 0): Please provide a valid cache path. at /var/www/html/backend-legacy-laravel8/vendor/laravel/framework/src/Illuminate/View/Compilers/Compiler.php:36)
[stacktrace]
#0 /var/www/html/backend-legacy-laravel8/vendor/laravel/framework/src/Illuminate/View/ViewServiceProvider.php(88): Illuminate\\View\\Compilers\\Compiler->__construct(Object(Illuminate\\Filesystem\\Filesystem), NULL)
#1 /var/www/html/backend-legacy-laravel8/vendor/laravel/framework/src/Illuminate/Container/Container.php(873): Illuminate\\View\\ViewServiceProvider->Illuminate\\View\\{closure}(Object(Illuminate\\Foundation\\Application), Array)
#2 /var/www/html/backend-legacy-laravel8/vendor/laravel/framework/src/Illuminate/Container/Container.php(758): Illuminate\\Container\\Container->build(Object(Closure))
#3 /var/www/html/backend-legacy-laravel8/vendor/laravel/framework/src/Illuminate/Foundation/Application.php(853): Illuminate\\Container\\Container->resolve('blade.compiler', Array, true)
#4 /var/www/html/backend-legacy-laravel8/vendor/laravel/framework/src/Illuminate/Container/Container.php(694): Illuminate\\Foundation\\Application->resolve('blade.compiler', Array)
#5 /var/www/html/backend-legacy-laravel8/vendor/laravel/framework/src/Illuminate/Foundation/Application.php(838): Illuminate\\Container\\Container->make('blade.compiler', Array)
#6 /var/www/html/backend-legacy-laravel8/vendor/laravel/framework/src/Illuminate/Container/Container.php(1419): Illuminate\\Foundation\\Application->make('blade.compiler')
#7 /var/www/html/backend-legacy-laravel8/vendor/laravel/framework/src/Illuminate/View/ViewServiceProvider.php(150): Illuminate\\Container\\Container->offsetGet('blade.compiler')
#8 [internal function]: Illuminate\\View\\ViewServiceProvider->Illuminate\\View\\{closure}()
#9 /var/www/html/backend-legacy-laravel8/vendor/laravel/framework/src/Illuminate/View/Engines/EngineResolver.php(55): call_user_func(Object(Closure))
#10 /var/www/html/backend-legacy-laravel8/vendor/facade/ignition/src/IgnitionServiceProvider.php(467): Illuminate\\View\\Engines\\EngineResolver->resolve('blade')
#11 /var/www/html/backend-legacy-laravel8/vendor/facade/ignition/src/IgnitionServiceProvider.php(158): Facade\\Ignition\\IgnitionServiceProvider->hasCustomViewEnginesRegistered()
#12 /var/www/html/backend-legacy-laravel8/vendor/facade/ignition/src/IgnitionServiceProvider.php(101): Facade\\Ignition\\IgnitionServiceProvider->registerViewEngines()
#13 /var/www/html/backend-legacy-laravel8/vendor/laravel/framework/src/Illuminate/Container/BoundMethod.php(36): Facade\\Ignition\\IgnitionServiceProvider->boot()
#14 /var/www/html/backend-legacy-laravel8/vendor/laravel/framework/src/Illuminate/Container/Util.php(40): Illuminate\\Container\\BoundMethod::Illuminate\\Container\\{closure}()
#15 /var/www/html/backend-legacy-laravel8/vendor/laravel/framework/src/Illuminate/Container/BoundMethod.php(93): Illuminate\\Container\\Util::unwrapIfClosure(Object(Closure))
#16 /var/www/html/backend-legacy-laravel8/vendor/laravel/framework/src/Illuminate/Container/BoundMethod.php(37): Illuminate\\Container\\BoundMethod::callBoundMethod(Object(Illuminate\\Foundation\\Application), Array, Object(Closure))
#17 /var/www/html/backend-legacy-laravel8/vendor/laravel/framework/src/Illuminate/Container/Container.php(653): Illuminate\\Container\\BoundMethod::call(Object(Illuminate\\Foundation\\Application), Array, Array, NULL)
#18 /var/www/html/backend-legacy-laravel8/vendor/laravel/framework/src/Illuminate/Foundation/Application.php(926): Illuminate\\Container\\Container->call(Array)
#19 /var/www/html/backend-legacy-laravel8/vendor/laravel/framework/src/Illuminate/Foundation/Application.php(907): Illuminate\\Foundation\\Application->bootProvider(Object(Facade\\Ignition\\IgnitionServiceProvider))
#20 [internal function]: Illuminate\\Foundation\\Application->Illuminate\\Foundation\\{closure}(Object(Facade\\Ignition\\IgnitionServiceProvider), 15)
#21 /var/www/html/backend-legacy-laravel8/vendor/laravel/framework/src/Illuminate/Foundation/Application.php(908): array_walk(Array, Object(Closure))
#22 /var/www/html/backend-legacy-laravel8/vendor/laravel/framework/src/Illuminate/Foundation/Bootstrap/BootProviders.php(17): Illuminate\\Foundation\\Application->boot()
#23 /var/www/html/backend-legacy-laravel8/vendor/laravel/framework/src/Illuminate/Foundation/Application.php(237): Illuminate\\Foundation\\Bootstrap\\BootProviders->bootstrap(Object(Illuminate\\Foundation\\Application))
#24 /var/www/html/backend-legacy-laravel8/vendor/laravel/framework/src/Illuminate/Foundation/Http/Kernel.php(153): Illuminate\\Foundation\\Application->bootstrapWith(Array)
#25 /var/www/html/backend-legacy-laravel8/vendor/laravel/framework/src/Illuminate/Foundation/Http/Kernel.php(137): Illuminate\\Foundation\\Http\\Kernel->bootstrap()
#26 /var/www/html/backend-legacy-laravel8/vendor/laravel/framework/src/Illuminate/Foundation/Http/Kernel.php(111): Illuminate\\Foundation\\Http\\Kernel->sendRequestThroughRouter(Object(Illuminate\\Http\\Request))
#27 /var/www/html/backend-legacy-laravel8/public/index.php(12): Illuminate\\Foundation\\Http\\Kernel->handle(Object(Illuminate\\Http\\Request))
#28 {main}
"} 
[2026-05-18 17:44:10] local.ERROR: Please provide a valid cache path. {"exception":"[object] (InvalidArgumentException(code: 0): Please provide a valid cache path. at /var/www/html/backend-legacy-laravel8/vendor/laravel/framework/src/Illuminate/View/Compilers/Compiler.php:36)
[stacktrace]
#0 /var/www/html/backend-legacy-laravel8/vendor/laravel/framework/src/Illuminate/View/ViewServiceProvider.php(88): Illuminate\\View\\Compilers\\Compiler->__construct(Object(Illuminate\\Filesystem\\Filesystem), NULL)
#1 /var/www/html/backend-legacy-laravel8/vendor/laravel/framework/src/Illuminate/Container/Container.php(873): Illuminate\\View\\ViewServiceProvider->Illuminate\\View\\{closure}(Object(Illuminate\\Foundation\\Application), Array)
#2 /var/www/html/backend-legacy-laravel8/vendor/laravel/framework/src/Illuminate/Container/Container.php(758): Illuminate\\Container\\Container->build(Object(Closure))
#3 /var/www/html/backend-legacy-laravel8/vendor/laravel/framework/src/Illuminate/Foundation/Application.php(853): Illuminate\\Container\\Container->resolve('blade.compiler', Array, true)
#4 /var/www/html/backend-legacy-laravel8/vendor/laravel/framework/src/Illuminate/Container/Container.php(694): Illuminate\\Foundation\\Application->resolve('blade.compiler', Array)
#5 /var/www/html/backend-legacy-laravel8/vendor/laravel/framework/src/Illuminate/Foundation/Application.php(838): Illuminate\\Container\\Container->make('blade.compiler', Array)
#6 /var/www/html/backend-legacy-laravel8/vendor/laravel/framework/src/Illuminate/Container/Container.php(1419): Illuminate\\Foundation\\Application->make('blade.compiler')
#7 /var/www/html/backend-legacy-laravel8/vendor/laravel/framework/src/Illuminate/View/ViewServiceProvider.php(150): Illuminate\\Container\\Container->offsetGet('blade.compiler')
#8 [internal function]: Illuminate\\View\\ViewServiceProvider->Illuminate\\View\\{closure}()
#9 /var/www/html/backend-legacy-laravel8/vendor/laravel/framework/src/Illuminate/View/Engines/EngineResolver.php(55): call_user_func(Object(Closure))
#10 /var/www/html/backend-legacy-laravel8/vendor/facade/ignition/src/IgnitionServiceProvider.php(467): Illuminate\\View\\Engines\\EngineResolver->resolve('blade')
#11 /var/www/html/backend-legacy-laravel8/vendor/facade/ignition/src/IgnitionServiceProvider.php(158): Facade\\Ignition\\IgnitionServiceProvider->hasCustomViewEnginesRegistered()
#12 /var/www/html/backend-legacy-laravel8/vendor/facade/ignition/src/IgnitionServiceProvider.php(101): Facade\\Ignition\\IgnitionServiceProvider->registerViewEngines()
#13 /var/www/html/backend-legacy-laravel8/vendor/laravel/framework/src/Illuminate/Container/BoundMethod.php(36): Facade\\Ignition\\IgnitionServiceProvider->boot()
#14 /var/www/html/backend-legacy-laravel8/vendor/laravel/framework/src/Illuminate/Container/Util.php(40): Illuminate\\Container\\BoundMethod::Illuminate\\Container\\{closure}()
#15 /var/www/html/backend-legacy-laravel8/vendor/laravel/framework/src/Illuminate/Container/BoundMethod.php(93): Illuminate\\Container\\Util::unwrapIfClosure(Object(Closure))
#16 /var/www/html/backend-legacy-laravel8/vendor/laravel/framework/src/Illuminate/Container/BoundMethod.php(37): Illuminate\\Container\\BoundMethod::callBoundMethod(Object(Illuminate\\Foundation\\Application), Array, Object(Closure))
#17 /var/www/html/backend-legacy-laravel8/vendor/laravel/framework/src/Illuminate/Container/Container.php(653): Illuminate\\Container\\BoundMethod::call(Object(Illuminate\\Foundation\\Application), Array, Array, NULL)
#18 /var/www/html/backend-legacy-laravel8/vendor/laravel/framework/src/Illuminate/Foundation/Application.php(926): Illuminate\\Container\\Container->call(Array)
#19 /var/www/html/backend-legacy-laravel8/vendor/laravel/framework/src/Illuminate/Foundation/Application.php(907): Illuminate\\Foundation\\Application->bootProvider(Object(Facade\\Ignition\\IgnitionServiceProvider))
#20 [internal function]: Illuminate\\Foundation\\Application->Illuminate\\Foundation\\{closure}(Object(Facade\\Ignition\\IgnitionServiceProvider), 15)
#21 /var/www/html/backend-legacy-laravel8/vendor/laravel/framework/src/Illuminate/Foundation/Application.php(908): array_walk(Array, Object(Closure))
#22 /var/www/html/backend-legacy-laravel8/vendor/laravel/framework/src/Illuminate/Foundation/Bootstrap/BootProviders.php(17): Illuminate\\Foundation\\Application->boot()
#23 /var/www/html/backend-legacy-laravel8/vendor/laravel/framework/src/Illuminate/Foundation/Application.php(237): Illuminate\\Foundation\\Bootstrap\\BootProviders->bootstrap(Object(Illuminate\\Foundation\\Application))
#24 /var/www/html/backend-legacy-laravel8/vendor/laravel/framework/src/Illuminate/Foundation/Http/Kernel.php(153): Illuminate\\Foundation\\Application->bootstrapWith(Array)
#25 /var/www/html/backend-legacy-laravel8/vendor/laravel/framework/src/Illuminate/Foundation/Http/Kernel.php(137): Illuminate\\Foundation\\Http\\Kernel->bootstrap()
#26 /var/www/html/backend-legacy-laravel8/vendor/laravel/framework/src/Illuminate/Foundation/Http/Kernel.php(111): Illuminate\\Foundation\\Http\\Kernel->sendRequestThroughRouter(Object(Illuminate\\Http\\Request))
#27 /var/www/html/backend-legacy-laravel8/public/index.php(12): Illuminate\\Foundation\\Http\\Kernel->handle(Object(Illuminate\\Http\\Request))
#28 {main}
"} 
[2026-05-18 17:44:10] local.ERROR: Please provide a valid cache path. {"exception":"[object] (InvalidArgumentException(code: 0): Please provide a valid cache path. at /var/www/html/backend-legacy-laravel8/vendor/laravel/framework/src/Illuminate/View/Compilers/Compiler.php:36)
[stacktrace]
#0 /var/www/html/backend-legacy-laravel8/vendor/laravel/framework/src/Illuminate/View/ViewServiceProvider.php(88): Illuminate\\View\\Compilers\\Compiler->__construct(Object(Illuminate\\Filesystem\\Filesystem), NULL)
#1 /var/www/html/backend-legacy-laravel8/vendor/laravel/framework/src/Illuminate/Container/Container.php(873): Illuminate\\View\\ViewServiceProvider->Illuminate\\View\\{closure}(Object(Illuminate\\Foundation\\Application), Array)
#2 /var/www/html/backend-legacy-laravel8/vendor/laravel/framework/src/Illuminate/Container/Container.php(758): Illuminate\\Container\\Container->build(Object(Closure))
#3 /var/www/html/backend-legacy-laravel8/vendor/laravel/framework/src/Illuminate/Foundation/Application.php(853): Illuminate\\Container\\Container->resolve('blade.compiler', Array, true)
#4 /var/www/html/backend-legacy-laravel8/vendor/laravel/framework/src/Illuminate/Container/Container.php(694): Illuminate\\Foundation\\Application->resolve('blade.compiler', Array)
#5 /var/www/html/backend-legacy-laravel8/vendor/laravel/framework/src/Illuminate/Foundation/Application.php(838): Illuminate\\Container\\Container->make('blade.compiler', Array)
#6 /var/www/html/backend-legacy-laravel8/vendor/laravel/framework/src/Illuminate/Container/Container.php(1419): Illuminate\\Foundation\\Application->make('blade.compiler')
#7 /var/www/html/backend-legacy-laravel8/vendor/laravel/framework/src/Illuminate/View/ViewServiceProvider.php(150): Illuminate\\Container\\Container->offsetGet('blade.compiler')
#8 [internal function]: Illuminate\\View\\ViewServiceProvider->Illuminate\\View\\{closure}()
#9 /var/www/html/backend-legacy-laravel8/vendor/laravel/framework/src/Illuminate/View/Engines/EngineResolver.php(55): call_user_func(Object(Closure))
#10 /var/www/html/backend-legacy-laravel8/vendor/facade/ignition/src/IgnitionServiceProvider.php(467): Illuminate\\View\\Engines\\EngineResolver->resolve('blade')
#11 /var/www/html/backend-legacy-laravel8/vendor/facade/ignition/src/IgnitionServiceProvider.php(158): Facade\\Ignition\\IgnitionServiceProvider->hasCustomViewEnginesRegistered()
#12 /var/www/html/backend-legacy-laravel8/vendor/facade/ignition/src/IgnitionServiceProvider.php(101): Facade\\Ignition\\IgnitionServiceProvider->registerViewEngines()
#13 /var/www/html/backend-legacy-laravel8/vendor/laravel/framework/src/Illuminate/Container/BoundMethod.php(36): Facade\\Ignition\\IgnitionServiceProvider->boot()
#14 /var/www/html/backend-legacy-laravel8/vendor/laravel/framework/src/Illuminate/Container/Util.php(40): Illuminate\\Container\\BoundMethod::Illuminate\\Container\\{closure}()
#15 /var/www/html/backend-legacy-laravel8/vendor/laravel/framework/src/Illuminate/Container/BoundMethod.php(93): Illuminate\\Container\\Util::unwrapIfClosure(Object(Closure))
#16 /var/www/html/backend-legacy-laravel8/vendor/laravel/framework/src/Illuminate/Container/BoundMethod.php(37): Illuminate\\Container\\BoundMethod::callBoundMethod(Object(Illuminate\\Foundation\\Application), Array, Object(Closure))
#17 /var/www/html/backend-legacy-laravel8/vendor/laravel/framework/src/Illuminate/Container/Container.php(653): Illuminate\\Container\\BoundMethod::call(Object(Illuminate\\Foundation\\Application), Array, Array, NULL)
#18 /var/www/html/backend-legacy-laravel8/vendor/laravel/framework/src/Illuminate/Foundation/Application.php(926): Illuminate\\Container\\Container->call(Array)
#19 /var/www/html/backend-legacy-laravel8/vendor/laravel/framework/src/Illuminate/Foundation/Application.php(907): Illuminate\\Foundation\\Application->bootProvider(Object(Facade\\Ignition\\IgnitionServiceProvider))
#20 [internal function]: Illuminate\\Foundation\\Application->Illuminate\\Foundation\\{closure}(Object(Facade\\Ignition\\IgnitionServiceProvider), 15)
#21 /var/www/html/backend-legacy-laravel8/vendor/laravel/framework/src/Illuminate/Foundation/Application.php(908): array_walk(Array, Object(Closure))
#22 /var/www/html/backend-legacy-laravel8/vendor/laravel/framework/src/Illuminate/Foundation/Bootstrap/BootProviders.php(17): Illuminate\\Foundation\\Application->boot()
#23 /var/www/html/backend-legacy-laravel8/vendor/laravel/framework/src/Illuminate/Foundation/Application.php(237): Illuminate\\Foundation\\Bootstrap\\BootProviders->bootstrap(Object(Illuminate\\Foundation\\Application))
#24 /var/www/html/backend-legacy-laravel8/vendor/laravel/framework/src/Illuminate/Foundation/Http/Kernel.php(153): Illuminate\\Foundation\\Application->bootstrapWith(Array)
#25 /var/www/html/backend-legacy-laravel8/vendor/laravel/framework/src/Illuminate/Foundation/Http/Kernel.php(137): Illuminate\\Foundation\\Http\\Kernel->bootstrap()
#26 /var/www/html/backend-legacy-laravel8/vendor/laravel/framework/src/Illuminate/Foundation/Http/Kernel.php(111): Illuminate\\Foundation\\Http\\Kernel->sendRequestThroughRouter(Object(Illuminate\\Http\\Request))
#27 /var/www/html/backend-legacy-laravel8/public/index.php(12): Illuminate\\Foundation\\Http\\Kernel->handle(Object(Illuminate\\Http\\Request))
#28 {main}
"} 
[2026-05-18 17:44:10] local.ERROR: Please provide a valid cache path. {"exception":"[object] (InvalidArgumentException(code: 0): Please provide a valid cache path. at /var/www/html/backend-legacy-laravel8/vendor/laravel/framework/src/Illuminate/View/Compilers/Compiler.php:36)
[stacktrace]
#0 /var/www/html/backend-legacy-laravel8/vendor/laravel/framework/src/Illuminate/View/ViewServiceProvider.php(88): Illuminate\\View\\Compilers\\Compiler->__construct(Object(Illuminate\\Filesystem\\Filesystem), NULL)
#1 /var/www/html/backend-legacy-laravel8/vendor/laravel/framework/src/Illuminate/Container/Container.php(873): Illuminate\\View\\ViewServiceProvider->Illuminate\\View\\{closure}(Object(Illuminate\\Foundation\\Application), Array)
#2 /var/www/html/backend-legacy-laravel8/vendor/laravel/framework/src/Illuminate/Container/Container.php(758): Illuminate\\Container\\Container->build(Object(Closure))
#3 /var/www/html/backend-legacy-laravel8/vendor/laravel/framework/src/Illuminate/Foundation/Application.php(853): Illuminate\\Container\\Container->resolve('blade.compiler', Array, true)
#4 /var/www/html/backend-legacy-laravel8/vendor/laravel/framework/src/Illuminate/Container/Container.php(694): Illuminate\\Foundation\\Application->resolve('blade.compiler', Array)
#5 /var/www/html/backend-legacy-laravel8/vendor/laravel/framework/src/Illuminate/Foundation/Application.php(838): Illuminate\\Container\\Container->make('blade.compiler', Array)
#6 /var/www/html/backend-legacy-laravel8/vendor/laravel/framework/src/Illuminate/Container/Container.php(1419): Illuminate\\Foundation\\Application->make('blade.compiler')
#7 /var/www/html/backend-legacy-laravel8/vendor/laravel/framework/src/Illuminate/View/ViewServiceProvider.php(150): Illuminate\\Container\\Container->offsetGet('blade.compiler')
#8 [internal function]: Illuminate\\View\\ViewServiceProvider->Illuminate\\View\\{closure}()
#9 /var/www/html/backend-legacy-laravel8/vendor/laravel/framework/src/Illuminate/View/Engines/EngineResolver.php(55): call_user_func(Object(Closure))
#10 /var/www/html/backend-legacy-laravel8/vendor/facade/ignition/src/IgnitionServiceProvider.php(467): Illuminate\\View\\Engines\\EngineResolver->resolve('blade')
#11 /var/www/html/backend-legacy-laravel8/vendor/facade/ignition/src/IgnitionServiceProvider.php(158): Facade\\Ignition\\IgnitionServiceProvider->hasCustomViewEnginesRegistered()
#12 /var/www/html/backend-legacy-laravel8/vendor/facade/ignition/src/IgnitionServiceProvider.php(101): Facade\\Ignition\\IgnitionServiceProvider->registerViewEngines()
#13 /var/www/html/backend-legacy-laravel8/vendor/laravel/framework/src/Illuminate/Container/BoundMethod.php(36): Facade\\Ignition\\IgnitionServiceProvider->boot()
#14 /var/www/html/backend-legacy-laravel8/vendor/laravel/framework/src/Illuminate/Container/Util.php(40): Illuminate\\Container\\BoundMethod::Illuminate\\Container\\{closure}()
#15 /var/www/html/backend-legacy-laravel8/vendor/laravel/framework/src/Illuminate/Container/BoundMethod.php(93): Illuminate\\Container\\Util::unwrapIfClosure(Object(Closure))
#16 /var/www/html/backend-legacy-laravel8/vendor/laravel/framework/src/Illuminate/Container/BoundMethod.php(37): Illuminate\\Container\\BoundMethod::callBoundMethod(Object(Illuminate\\Foundation\\Application), Array, Object(Closure))
#17 /var/www/html/backend-legacy-laravel8/vendor/laravel/framework/src/Illuminate/Container/Container.php(653): Illuminate\\Container\\BoundMethod::call(Object(Illuminate\\Foundation\\Application), Array, Array, NULL)
#18 /var/www/html/backend-legacy-laravel8/vendor/laravel/framework/src/Illuminate/Foundation/Application.php(926): Illuminate\\Container\\Container->call(Array)
#19 /var/www/html/backend-legacy-laravel8/vendor/laravel/framework/src/Illuminate/Foundation/Application.php(907): Illuminate\\Foundation\\Application->bootProvider(Object(Facade\\Ignition\\IgnitionServiceProvider))
#20 [internal function]: Illuminate\\Foundation\\Application->Illuminate\\Foundation\\{closure}(Object(Facade\\Ignition\\IgnitionServiceProvider), 15)
#21 /var/www/html/backend-legacy-laravel8/vendor/laravel/framework/src/Illuminate/Foundation/Application.php(908): array_walk(Array, Object(Closure))
#22 /var/www/html/backend-legacy-laravel8/vendor/laravel/framework/src/Illuminate/Foundation/Bootstrap/BootProviders.php(17): Illuminate\\Foundation\\Application->boot()
#23 /var/www/html/backend-legacy-laravel8/vendor/laravel/framework/src/Illuminate/Foundation/Application.php(237): Illuminate\\Foundation\\Bootstrap\\BootProviders->bootstrap(Object(Illuminate\\Foundation\\Application))
#24 /var/www/html/backend-legacy-laravel8/vendor/laravel/framework/src/Illuminate/Foundation/Http/Kernel.php(153): Illuminate\\Foundation\\Application->bootstrapWith(Array)
#25 /var/www/html/backend-legacy-laravel8/vendor/laravel/framework/src/Illuminate/Foundation/Http/Kernel.php(137): Illuminate\\Foundation\\Http\\Kernel->bootstrap()
#26 /var/www/html/backend-legacy-laravel8/vendor/laravel/framework/src/Illuminate/Foundation/Http/Kernel.php(111): Illuminate\\Foundation\\Http\\Kernel->sendRequestThroughRouter(Object(Illuminate\\Http\\Request))
#27 /var/www/html/backend-legacy-laravel8/public/index.php(12): Illuminate\\Foundation\\Http\\Kernel->handle(Object(Illuminate\\Http\\Request))
#28 {main}
"} 
[2026-05-18 17:44:10] local.ERROR: Please provide a valid cache path. {"exception":"[object] (InvalidArgumentException(code: 0): Please provide a valid cache path. at /var/www/html/backend-legacy-laravel8/vendor/laravel/framework/src/Illuminate/View/Compilers/Compiler.php:36)
[stacktrace]
#0 /var/www/html/backend-legacy-laravel8/vendor/laravel/framework/src/Illuminate/View/ViewServiceProvider.php(88): Illuminate\\View\\Compilers\\Compiler->__construct(Object(Illuminate\\Filesystem\\Filesystem), NULL)
#1 /var/www/html/backend-legacy-laravel8/vendor/laravel/framework/src/Illuminate/Container/Container.php(873): Illuminate\\View\\ViewServiceProvider->Illuminate\\View\\{closure}(Object(Illuminate\\Foundation\\Application), Array)
#2 /var/www/html/backend-legacy-laravel8/vendor/laravel/framework/src/Illuminate/Container/Container.php(758): Illuminate\\Container\\Container->build(Object(Closure))
#3 /var/www/html/backend-legacy-laravel8/vendor/laravel/framework/src/Illuminate/Foundation/Application.php(853): Illuminate\\Container\\Container->resolve('blade.compiler', Array, true)
#4 /var/www/html/backend-legacy-laravel8/vendor/laravel/framework/src/Illuminate/Container/Container.php(694): Illuminate\\Foundation\\Application->resolve('blade.compiler', Array)
#5 /var/www/html/backend-legacy-laravel8/vendor/laravel/framework/src/Illuminate/Foundation/Application.php(838): Illuminate\\Container\\Container->make('blade.compiler', Array)
#6 /var/www/html/backend-legacy-laravel8/vendor/laravel/framework/src/Illuminate/Container/Container.php(1419): Illuminate\\Foundation\\Application->make('blade.compiler')
#7 /var/www/html/backend-legacy-laravel8/vendor/laravel/framework/src/Illuminate/View/ViewServiceProvider.php(150): Illuminate\\Container\\Container->offsetGet('blade.compiler')
#8 [internal function]: Illuminate\\View\\ViewServiceProvider->Illuminate\\View\\{closure}()
#9 /var/www/html/backend-legacy-laravel8/vendor/laravel/framework/src/Illuminate/View/Engines/EngineResolver.php(55): call_user_func(Object(Closure))
#10 /var/www/html/backend-legacy-laravel8/vendor/facade/ignition/src/IgnitionServiceProvider.php(467): Illuminate\\View\\Engines\\EngineResolver->resolve('blade')
#11 /var/www/html/backend-legacy-laravel8/vendor/facade/ignition/src/IgnitionServiceProvider.php(158): Facade\\Ignition\\IgnitionServiceProvider->hasCustomViewEnginesRegistered()
#12 /var/www/html/backend-legacy-laravel8/vendor/facade/ignition/src/IgnitionServiceProvider.php(101): Facade\\Ignition\\IgnitionServiceProvider->registerViewEngines()
#13 /var/www/html/backend-legacy-laravel8/vendor/laravel/framework/src/Illuminate/Container/BoundMethod.php(36): Facade\\Ignition\\IgnitionServiceProvider->boot()
#14 /var/www/html/backend-legacy-laravel8/vendor/laravel/framework/src/Illuminate/Container/Util.php(40): Illuminate\\Container\\BoundMethod::Illuminate\\Container\\{closure}()
#15 /var/www/html/backend-legacy-laravel8/vendor/laravel/framework/src/Illuminate/Container/BoundMethod.php(93): Illuminate\\Container\\Util::unwrapIfClosure(Object(Closure))
#16 /var/www/html/backend-legacy-laravel8/vendor/laravel/framework/src/Illuminate/Container/BoundMethod.php(37): Illuminate\\Container\\BoundMethod::callBoundMethod(Object(Illuminate\\Foundation\\Application), Array, Object(Closure))
#17 /var/www/html/backend-legacy-laravel8/vendor/laravel/framework/src/Illuminate/Container/Container.php(653): Illuminate\\Container\\BoundMethod::call(Object(Illuminate\\Foundation\\Application), Array, Array, NULL)
#18 /var/www/html/backend-legacy-laravel8/vendor/laravel/framework/src/Illuminate/Foundation/Application.php(926): Illuminate\\Container\\Container->call(Array)
#19 /var/www/html/backend-legacy-laravel8/vendor/laravel/framework/src/Illuminate/Foundation/Application.php(907): Illuminate\\Foundation\\Application->bootProvider(Object(Facade\\Ignition\\IgnitionServiceProvider))
#20 [internal function]: Illuminate\\Foundation\\Application->Illuminate\\Foundation\\{closure}(Object(Facade\\Ignition\\IgnitionServiceProvider), 15)
#21 /var/www/html/backend-legacy-laravel8/vendor/laravel/framework/src/Illuminate/Foundation/Application.php(908): array_walk(Array, Object(Closure))
#22 /var/www/html/backend-legacy-laravel8/vendor/laravel/framework/src/Illuminate/Foundation/Bootstrap/BootProviders.php(17): Illuminate\\Foundation\\Application->boot()
#23 /var/www/html/backend-legacy-laravel8/vendor/laravel/framework/src/Illuminate/Foundation/Application.php(237): Illuminate\\Foundation\\Bootstrap\\BootProviders->bootstrap(Object(Illuminate\\Foundation\\Application))
#24 /var/www/html/backend-legacy-laravel8/vendor/laravel/framework/src/Illuminate/Foundation/Http/Kernel.php(153): Illuminate\\Foundation\\Application->bootstrapWith(Array)
#25 /var/www/html/backend-legacy-laravel8/vendor/laravel/framework/src/Illuminate/Foundation/Http/Kernel.php(137): Illuminate\\Foundation\\Http\\Kernel->bootstrap()
#26 /var/www/html/backend-legacy-laravel8/vendor/laravel/framework/src/Illuminate/Foundation/Http/Kernel.php(111): Illuminate\\Foundation\\Http\\Kernel->sendRequestThroughRouter(Object(Illuminate\\Http\\Request))
#27 /var/www/html/backend-legacy-laravel8/public/index.php(12): Illuminate\\Foundation\\Http\\Kernel->handle(Object(Illuminate\\Http\\Request))
#28 {main}
"} 
[2026-05-18 17:44:10] local.ERROR: Please provide a valid cache path. {"exception":"[object] (InvalidArgumentException(code: 0): Please provide a valid cache path. at /var/www/html/backend-legacy-laravel8/vendor/laravel/framework/src/Illuminate/View/Compilers/Compiler.php:36)
[stacktrace]
#0 /var/www/html/backend-legacy-laravel8/vendor/laravel/framework/src/Illuminate/View/ViewServiceProvider.php(88): Illuminate\\View\\Compilers\\Compiler->__construct(Object(Illuminate\\Filesystem\\Filesystem), NULL)
#1 /var/www/html/backend-legacy-laravel8/vendor/laravel/framework/src/Illuminate/Container/Container.php(873): Illuminate\\View\\ViewServiceProvider->Illuminate\\View\\{closure}(Object(Illuminate\\Foundation\\Application), Array)
#2 /var/www/html/backend-legacy-laravel8/vendor/laravel/framework/src/Illuminate/Container/Container.php(758): Illuminate\\Container\\Container->build(Object(Closure))
#3 /var/www/html/backend-legacy-laravel8/vendor/laravel/framework/src/Illuminate/Foundation/Application.php(853): Illuminate\\Container\\Container->resolve('blade.compiler', Array, true)
#4 /var/www/html/backend-legacy-laravel8/vendor/laravel/framework/src/Illuminate/Container/Container.php(694): Illuminate\\Foundation\\Application->resolve('blade.compiler', Array)
#5 /var/www/html/backend-legacy-laravel8/vendor/laravel/framework/src/Illuminate/Foundation/Application.php(838): Illuminate\\Container\\Container->make('blade.compiler', Array)
#6 /var/www/html/backend-legacy-laravel8/vendor/laravel/framework/src/Illuminate/Container/Container.php(1419): Illuminate\\Foundation\\Application->make('blade.compiler')
#7 /var/www/html/backend-legacy-laravel8/vendor/laravel/framework/src/Illuminate/View/ViewServiceProvider.php(150): Illuminate\\Container\\Container->offsetGet('blade.compiler')
#8 [internal function]: Illuminate\\View\\ViewServiceProvider->Illuminate\\View\\{closure}()
#9 /var/www/html/backend-legacy-laravel8/vendor/laravel/framework/src/Illuminate/View/Engines/EngineResolver.php(55): call_user_func(Object(Closure))
#10 /var/www/html/backend-legacy-laravel8/vendor/facade/ignition/src/IgnitionServiceProvider.php(467): Illuminate\\View\\Engines\\EngineResolver->resolve('blade')
#11 /var/www/html/backend-legacy-laravel8/vendor/facade/ignition/src/IgnitionServiceProvider.php(158): Facade\\Ignition\\IgnitionServiceProvider->hasCustomViewEnginesRegistered()
#12 /var/www/html/backend-legacy-laravel8/vendor/facade/ignition/src/IgnitionServiceProvider.php(101): Facade\\Ignition\\IgnitionServiceProvider->registerViewEngines()
#13 /var/www/html/backend-legacy-laravel8/vendor/laravel/framework/src/Illuminate/Container/BoundMethod.php(36): Facade\\Ignition\\IgnitionServiceProvider->boot()
#14 /var/www/html/backend-legacy-laravel8/vendor/laravel/framework/src/Illuminate/Container/Util.php(40): Illuminate\\Container\\BoundMethod::Illuminate\\Container\\{closure}()
#15 /var/www/html/backend-legacy-laravel8/vendor/laravel/framework/src/Illuminate/Container/BoundMethod.php(93): Illuminate\\Container\\Util::unwrapIfClosure(Object(Closure))
#16 /var/www/html/backend-legacy-laravel8/vendor/laravel/framework/src/Illuminate/Container/BoundMethod.php(37): Illuminate\\Container\\BoundMethod::callBoundMethod(Object(Illuminate\\Foundation\\Application), Array, Object(Closure))
#17 /var/www/html/backend-legacy-laravel8/vendor/laravel/framework/src/Illuminate/Container/Container.php(653): Illuminate\\Container\\BoundMethod::call(Object(Illuminate\\Foundation\\Application), Array, Array, NULL)
#18 /var/www/html/backend-legacy-laravel8/vendor/laravel/framework/src/Illuminate/Foundation/Application.php(926): Illuminate\\Container\\Container->call(Array)
#19 /var/www/html/backend-legacy-laravel8/vendor/laravel/framework/src/Illuminate/Foundation/Application.php(907): Illuminate\\Foundation\\Application->bootProvider(Object(Facade\\Ignition\\IgnitionServiceProvider))
#20 [internal function]: Illuminate\\Foundation\\Application->Illuminate\\Foundation\\{closure}(Object(Facade\\Ignition\\IgnitionServiceProvider), 15)
#21 /var/www/html/backend-legacy-laravel8/vendor/laravel/framework/src/Illuminate/Foundation/Application.php(908): array_walk(Array, Object(Closure))
#22 /var/www/html/backend-legacy-laravel8/vendor/laravel/framework/src/Illuminate/Foundation/Bootstrap/BootProviders.php(17): Illuminate\\Foundation\\Application->boot()
#23 /var/www/html/backend-legacy-laravel8/vendor/laravel/framework/src/Illuminate/Foundation/Application.php(237): Illuminate\\Foundation\\Bootstrap\\BootProviders->bootstrap(Object(Illuminate\\Foundation\\Application))
#24 /var/www/html/backend-legacy-laravel8/vendor/laravel/framework/src/Illuminate/Foundation/Http/Kernel.php(153): Illuminate\\Foundation\\Application->bootstrapWith(Array)
#25 /var/www/html/backend-legacy-laravel8/vendor/laravel/framework/src/Illuminate/Foundation/Http/Kernel.php(137): Illuminate\\Foundation\\Http\\Kernel->bootstrap()
#26 /var/www/html/backend-legacy-laravel8/vendor/laravel/framework/src/Illuminate/Foundation/Http/Kernel.php(111): Illuminate\\Foundation\\Http\\Kernel->sendRequestThroughRouter(Object(Illuminate\\Http\\Request))
#27 /var/www/html/backend-legacy-laravel8/public/index.php(12): Illuminate\\Foundation\\Http\\Kernel->handle(Object(Illuminate\\Http\\Request))
#28 {main}
"} 
[2026-05-18 17:44:10] local.ERROR: Please provide a valid cache path. {"exception":"[object] (InvalidArgumentException(code: 0): Please provide a valid cache path. at /var/www/html/backend-legacy-laravel8/vendor/laravel/framework/src/Illuminate/View/Compilers/Compiler.php:36)
[stacktrace]
#0 /var/www/html/backend-legacy-laravel8/vendor/laravel/framework/src/Illuminate/View/ViewServiceProvider.php(88): Illuminate\\View\\Compilers\\Compiler->__construct(Object(Illuminate\\Filesystem\\Filesystem), NULL)
#1 /var/www/html/backend-legacy-laravel8/vendor/laravel/framework/src/Illuminate/Container/Container.php(873): Illuminate\\View\\ViewServiceProvider->Illuminate\\View\\{closure}(Object(Illuminate\\Foundation\\Application), Array)
#2 /var/www/html/backend-legacy-laravel8/vendor/laravel/framework/src/Illuminate/Container/Container.php(758): Illuminate\\Container\\Container->build(Object(Closure))
#3 /var/www/html/backend-legacy-laravel8/vendor/laravel/framework/src/Illuminate/Foundation/Application.php(853): Illuminate\\Container\\Container->resolve('blade.compiler', Array, true)
#4 /var/www/html/backend-legacy-laravel8/vendor/laravel/framework/src/Illuminate/Container/Container.php(694): Illuminate\\Foundation\\Application->resolve('blade.compiler', Array)
#5 /var/www/html/backend-legacy-laravel8/vendor/laravel/framework/src/Illuminate/Foundation/Application.php(838): Illuminate\\Container\\Container->make('blade.compiler', Array)
#6 /var/www/html/backend-legacy-laravel8/vendor/laravel/framework/src/Illuminate/Container/Container.php(1419): Illuminate\\Foundation\\Application->make('blade.compiler')
#7 /var/www/html/backend-legacy-laravel8/vendor/laravel/framework/src/Illuminate/View/ViewServiceProvider.php(150): Illuminate\\Container\\Container->offsetGet('blade.compiler')
#8 [internal function]: Illuminate\\View\\ViewServiceProvider->Illuminate\\View\\{closure}()
#9 /var/www/html/backend-legacy-laravel8/vendor/laravel/framework/src/Illuminate/View/Engines/EngineResolver.php(55): call_user_func(Object(Closure))
#10 /var/www/html/backend-legacy-laravel8/vendor/facade/ignition/src/IgnitionServiceProvider.php(467): Illuminate\\View\\Engines\\EngineResolver->resolve('blade')
#11 /var/www/html/backend-legacy-laravel8/vendor/facade/ignition/src/IgnitionServiceProvider.php(158): Facade\\Ignition\\IgnitionServiceProvider->hasCustomViewEnginesRegistered()
#12 /var/www/html/backend-legacy-laravel8/vendor/facade/ignition/src/IgnitionServiceProvider.php(101): Facade\\Ignition\\IgnitionServiceProvider->registerViewEngines()
#13 /var/www/html/backend-legacy-laravel8/vendor/laravel/framework/src/Illuminate/Container/BoundMethod.php(36): Facade\\Ignition\\IgnitionServiceProvider->boot()
#14 /var/www/html/backend-legacy-laravel8/vendor/laravel/framework/src/Illuminate/Container/Util.php(40): Illuminate\\Container\\BoundMethod::Illuminate\\Container\\{closure}()
#15 /var/www/html/backend-legacy-laravel8/vendor/laravel/framework/src/Illuminate/Container/BoundMethod.php(93): Illuminate\\Container\\Util::unwrapIfClosure(Object(Closure))
#16 /var/www/html/backend-legacy-laravel8/vendor/laravel/framework/src/Illuminate/Container/BoundMethod.php(37): Illuminate\\Container\\BoundMethod::callBoundMethod(Object(Illuminate\\Foundation\\Application), Array, Object(Closure))
#17 /var/www/html/backend-legacy-laravel8/vendor/laravel/framework/src/Illuminate/Container/Container.php(653): Illuminate\\Container\\BoundMethod::call(Object(Illuminate\\Foundation\\Application), Array, Array, NULL)
#18 /var/www/html/backend-legacy-laravel8/vendor/laravel/framework/src/Illuminate/Foundation/Application.php(926): Illuminate\\Container\\Container->call(Array)
#19 /var/www/html/backend-legacy-laravel8/vendor/laravel/framework/src/Illuminate/Foundation/Application.php(907): Illuminate\\Foundation\\Application->bootProvider(Object(Facade\\Ignition\\IgnitionServiceProvider))
#20 [internal function]: Illuminate\\Foundation\\Application->Illuminate\\Foundation\\{closure}(Object(Facade\\Ignition\\IgnitionServiceProvider), 15)
#21 /var/www/html/backend-legacy-laravel8/vendor/laravel/framework/src/Illuminate/Foundation/Application.php(908): array_walk(Array, Object(Closure))
#22 /var/www/html/backend-legacy-laravel8/vendor/laravel/framework/src/Illuminate/Foundation/Bootstrap/BootProviders.php(17): Illuminate\\Foundation\\Application->boot()
#23 /var/www/html/backend-legacy-laravel8/vendor/laravel/framework/src/Illuminate/Foundation/Application.php(237): Illuminate\\Foundation\\Bootstrap\\BootProviders->bootstrap(Object(Illuminate\\Foundation\\Application))
#24 /var/www/html/backend-legacy-laravel8/vendor/laravel/framework/src/Illuminate/Foundation/Http/Kernel.php(153): Illuminate\\Foundation\\Application->bootstrapWith(Array)
#25 /var/www/html/backend-legacy-laravel8/vendor/laravel/framework/src/Illuminate/Foundation/Http/Kernel.php(137): Illuminate\\Foundation\\Http\\Kernel->bootstrap()
#26 /var/www/html/backend-legacy-laravel8/vendor/laravel/framework/src/Illuminate/Foundation/Http/Kernel.php(111): Illuminate\\Foundation\\Http\\Kernel->sendRequestThroughRouter(Object(Illuminate\\Http\\Request))
#27 /var/www/html/backend-legacy-laravel8/public/index.php(12): Illuminate\\Foundation\\Http\\Kernel->handle(Object(Illuminate\\Http\\Request))
#28 {main}
"} 
[2026-05-18 17:44:10] local.ERROR: Please provide a valid cache path. {"exception":"[object] (InvalidArgumentException(code: 0): Please provide a valid cache path. at /var/www/html/backend-legacy-laravel8/vendor/laravel/framework/src/Illuminate/View/Compilers/Compiler.php:36)
[stacktrace]
#0 /var/www/html/backend-legacy-laravel8/vendor/laravel/framework/src/Illuminate/View/ViewServiceProvider.php(88): Illuminate\\View\\Compilers\\Compiler->__construct(Object(Illuminate\\Filesystem\\Filesystem), NULL)
#1 /var/www/html/backend-legacy-laravel8/vendor/laravel/framework/src/Illuminate/Container/Container.php(873): Illuminate\\View\\ViewServiceProvider->Illuminate\\View\\{closure}(Object(Illuminate\\Foundation\\Application), Array)
#2 /var/www/html/backend-legacy-laravel8/vendor/laravel/framework/src/Illuminate/Container/Container.php(758): Illuminate\\Container\\Container->build(Object(Closure))
#3 /var/www/html/backend-legacy-laravel8/vendor/laravel/framework/src/Illuminate/Foundation/Application.php(853): Illuminate\\Container\\Container->resolve('blade.compiler', Array, true)
#4 /var/www/html/backend-legacy-laravel8/vendor/laravel/framework/src/Illuminate/Container/Container.php(694): Illuminate\\Foundation\\Application->resolve('blade.compiler', Array)
#5 /var/www/html/backend-legacy-laravel8/vendor/laravel/framework/src/Illuminate/Foundation/Application.php(838): Illuminate\\Container\\Container->make('blade.compiler', Array)
#6 /var/www/html/backend-legacy-laravel8/vendor/laravel/framework/src/Illuminate/Container/Container.php(1419): Illuminate\\Foundation\\Application->make('blade.compiler')
#7 /var/www/html/backend-legacy-laravel8/vendor/laravel/framework/src/Illuminate/View/ViewServiceProvider.php(150): Illuminate\\Container\\Container->offsetGet('blade.compiler')
#8 [internal function]: Illuminate\\View\\ViewServiceProvider->Illuminate\\View\\{closure}()
#9 /var/www/html/backend-legacy-laravel8/vendor/laravel/framework/src/Illuminate/View/Engines/EngineResolver.php(55): call_user_func(Object(Closure))
#10 /var/www/html/backend-legacy-laravel8/vendor/facade/ignition/src/IgnitionServiceProvider.php(467): Illuminate\\View\\Engines\\EngineResolver->resolve('blade')
#11 /var/www/html/backend-legacy-laravel8/vendor/facade/ignition/src/IgnitionServiceProvider.php(158): Facade\\Ignition\\IgnitionServiceProvider->hasCustomViewEnginesRegistered()
#12 /var/www/html/backend-legacy-laravel8/vendor/facade/ignition/src/IgnitionServiceProvider.php(101): Facade\\Ignition\\IgnitionServiceProvider->registerViewEngines()
#13 /var/www/html/backend-legacy-laravel8/vendor/laravel/framework/src/Illuminate/Container/BoundMethod.php(36): Facade\\Ignition\\IgnitionServiceProvider->boot()
#14 /var/www/html/backend-legacy-laravel8/vendor/laravel/framework/src/Illuminate/Container/Util.php(40): Illuminate\\Container\\BoundMethod::Illuminate\\Container\\{closure}()
#15 /var/www/html/backend-legacy-laravel8/vendor/laravel/framework/src/Illuminate/Container/BoundMethod.php(93): Illuminate\\Container\\Util::unwrapIfClosure(Object(Closure))
#16 /var/www/html/backend-legacy-laravel8/vendor/laravel/framework/src/Illuminate/Container/BoundMethod.php(37): Illuminate\\Container\\BoundMethod::callBoundMethod(Object(Illuminate\\Foundation\\Application), Array, Object(Closure))
#17 /var/www/html/backend-legacy-laravel8/vendor/laravel/framework/src/Illuminate/Container/Container.php(653): Illuminate\\Container\\BoundMethod::call(Object(Illuminate\\Foundation\\Application), Array, Array, NULL)
#18 /var/www/html/backend-legacy-laravel8/vendor/laravel/framework/src/Illuminate/Foundation/Application.php(926): Illuminate\\Container\\Container->call(Array)
#19 /var/www/html/backend-legacy-laravel8/vendor/laravel/framework/src/Illuminate/Foundation/Application.php(907): Illuminate\\Foundation\\Application->bootProvider(Object(Facade\\Ignition\\IgnitionServiceProvider))
#20 [internal function]: Illuminate\\Foundation\\Application->Illuminate\\Foundation\\{closure}(Object(Facade\\Ignition\\IgnitionServiceProvider), 15)
#21 /var/www/html/backend-legacy-laravel8/vendor/laravel/framework/src/Illuminate/Foundation/Application.php(908): array_walk(Array, Object(Closure))
#22 /var/www/html/backend-legacy-laravel8/vendor/laravel/framework/src/Illuminate/Foundation/Bootstrap/BootProviders.php(17): Illuminate\\Foundation\\Application->boot()
#23 /var/www/html/backend-legacy-laravel8/vendor/laravel/framework/src/Illuminate/Foundation/Application.php(237): Illuminate\\Foundation\\Bootstrap\\BootProviders->bootstrap(Object(Illuminate\\Foundation\\Application))
#24 /var/www/html/backend-legacy-laravel8/vendor/laravel/framework/src/Illuminate/Foundation/Http/Kernel.php(153): Illuminate\\Foundation\\Application->bootstrapWith(Array)
#25 /var/www/html/backend-legacy-laravel8/vendor/laravel/framework/src/Illuminate/Foundation/Http/Kernel.php(137): Illuminate\\Foundation\\Http\\Kernel->bootstrap()
#26 /var/www/html/backend-legacy-laravel8/vendor/laravel/framework/src/Illuminate/Foundation/Http/Kernel.php(111): Illuminate\\Foundation\\Http\\Kernel->sendRequestThroughRouter(Object(Illuminate\\Http\\Request))
#27 /var/www/html/backend-legacy-laravel8/public/index.php(12): Illuminate\\Foundation\\Http\\Kernel->handle(Object(Illuminate\\Http\\Request))
#28 {main}
"} 
[2026-05-18 17:44:11] local.ERROR: Please provide a valid cache path. {"exception":"[object] (InvalidArgumentException(code: 0): Please provide a valid cache path. at /var/www/html/backend-legacy-laravel8/vendor/laravel/framework/src/Illuminate/View/Compilers/Compiler.php:36)
[stacktrace]
#0 /var/www/html/backend-legacy-laravel8/vendor/laravel/framework/src/Illuminate/View/ViewServiceProvider.php(88): Illuminate\\View\\Compilers\\Compiler->__construct(Object(Illuminate\\Filesystem\\Filesystem), NULL)
#1 /var/www/html/backend-legacy-laravel8/vendor/laravel/framework/src/Illuminate/Container/Container.php(873): Illuminate\\View\\ViewServiceProvider->Illuminate\\View\\{closure}(Object(Illuminate\\Foundation\\Application), Array)
#2 /var/www/html/backend-legacy-laravel8/vendor/laravel/framework/src/Illuminate/Container/Container.php(758): Illuminate\\Container\\Container->build(Object(Closure))
#3 /var/www/html/backend-legacy-laravel8/vendor/laravel/framework/src/Illuminate/Foundation/Application.php(853): Illuminate\\Container\\Container->resolve('blade.compiler', Array, true)
#4 /var/www/html/backend-legacy-laravel8/vendor/laravel/framework/src/Illuminate/Container/Container.php(694): Illuminate\\Foundation\\Application->resolve('blade.compiler', Array)
#5 /var/www/html/backend-legacy-laravel8/vendor/laravel/framework/src/Illuminate/Foundation/Application.php(838): Illuminate\\Container\\Container->make('blade.compiler', Array)
#6 /var/www/html/backend-legacy-laravel8/vendor/laravel/framework/src/Illuminate/Container/Container.php(1419): Illuminate\\Foundation\\Application->make('blade.compiler')
#7 /var/www/html/backend-legacy-laravel8/vendor/laravel/framework/src/Illuminate/View/ViewServiceProvider.php(150): Illuminate\\Container\\Container->offsetGet('blade.compiler')
#8 [internal function]: Illuminate\\View\\ViewServiceProvider->Illuminate\\View\\{closure}()
#9 /var/www/html/backend-legacy-laravel8/vendor/laravel/framework/src/Illuminate/View/Engines/EngineResolver.php(55): call_user_func(Object(Closure))
#10 /var/www/html/backend-legacy-laravel8/vendor/facade/ignition/src/IgnitionServiceProvider.php(467): Illuminate\\View\\Engines\\EngineResolver->resolve('blade')
#11 /var/www/html/backend-legacy-laravel8/vendor/facade/ignition/src/IgnitionServiceProvider.php(158): Facade\\Ignition\\IgnitionServiceProvider->hasCustomViewEnginesRegistered()
#12 /var/www/html/backend-legacy-laravel8/vendor/facade/ignition/src/IgnitionServiceProvider.php(101): Facade\\Ignition\\IgnitionServiceProvider->registerViewEngines()
#13 /var/www/html/backend-legacy-laravel8/vendor/laravel/framework/src/Illuminate/Container/BoundMethod.php(36): Facade\\Ignition\\IgnitionServiceProvider->boot()
#14 /var/www/html/backend-legacy-laravel8/vendor/laravel/framework/src/Illuminate/Container/Util.php(40): Illuminate\\Container\\BoundMethod::Illuminate\\Container\\{closure}()
#15 /var/www/html/backend-legacy-laravel8/vendor/laravel/framework/src/Illuminate/Container/BoundMethod.php(93): Illuminate\\Container\\Util::unwrapIfClosure(Object(Closure))
#16 /var/www/html/backend-legacy-laravel8/vendor/laravel/framework/src/Illuminate/Container/BoundMethod.php(37): Illuminate\\Container\\BoundMethod::callBoundMethod(Object(Illuminate\\Foundation\\Application), Array, Object(Closure))
#17 /var/www/html/backend-legacy-laravel8/vendor/laravel/framework/src/Illuminate/Container/Container.php(653): Illuminate\\Container\\BoundMethod::call(Object(Illuminate\\Foundation\\Application), Array, Array, NULL)
#18 /var/www/html/backend-legacy-laravel8/vendor/laravel/framework/src/Illuminate/Foundation/Application.php(926): Illuminate\\Container\\Container->call(Array)
#19 /var/www/html/backend-legacy-laravel8/vendor/laravel/framework/src/Illuminate/Foundation/Application.php(907): Illuminate\\Foundation\\Application->bootProvider(Object(Facade\\Ignition\\IgnitionServiceProvider))
#20 [internal function]: Illuminate\\Foundation\\Application->Illuminate\\Foundation\\{closure}(Object(Facade\\Ignition\\IgnitionServiceProvider), 15)
#21 /var/www/html/backend-legacy-laravel8/vendor/laravel/framework/src/Illuminate/Foundation/Application.php(908): array_walk(Array, Object(Closure))
#22 /var/www/html/backend-legacy-laravel8/vendor/laravel/framework/src/Illuminate/Foundation/Bootstrap/BootProviders.php(17): Illuminate\\Foundation\\Application->boot()
#23 /var/www/html/backend-legacy-laravel8/vendor/laravel/framework/src/Illuminate/Foundation/Application.php(237): Illuminate\\Foundation\\Bootstrap\\BootProviders->bootstrap(Object(Illuminate\\Foundation\\Application))
#24 /var/www/html/backend-legacy-laravel8/vendor/laravel/framework/src/Illuminate/Foundation/Http/Kernel.php(153): Illuminate\\Foundation\\Application->bootstrapWith(Array)
#25 /var/www/html/backend-legacy-laravel8/vendor/laravel/framework/src/Illuminate/Foundation/Http/Kernel.php(137): Illuminate\\Foundation\\Http\\Kernel->bootstrap()
#26 /var/www/html/backend-legacy-laravel8/vendor/laravel/framework/src/Illuminate/Foundation/Http/Kernel.php(111): Illuminate\\Foundation\\Http\\Kernel->sendRequestThroughRouter(Object(Illuminate\\Http\\Request))
#27 /var/www/html/backend-legacy-laravel8/public/index.php(12): Illuminate\\Foundation\\Http\\Kernel->handle(Object(Illuminate\\Http\\Request))
#28 {main}
"} 
[2026-05-18 17:45:33] local.ERROR: Please provide a valid cache path. {"exception":"[object] (InvalidArgumentException(code: 0): Please provide a valid cache path. at /home/fredy/Documentos/Prueba_tecnica/proyecto-prueba/backend-legacy-laravel8/vendor/laravel/framework/src/Illuminate/View/Compilers/Compiler.php:36)
[stacktrace]
#0 /home/fredy/Documentos/Prueba_tecnica/proyecto-prueba/backend-legacy-laravel8/vendor/laravel/framework/src/Illuminate/View/ViewServiceProvider.php(88): Illuminate\\View\\Compilers\\Compiler->__construct()
#1 /home/fredy/Documentos/Prueba_tecnica/proyecto-prueba/backend-legacy-laravel8/vendor/laravel/framework/src/Illuminate/Container/Container.php(873): Illuminate\\View\\ViewServiceProvider->{closure:Illuminate\\View\\ViewServiceProvider::registerBladeCompiler():87}()
#2 /home/fredy/Documentos/Prueba_tecnica/proyecto-prueba/backend-legacy-laravel8/vendor/laravel/framework/src/Illuminate/Container/Container.php(758): Illuminate\\Container\\Container->build()
#3 /home/fredy/Documentos/Prueba_tecnica/proyecto-prueba/backend-legacy-laravel8/vendor/laravel/framework/src/Illuminate/Foundation/Application.php(853): Illuminate\\Container\\Container->resolve()
#4 /home/fredy/Documentos/Prueba_tecnica/proyecto-prueba/backend-legacy-laravel8/vendor/laravel/framework/src/Illuminate/Container/Container.php(694): Illuminate\\Foundation\\Application->resolve()
#5 /home/fredy/Documentos/Prueba_tecnica/proyecto-prueba/backend-legacy-laravel8/vendor/laravel/framework/src/Illuminate/Foundation/Application.php(838): Illuminate\\Container\\Container->make()
#6 /home/fredy/Documentos/Prueba_tecnica/proyecto-prueba/backend-legacy-laravel8/vendor/laravel/framework/src/Illuminate/Container/Container.php(1419): Illuminate\\Foundation\\Application->make()
#7 /home/fredy/Documentos/Prueba_tecnica/proyecto-prueba/backend-legacy-laravel8/vendor/laravel/framework/src/Illuminate/View/ViewServiceProvider.php(150): Illuminate\\Container\\Container->offsetGet()
#8 [internal function]: Illuminate\\View\\ViewServiceProvider->{closure:Illuminate\\View\\ViewServiceProvider::registerBladeEngine():149}()
#9 /home/fredy/Documentos/Prueba_tecnica/proyecto-prueba/backend-legacy-laravel8/vendor/laravel/framework/src/Illuminate/View/Engines/EngineResolver.php(55): call_user_func()
#10 /home/fredy/Documentos/Prueba_tecnica/proyecto-prueba/backend-legacy-laravel8/vendor/facade/ignition/src/IgnitionServiceProvider.php(467): Illuminate\\View\\Engines\\EngineResolver->resolve()
#11 /home/fredy/Documentos/Prueba_tecnica/proyecto-prueba/backend-legacy-laravel8/vendor/facade/ignition/src/IgnitionServiceProvider.php(158): Facade\\Ignition\\IgnitionServiceProvider->hasCustomViewEnginesRegistered()
#12 /home/fredy/Documentos/Prueba_tecnica/proyecto-prueba/backend-legacy-laravel8/vendor/facade/ignition/src/IgnitionServiceProvider.php(101): Facade\\Ignition\\IgnitionServiceProvider->registerViewEngines()
#13 /home/fredy/Documentos/Prueba_tecnica/proyecto-prueba/backend-legacy-laravel8/vendor/laravel/framework/src/Illuminate/Container/BoundMethod.php(36): Facade\\Ignition\\IgnitionServiceProvider->boot()
#14 /home/fredy/Documentos/Prueba_tecnica/proyecto-prueba/backend-legacy-laravel8/vendor/laravel/framework/src/Illuminate/Container/Util.php(40): Illuminate\\Container\\BoundMethod::{closure:Illuminate\\Container\\BoundMethod::call():35}()
#15 /home/fredy/Documentos/Prueba_tecnica/proyecto-prueba/backend-legacy-laravel8/vendor/laravel/framework/src/Illuminate/Container/BoundMethod.php(93): Illuminate\\Container\\Util::unwrapIfClosure()
#16 /home/fredy/Documentos/Prueba_tecnica/proyecto-prueba/backend-legacy-laravel8/vendor/laravel/framework/src/Illuminate/Container/BoundMethod.php(35): Illuminate\\Container\\BoundMethod::callBoundMethod()
#17 /home/fredy/Documentos/Prueba_tecnica/proyecto-prueba/backend-legacy-laravel8/vendor/laravel/framework/src/Illuminate/Container/Container.php(653): Illuminate\\Container\\BoundMethod::call()
#18 /home/fredy/Documentos/Prueba_tecnica/proyecto-prueba/backend-legacy-laravel8/vendor/laravel/framework/src/Illuminate/Foundation/Application.php(926): Illuminate\\Container\\Container->call()
#19 /home/fredy/Documentos/Prueba_tecnica/proyecto-prueba/backend-legacy-laravel8/vendor/laravel/framework/src/Illuminate/Foundation/Application.php(907): Illuminate\\Foundation\\Application->bootProvider()
#20 [internal function]: Illuminate\\Foundation\\Application->{closure:Illuminate\\Foundation\\Application::boot():906}()
#21 /home/fredy/Documentos/Prueba_tecnica/proyecto-prueba/backend-legacy-laravel8/vendor/laravel/framework/src/Illuminate/Foundation/Application.php(906): array_walk()
#22 /home/fredy/Documentos/Prueba_tecnica/proyecto-prueba/backend-legacy-laravel8/vendor/laravel/framework/src/Illuminate/Foundation/Bootstrap/BootProviders.php(17): Illuminate\\Foundation\\Application->boot()
#23 /home/fredy/Documentos/Prueba_tecnica/proyecto-prueba/backend-legacy-laravel8/vendor/laravel/framework/src/Illuminate/Foundation/Application.php(237): Illuminate\\Foundation\\Bootstrap\\BootProviders->bootstrap()
#24 /home/fredy/Documentos/Prueba_tecnica/proyecto-prueba/backend-legacy-laravel8/vendor/laravel/framework/src/Illuminate/Foundation/Console/Kernel.php(310): Illuminate\\Foundation\\Application->bootstrapWith()
#25 /home/fredy/Documentos/Prueba_tecnica/proyecto-prueba/backend-legacy-laravel8/vendor/laravel/framework/src/Illuminate/Foundation/Console/Kernel.php(127): Illuminate\\Foundation\\Console\\Kernel->bootstrap()
#26 /home/fredy/Documentos/Prueba_tecnica/proyecto-prueba/backend-legacy-laravel8/artisan(12): Illuminate\\Foundation\\Console\\Kernel->handle()
#27 {main}
"} 
[2026-05-18 17:46:52] local.ERROR: Please provide a valid cache path. {"exception":"[object] (InvalidArgumentException(code: 0): Please provide a valid cache path. at /home/fredy/Documentos/Prueba_tecnica/proyecto-prueba/backend-legacy-laravel8/vendor/laravel/framework/src/Illuminate/View/Compilers/Compiler.php:36)
[stacktrace]
#0 /home/fredy/Documentos/Prueba_tecnica/proyecto-prueba/backend-legacy-laravel8/vendor/laravel/framework/src/Illuminate/View/ViewServiceProvider.php(88): Illuminate\\View\\Compilers\\Compiler->__construct()
#1 /home/fredy/Documentos/Prueba_tecnica/proyecto-prueba/backend-legacy-laravel8/vendor/laravel/framework/src/Illuminate/Container/Container.php(873): Illuminate\\View\\ViewServiceProvider->{closure:Illuminate\\View\\ViewServiceProvider::registerBladeCompiler():87}()
#2 /home/fredy/Documentos/Prueba_tecnica/proyecto-prueba/backend-legacy-laravel8/vendor/laravel/framework/src/Illuminate/Container/Container.php(758): Illuminate\\Container\\Container->build()
#3 /home/fredy/Documentos/Prueba_tecnica/proyecto-prueba/backend-legacy-laravel8/vendor/laravel/framework/src/Illuminate/Foundation/Application.php(853): Illuminate\\Container\\Container->resolve()
#4 /home/fredy/Documentos/Prueba_tecnica/proyecto-prueba/backend-legacy-laravel8/vendor/laravel/framework/src/Illuminate/Container/Container.php(694): Illuminate\\Foundation\\Application->resolve()
#5 /home/fredy/Documentos/Prueba_tecnica/proyecto-prueba/backend-legacy-laravel8/vendor/laravel/framework/src/Illuminate/Foundation/Application.php(838): Illuminate\\Container\\Container->make()
#6 /home/fredy/Documentos/Prueba_tecnica/proyecto-prueba/backend-legacy-laravel8/vendor/laravel/framework/src/Illuminate/Container/Container.php(1419): Illuminate\\Foundation\\Application->make()
#7 /home/fredy/Documentos/Prueba_tecnica/proyecto-prueba/backend-legacy-laravel8/vendor/laravel/framework/src/Illuminate/View/ViewServiceProvider.php(150): Illuminate\\Container\\Container->offsetGet()
#8 [internal function]: Illuminate\\View\\ViewServiceProvider->{closure:Illuminate\\View\\ViewServiceProvider::registerBladeEngine():149}()
#9 /home/fredy/Documentos/Prueba_tecnica/proyecto-prueba/backend-legacy-laravel8/vendor/laravel/framework/src/Illuminate/View/Engines/EngineResolver.php(55): call_user_func()
#10 /home/fredy/Documentos/Prueba_tecnica/proyecto-prueba/backend-legacy-laravel8/vendor/facade/ignition/src/IgnitionServiceProvider.php(467): Illuminate\\View\\Engines\\EngineResolver->resolve()
#11 /home/fredy/Documentos/Prueba_tecnica/proyecto-prueba/backend-legacy-laravel8/vendor/facade/ignition/src/IgnitionServiceProvider.php(158): Facade\\Ignition\\IgnitionServiceProvider->hasCustomViewEnginesRegistered()
#12 /home/fredy/Documentos/Prueba_tecnica/proyecto-prueba/backend-legacy-laravel8/vendor/facade/ignition/src/IgnitionServiceProvider.php(101): Facade\\Ignition\\IgnitionServiceProvider->registerViewEngines()
#13 /home/fredy/Documentos/Prueba_tecnica/proyecto-prueba/backend-legacy-laravel8/vendor/laravel/framework/src/Illuminate/Container/BoundMethod.php(36): Facade\\Ignition\\IgnitionServiceProvider->boot()
#14 /home/fredy/Documentos/Prueba_tecnica/proyecto-prueba/backend-legacy-laravel8/vendor/laravel/framework/src/Illuminate/Container/Util.php(40): Illuminate\\Container\\BoundMethod::{closure:Illuminate\\Container\\BoundMethod::call():35}()
#15 /home/fredy/Documentos/Prueba_tecnica/proyecto-prueba/backend-legacy-laravel8/vendor/laravel/framework/src/Illuminate/Container/BoundMethod.php(93): Illuminate\\Container\\Util::unwrapIfClosure()
#16 /home/fredy/Documentos/Prueba_tecnica/proyecto-prueba/backend-legacy-laravel8/vendor/laravel/framework/src/Illuminate/Container/BoundMethod.php(35): Illuminate\\Container\\BoundMethod::callBoundMethod()
#17 /home/fredy/Documentos/Prueba_tecnica/proyecto-prueba/backend-legacy-laravel8/vendor/laravel/framework/src/Illuminate/Container/Container.php(653): Illuminate\\Container\\BoundMethod::call()
#18 /home/fredy/Documentos/Prueba_tecnica/proyecto-prueba/backend-legacy-laravel8/vendor/laravel/framework/src/Illuminate/Foundation/Application.php(926): Illuminate\\Container\\Container->call()
#19 /home/fredy/Documentos/Prueba_tecnica/proyecto-prueba/backend-legacy-laravel8/vendor/laravel/framework/src/Illuminate/Foundation/Application.php(907): Illuminate\\Foundation\\Application->bootProvider()
#20 [internal function]: Illuminate\\Foundation\\Application->{closure:Illuminate\\Foundation\\Application::boot():906}()
#21 /home/fredy/Documentos/Prueba_tecnica/proyecto-prueba/backend-legacy-laravel8/vendor/laravel/framework/src/Illuminate/Foundation/Application.php(906): array_walk()
#22 /home/fredy/Documentos/Prueba_tecnica/proyecto-prueba/backend-legacy-laravel8/vendor/laravel/framework/src/Illuminate/Foundation/Bootstrap/BootProviders.php(17): Illuminate\\Foundation\\Application->boot()
#23 /home/fredy/Documentos/Prueba_tecnica/proyecto-prueba/backend-legacy-laravel8/vendor/laravel/framework/src/Illuminate/Foundation/Application.php(237): Illuminate\\Foundation\\Bootstrap\\BootProviders->bootstrap()
#24 /home/fredy/Documentos/Prueba_tecnica/proyecto-prueba/backend-legacy-laravel8/vendor/laravel/framework/src/Illuminate/Foundation/Console/Kernel.php(310): Illuminate\\Foundation\\Application->bootstrapWith()
#25 /home/fredy/Documentos/Prueba_tecnica/proyecto-prueba/backend-legacy-laravel8/vendor/laravel/framework/src/Illuminate/Foundation/Console/Kernel.php(127): Illuminate\\Foundation\\Console\\Kernel->bootstrap()
#26 /home/fredy/Documentos/Prueba_tecnica/proyecto-prueba/backend-legacy-laravel8/artisan(12): Illuminate\\Foundation\\Console\\Kernel->handle()
#27 {main}
"} 
[2026-05-18 17:48:03] local.ERROR: Unable to resolve NULL driver for [Illuminate\Session\SessionManager]. {"exception":"[object] (InvalidArgumentException(code: 0): Unable to resolve NULL driver for [Illuminate\\Session\\SessionManager]. at /var/www/html/backend-legacy-laravel8/vendor/laravel/framework/src/Illuminate/Support/Manager.php:71)
[stacktrace]
#0 /var/www/html/backend-legacy-laravel8/vendor/laravel/framework/src/Illuminate/Session/SessionServiceProvider.php(52): Illuminate\\Support\\Manager->driver()
#1 /var/www/html/backend-legacy-laravel8/vendor/laravel/framework/src/Illuminate/Container/Container.php(873): Illuminate\\Session\\SessionServiceProvider->Illuminate\\Session\\{closure}(Object(Illuminate\\Foundation\\Application), Array)
#2 /var/www/html/backend-legacy-laravel8/vendor/laravel/framework/src/Illuminate/Container/Container.php(758): Illuminate\\Container\\Container->build(Object(Closure))
#3 /var/www/html/backend-legacy-laravel8/vendor/laravel/framework/src/Illuminate/Foundation/Application.php(853): Illuminate\\Container\\Container->resolve('session.store', Array, true)
#4 /var/www/html/backend-legacy-laravel8/vendor/laravel/framework/src/Illuminate/Container/Container.php(694): Illuminate\\Foundation\\Application->resolve('session.store', Array)
#5 /var/www/html/backend-legacy-laravel8/vendor/laravel/framework/src/Illuminate/Foundation/Application.php(838): Illuminate\\Container\\Container->make('session.store', Array)
#6 /var/www/html/backend-legacy-laravel8/vendor/laravel/framework/src/Illuminate/Container/Container.php(1419): Illuminate\\Foundation\\Application->make('session.store')
#7 /var/www/html/backend-legacy-laravel8/vendor/laravel/framework/src/Illuminate/Routing/RoutingServiceProvider.php(118): Illuminate\\Container\\Container->offsetGet('session.store')
#8 /var/www/html/backend-legacy-laravel8/vendor/laravel/framework/src/Illuminate/Container/Container.php(873): Illuminate\\Routing\\RoutingServiceProvider->Illuminate\\Routing\\{closure}(Object(Illuminate\\Foundation\\Application), Array)
#9 /var/www/html/backend-legacy-laravel8/vendor/laravel/framework/src/Illuminate/Container/Container.php(758): Illuminate\\Container\\Container->build(Object(Closure))
#10 /var/www/html/backend-legacy-laravel8/vendor/laravel/framework/src/Illuminate/Foundation/Application.php(853): Illuminate\\Container\\Container->resolve('redirect', Array, true)
#11 /var/www/html/backend-legacy-laravel8/vendor/laravel/framework/src/Illuminate/Container/Container.php(694): Illuminate\\Foundation\\Application->resolve('redirect', Array)
#12 /var/www/html/backend-legacy-laravel8/vendor/laravel/framework/src/Illuminate/Foundation/Application.php(838): Illuminate\\Container\\Container->make('redirect', Array)
#13 /var/www/html/backend-legacy-laravel8/vendor/laravel/framework/src/Illuminate/Container/Container.php(1419): Illuminate\\Foundation\\Application->make('redirect')
#14 /var/www/html/backend-legacy-laravel8/vendor/laravel/framework/src/Illuminate/Routing/RoutingServiceProvider.php(172): Illuminate\\Container\\Container->offsetGet('redirect')
#15 /var/www/html/backend-legacy-laravel8/vendor/laravel/framework/src/Illuminate/Container/Container.php(873): Illuminate\\Routing\\RoutingServiceProvider->Illuminate\\Routing\\{closure}(Object(Illuminate\\Foundation\\Application), Array)
#16 /var/www/html/backend-legacy-laravel8/vendor/laravel/framework/src/Illuminate/Container/Container.php(758): Illuminate\\Container\\Container->build(Object(Closure))
#17 /var/www/html/backend-legacy-laravel8/vendor/laravel/framework/src/Illuminate/Foundation/Application.php(853): Illuminate\\Container\\Container->resolve('Illuminate\\\\Cont...', Array, true)
#18 /var/www/html/backend-legacy-laravel8/vendor/laravel/framework/src/Illuminate/Container/Container.php(694): Illuminate\\Foundation\\Application->resolve('Illuminate\\\\Cont...', Array)
#19 /var/www/html/backend-legacy-laravel8/vendor/laravel/framework/src/Illuminate/Foundation/Application.php(838): Illuminate\\Container\\Container->make('Illuminate\\\\Cont...', Array)
#20 /var/www/html/backend-legacy-laravel8/vendor/laravel/framework/src/Illuminate/Foundation/helpers.php(119): Illuminate\\Foundation\\Application->make('Illuminate\\\\Cont...', Array)
#21 /var/www/html/backend-legacy-laravel8/vendor/laravel/framework/src/Illuminate/Foundation/helpers.php(718): app('Illuminate\\\\Cont...')
#22 /var/www/html/backend-legacy-laravel8/vendor/laravel/framework/src/Illuminate/Foundation/Exceptions/Handler.php(582): response()
#23 /var/www/html/backend-legacy-laravel8/vendor/laravel/framework/src/Illuminate/Foundation/Exceptions/Handler.php(490): Illuminate\\Foundation\\Exceptions\\Handler->renderHttpException(Object(Symfony\\Component\\HttpKernel\\Exception\\NotFoundHttpException))
#24 /var/www/html/backend-legacy-laravel8/vendor/laravel/framework/src/Illuminate/Foundation/Exceptions/Handler.php(356): Illuminate\\Foundation\\Exceptions\\Handler->prepareResponse(Object(Illuminate\\Http\\Request), Object(Symfony\\Component\\HttpKernel\\Exception\\NotFoundHttpException))
#25 /var/www/html/backend-legacy-laravel8/vendor/laravel/framework/src/Illuminate/Routing/Pipeline.php(51): Illuminate\\Foundation\\Exceptions\\Handler->render(Object(Illuminate\\Http\\Request), Object(Symfony\\Component\\HttpKernel\\Exception\\NotFoundHttpException))
#26 /var/www/html/backend-legacy-laravel8/vendor/laravel/framework/src/Illuminate/Pipeline/Pipeline.php(130): Illuminate\\Routing\\Pipeline->handleException(Object(Illuminate\\Http\\Request), Object(Symfony\\Component\\HttpKernel\\Exception\\NotFoundHttpException))
#27 /var/www/html/backend-legacy-laravel8/vendor/laravel/framework/src/Illuminate/Foundation/Http/Middleware/TransformsRequest.php(21): Illuminate\\Pipeline\\Pipeline->Illuminate\\Pipeline\\{closure}(Object(Illuminate\\Http\\Request))
#28 /var/www/html/backend-legacy-laravel8/vendor/laravel/framework/src/Illuminate/Foundation/Http/Middleware/ConvertEmptyStringsToNull.php(31): Illuminate\\Foundation\\Http\\Middleware\\TransformsRequest->handle(Object(Illuminate\\Http\\Request), Object(Closure))
#29 /var/www/html/backend-legacy-laravel8/vendor/laravel/framework/src/Illuminate/Pipeline/Pipeline.php(167): Illuminate\\Foundation\\Http\\Middleware\\ConvertEmptyStringsToNull->handle(Object(Illuminate\\Http\\Request), Object(Closure))
#30 /var/www/html/backend-legacy-laravel8/vendor/laravel/framework/src/Illuminate/Foundation/Http/Middleware/TransformsRequest.php(21): Illuminate\\Pipeline\\Pipeline->Illuminate\\Pipeline\\{closure}(Object(Illuminate\\Http\\Request))
#31 /var/www/html/backend-legacy-laravel8/vendor/laravel/framework/src/Illuminate/Foundation/Http/Middleware/TrimStrings.php(40): Illuminate\\Foundation\\Http\\Middleware\\TransformsRequest->handle(Object(Illuminate\\Http\\Request), Object(Closure))
#32 /var/www/html/backend-legacy-laravel8/vendor/laravel/framework/src/Illuminate/Pipeline/Pipeline.php(167): Illuminate\\Foundation\\Http\\Middleware\\TrimStrings->handle(Object(Illuminate\\Http\\Request), Object(Closure))
#33 /var/www/html/backend-legacy-laravel8/vendor/laravel/framework/src/Illuminate/Foundation/Http/Middleware/ValidatePostSize.php(27): Illuminate\\Pipeline\\Pipeline->Illuminate\\Pipeline\\{closure}(Object(Illuminate\\Http\\Request))
#34 /var/www/html/backend-legacy-laravel8/vendor/laravel/framework/src/Illuminate/Pipeline/Pipeline.php(167): Illuminate\\Foundation\\Http\\Middleware\\ValidatePostSize->handle(Object(Illuminate\\Http\\Request), Object(Closure))
#35 /var/www/html/backend-legacy-laravel8/vendor/laravel/framework/src/Illuminate/Foundation/Http/Middleware/PreventRequestsDuringMaintenance.php(86): Illuminate\\Pipeline\\Pipeline->Illuminate\\Pipeline\\{closure}(Object(Illuminate\\Http\\Request))
#36 /var/www/html/backend-legacy-laravel8/vendor/laravel/framework/src/Illuminate/Pipeline/Pipeline.php(167): Illuminate\\Foundation\\Http\\Middleware\\PreventRequestsDuringMaintenance->handle(Object(Illuminate\\Http\\Request), Object(Closure))
#37 /var/www/html/backend-legacy-laravel8/vendor/laravel/framework/src/Illuminate/Pipeline/Pipeline.php(103): Illuminate\\Pipeline\\Pipeline->Illuminate\\Pipeline\\{closure}(Object(Illuminate\\Http\\Request))
#38 /var/www/html/backend-legacy-laravel8/vendor/laravel/framework/src/Illuminate/Foundation/Http/Kernel.php(142): Illuminate\\Pipeline\\Pipeline->then(Object(Closure))
#39 /var/www/html/backend-legacy-laravel8/vendor/laravel/framework/src/Illuminate/Foundation/Http/Kernel.php(111): Illuminate\\Foundation\\Http\\Kernel->sendRequestThroughRouter(Object(Illuminate\\Http\\Request))
#40 /var/www/html/backend-legacy-laravel8/public/index.php(12): Illuminate\\Foundation\\Http\\Kernel->handle(Object(Illuminate\\Http\\Request))
#41 {main}
"} 
[2026-05-18 17:48:08] local.ERROR: Unable to resolve NULL driver for [Illuminate\Session\SessionManager]. {"exception":"[object] (InvalidArgumentException(code: 0): Unable to resolve NULL driver for [Illuminate\\Session\\SessionManager]. at /var/www/html/backend-legacy-laravel8/vendor/laravel/framework/src/Illuminate/Support/Manager.php:71)
[stacktrace]
#0 /var/www/html/backend-legacy-laravel8/vendor/laravel/framework/src/Illuminate/Session/SessionServiceProvider.php(52): Illuminate\\Support\\Manager->driver()
#1 /var/www/html/backend-legacy-laravel8/vendor/laravel/framework/src/Illuminate/Container/Container.php(873): Illuminate\\Session\\SessionServiceProvider->Illuminate\\Session\\{closure}(Object(Illuminate\\Foundation\\Application), Array)
#2 /var/www/html/backend-legacy-laravel8/vendor/laravel/framework/src/Illuminate/Container/Container.php(758): Illuminate\\Container\\Container->build(Object(Closure))
#3 /var/www/html/backend-legacy-laravel8/vendor/laravel/framework/src/Illuminate/Foundation/Application.php(853): Illuminate\\Container\\Container->resolve('session.store', Array, true)
#4 /var/www/html/backend-legacy-laravel8/vendor/laravel/framework/src/Illuminate/Container/Container.php(694): Illuminate\\Foundation\\Application->resolve('session.store', Array)
#5 /var/www/html/backend-legacy-laravel8/vendor/laravel/framework/src/Illuminate/Foundation/Application.php(838): Illuminate\\Container\\Container->make('session.store', Array)
#6 /var/www/html/backend-legacy-laravel8/vendor/laravel/framework/src/Illuminate/Container/Container.php(1419): Illuminate\\Foundation\\Application->make('session.store')
#7 /var/www/html/backend-legacy-laravel8/vendor/laravel/framework/src/Illuminate/Routing/RoutingServiceProvider.php(118): Illuminate\\Container\\Container->offsetGet('session.store')
#8 /var/www/html/backend-legacy-laravel8/vendor/laravel/framework/src/Illuminate/Container/Container.php(873): Illuminate\\Routing\\RoutingServiceProvider->Illuminate\\Routing\\{closure}(Object(Illuminate\\Foundation\\Application), Array)
#9 /var/www/html/backend-legacy-laravel8/vendor/laravel/framework/src/Illuminate/Container/Container.php(758): Illuminate\\Container\\Container->build(Object(Closure))
#10 /var/www/html/backend-legacy-laravel8/vendor/laravel/framework/src/Illuminate/Foundation/Application.php(853): Illuminate\\Container\\Container->resolve('redirect', Array, true)
#11 /var/www/html/backend-legacy-laravel8/vendor/laravel/framework/src/Illuminate/Container/Container.php(694): Illuminate\\Foundation\\Application->resolve('redirect', Array)
#12 /var/www/html/backend-legacy-laravel8/vendor/laravel/framework/src/Illuminate/Foundation/Application.php(838): Illuminate\\Container\\Container->make('redirect', Array)
#13 /var/www/html/backend-legacy-laravel8/vendor/laravel/framework/src/Illuminate/Container/Container.php(1419): Illuminate\\Foundation\\Application->make('redirect')
#14 /var/www/html/backend-legacy-laravel8/vendor/laravel/framework/src/Illuminate/Routing/RoutingServiceProvider.php(172): Illuminate\\Container\\Container->offsetGet('redirect')
#15 /var/www/html/backend-legacy-laravel8/vendor/laravel/framework/src/Illuminate/Container/Container.php(873): Illuminate\\Routing\\RoutingServiceProvider->Illuminate\\Routing\\{closure}(Object(Illuminate\\Foundation\\Application), Array)
#16 /var/www/html/backend-legacy-laravel8/vendor/laravel/framework/src/Illuminate/Container/Container.php(758): Illuminate\\Container\\Container->build(Object(Closure))
#17 /var/www/html/backend-legacy-laravel8/vendor/laravel/framework/src/Illuminate/Foundation/Application.php(853): Illuminate\\Container\\Container->resolve('Illuminate\\\\Cont...', Array, true)
#18 /var/www/html/backend-legacy-laravel8/vendor/laravel/framework/src/Illuminate/Container/Container.php(694): Illuminate\\Foundation\\Application->resolve('Illuminate\\\\Cont...', Array)
#19 /var/www/html/backend-legacy-laravel8/vendor/laravel/framework/src/Illuminate/Foundation/Application.php(838): Illuminate\\Container\\Container->make('Illuminate\\\\Cont...', Array)
#20 /var/www/html/backend-legacy-laravel8/vendor/laravel/framework/src/Illuminate/Foundation/helpers.php(119): Illuminate\\Foundation\\Application->make('Illuminate\\\\Cont...', Array)
#21 /var/www/html/backend-legacy-laravel8/vendor/laravel/framework/src/Illuminate/Foundation/helpers.php(718): app('Illuminate\\\\Cont...')
#22 /var/www/html/backend-legacy-laravel8/vendor/laravel/framework/src/Illuminate/Foundation/Exceptions/Handler.php(582): response()
#23 /var/www/html/backend-legacy-laravel8/vendor/laravel/framework/src/Illuminate/Foundation/Exceptions/Handler.php(490): Illuminate\\Foundation\\Exceptions\\Handler->renderHttpException(Object(Symfony\\Component\\HttpKernel\\Exception\\NotFoundHttpException))
#24 /var/www/html/backend-legacy-laravel8/vendor/laravel/framework/src/Illuminate/Foundation/Exceptions/Handler.php(356): Illuminate\\Foundation\\Exceptions\\Handler->prepareResponse(Object(Illuminate\\Http\\Request), Object(Symfony\\Component\\HttpKernel\\Exception\\NotFoundHttpException))
#25 /var/www/html/backend-legacy-laravel8/vendor/laravel/framework/src/Illuminate/Routing/Pipeline.php(51): Illuminate\\Foundation\\Exceptions\\Handler->render(Object(Illuminate\\Http\\Request), Object(Symfony\\Component\\HttpKernel\\Exception\\NotFoundHttpException))
#26 /var/www/html/backend-legacy-laravel8/vendor/laravel/framework/src/Illuminate/Pipeline/Pipeline.php(130): Illuminate\\Routing\\Pipeline->handleException(Object(Illuminate\\Http\\Request), Object(Symfony\\Component\\HttpKernel\\Exception\\NotFoundHttpException))
#27 /var/www/html/backend-legacy-laravel8/vendor/laravel/framework/src/Illuminate/Foundation/Http/Middleware/TransformsRequest.php(21): Illuminate\\Pipeline\\Pipeline->Illuminate\\Pipeline\\{closure}(Object(Illuminate\\Http\\Request))
#28 /var/www/html/backend-legacy-laravel8/vendor/laravel/framework/src/Illuminate/Foundation/Http/Middleware/ConvertEmptyStringsToNull.php(31): Illuminate\\Foundation\\Http\\Middleware\\TransformsRequest->handle(Object(Illuminate\\Http\\Request), Object(Closure))
#29 /var/www/html/backend-legacy-laravel8/vendor/laravel/framework/src/Illuminate/Pipeline/Pipeline.php(167): Illuminate\\Foundation\\Http\\Middleware\\ConvertEmptyStringsToNull->handle(Object(Illuminate\\Http\\Request), Object(Closure))
#30 /var/www/html/backend-legacy-laravel8/vendor/laravel/framework/src/Illuminate/Foundation/Http/Middleware/TransformsRequest.php(21): Illuminate\\Pipeline\\Pipeline->Illuminate\\Pipeline\\{closure}(Object(Illuminate\\Http\\Request))
#31 /var/www/html/backend-legacy-laravel8/vendor/laravel/framework/src/Illuminate/Foundation/Http/Middleware/TrimStrings.php(40): Illuminate\\Foundation\\Http\\Middleware\\TransformsRequest->handle(Object(Illuminate\\Http\\Request), Object(Closure))
#32 /var/www/html/backend-legacy-laravel8/vendor/laravel/framework/src/Illuminate/Pipeline/Pipeline.php(167): Illuminate\\Foundation\\Http\\Middleware\\TrimStrings->handle(Object(Illuminate\\Http\\Request), Object(Closure))
#33 /var/www/html/backend-legacy-laravel8/vendor/laravel/framework/src/Illuminate/Foundation/Http/Middleware/ValidatePostSize.php(27): Illuminate\\Pipeline\\Pipeline->Illuminate\\Pipeline\\{closure}(Object(Illuminate\\Http\\Request))
#34 /var/www/html/backend-legacy-laravel8/vendor/laravel/framework/src/Illuminate/Pipeline/Pipeline.php(167): Illuminate\\Foundation\\Http\\Middleware\\ValidatePostSize->handle(Object(Illuminate\\Http\\Request), Object(Closure))
#35 /var/www/html/backend-legacy-laravel8/vendor/laravel/framework/src/Illuminate/Foundation/Http/Middleware/PreventRequestsDuringMaintenance.php(86): Illuminate\\Pipeline\\Pipeline->Illuminate\\Pipeline\\{closure}(Object(Illuminate\\Http\\Request))
#36 /var/www/html/backend-legacy-laravel8/vendor/laravel/framework/src/Illuminate/Pipeline/Pipeline.php(167): Illuminate\\Foundation\\Http\\Middleware\\PreventRequestsDuringMaintenance->handle(Object(Illuminate\\Http\\Request), Object(Closure))
#37 /var/www/html/backend-legacy-laravel8/vendor/laravel/framework/src/Illuminate/Pipeline/Pipeline.php(103): Illuminate\\Pipeline\\Pipeline->Illuminate\\Pipeline\\{closure}(Object(Illuminate\\Http\\Request))
#38 /var/www/html/backend-legacy-laravel8/vendor/laravel/framework/src/Illuminate/Foundation/Http/Kernel.php(142): Illuminate\\Pipeline\\Pipeline->then(Object(Closure))
#39 /var/www/html/backend-legacy-laravel8/vendor/laravel/framework/src/Illuminate/Foundation/Http/Kernel.php(111): Illuminate\\Foundation\\Http\\Kernel->sendRequestThroughRouter(Object(Illuminate\\Http\\Request))
#40 /var/www/html/backend-legacy-laravel8/public/index.php(12): Illuminate\\Foundation\\Http\\Kernel->handle(Object(Illuminate\\Http\\Request))
#41 {main}
"} 
[2026-05-18 17:48:20] local.ERROR: Unable to resolve NULL driver for [Illuminate\Session\SessionManager]. {"exception":"[object] (InvalidArgumentException(code: 0): Unable to resolve NULL driver for [Illuminate\\Session\\SessionManager]. at /var/www/html/backend-legacy-laravel8/vendor/laravel/framework/src/Illuminate/Support/Manager.php:71)
[stacktrace]
#0 /var/www/html/backend-legacy-laravel8/vendor/laravel/framework/src/Illuminate/Session/SessionServiceProvider.php(52): Illuminate\\Support\\Manager->driver()
#1 /var/www/html/backend-legacy-laravel8/vendor/laravel/framework/src/Illuminate/Container/Container.php(873): Illuminate\\Session\\SessionServiceProvider->Illuminate\\Session\\{closure}(Object(Illuminate\\Foundation\\Application), Array)
#2 /var/www/html/backend-legacy-laravel8/vendor/laravel/framework/src/Illuminate/Container/Container.php(758): Illuminate\\Container\\Container->build(Object(Closure))
#3 /var/www/html/backend-legacy-laravel8/vendor/laravel/framework/src/Illuminate/Foundation/Application.php(853): Illuminate\\Container\\Container->resolve('session.store', Array, true)
#4 /var/www/html/backend-legacy-laravel8/vendor/laravel/framework/src/Illuminate/Container/Container.php(694): Illuminate\\Foundation\\Application->resolve('session.store', Array)
#5 /var/www/html/backend-legacy-laravel8/vendor/laravel/framework/src/Illuminate/Foundation/Application.php(838): Illuminate\\Container\\Container->make('session.store', Array)
#6 /var/www/html/backend-legacy-laravel8/vendor/laravel/framework/src/Illuminate/Container/Container.php(1419): Illuminate\\Foundation\\Application->make('session.store')
#7 /var/www/html/backend-legacy-laravel8/vendor/laravel/framework/src/Illuminate/Routing/RoutingServiceProvider.php(118): Illuminate\\Container\\Container->offsetGet('session.store')
#8 /var/www/html/backend-legacy-laravel8/vendor/laravel/framework/src/Illuminate/Container/Container.php(873): Illuminate\\Routing\\RoutingServiceProvider->Illuminate\\Routing\\{closure}(Object(Illuminate\\Foundation\\Application), Array)
#9 /var/www/html/backend-legacy-laravel8/vendor/laravel/framework/src/Illuminate/Container/Container.php(758): Illuminate\\Container\\Container->build(Object(Closure))
#10 /var/www/html/backend-legacy-laravel8/vendor/laravel/framework/src/Illuminate/Foundation/Application.php(853): Illuminate\\Container\\Container->resolve('redirect', Array, true)
#11 /var/www/html/backend-legacy-laravel8/vendor/laravel/framework/src/Illuminate/Container/Container.php(694): Illuminate\\Foundation\\Application->resolve('redirect', Array)
#12 /var/www/html/backend-legacy-laravel8/vendor/laravel/framework/src/Illuminate/Foundation/Application.php(838): Illuminate\\Container\\Container->make('redirect', Array)
#13 /var/www/html/backend-legacy-laravel8/vendor/laravel/framework/src/Illuminate/Container/Container.php(1419): Illuminate\\Foundation\\Application->make('redirect')
#14 /var/www/html/backend-legacy-laravel8/vendor/laravel/framework/src/Illuminate/Routing/RoutingServiceProvider.php(172): Illuminate\\Container\\Container->offsetGet('redirect')
#15 /var/www/html/backend-legacy-laravel8/vendor/laravel/framework/src/Illuminate/Container/Container.php(873): Illuminate\\Routing\\RoutingServiceProvider->Illuminate\\Routing\\{closure}(Object(Illuminate\\Foundation\\Application), Array)
#16 /var/www/html/backend-legacy-laravel8/vendor/laravel/framework/src/Illuminate/Container/Container.php(758): Illuminate\\Container\\Container->build(Object(Closure))
#17 /var/www/html/backend-legacy-laravel8/vendor/laravel/framework/src/Illuminate/Foundation/Application.php(853): Illuminate\\Container\\Container->resolve('Illuminate\\\\Cont...', Array, true)
#18 /var/www/html/backend-legacy-laravel8/vendor/laravel/framework/src/Illuminate/Container/Container.php(694): Illuminate\\Foundation\\Application->resolve('Illuminate\\\\Cont...', Array)
#19 /var/www/html/backend-legacy-laravel8/vendor/laravel/framework/src/Illuminate/Foundation/Application.php(838): Illuminate\\Container\\Container->make('Illuminate\\\\Cont...', Array)
#20 /var/www/html/backend-legacy-laravel8/vendor/laravel/framework/src/Illuminate/Foundation/helpers.php(119): Illuminate\\Foundation\\Application->make('Illuminate\\\\Cont...', Array)
#21 /var/www/html/backend-legacy-laravel8/vendor/laravel/framework/src/Illuminate/Foundation/helpers.php(718): app('Illuminate\\\\Cont...')
#22 /var/www/html/backend-legacy-laravel8/vendor/laravel/framework/src/Illuminate/Foundation/Exceptions/Handler.php(582): response()
#23 /var/www/html/backend-legacy-laravel8/vendor/laravel/framework/src/Illuminate/Foundation/Exceptions/Handler.php(490): Illuminate\\Foundation\\Exceptions\\Handler->renderHttpException(Object(Symfony\\Component\\HttpKernel\\Exception\\NotFoundHttpException))
#24 /var/www/html/backend-legacy-laravel8/vendor/laravel/framework/src/Illuminate/Foundation/Exceptions/Handler.php(356): Illuminate\\Foundation\\Exceptions\\Handler->prepareResponse(Object(Illuminate\\Http\\Request), Object(Symfony\\Component\\HttpKernel\\Exception\\NotFoundHttpException))
#25 /var/www/html/backend-legacy-laravel8/vendor/laravel/framework/src/Illuminate/Routing/Pipeline.php(51): Illuminate\\Foundation\\Exceptions\\Handler->render(Object(Illuminate\\Http\\Request), Object(Symfony\\Component\\HttpKernel\\Exception\\NotFoundHttpException))
#26 /var/www/html/backend-legacy-laravel8/vendor/laravel/framework/src/Illuminate/Pipeline/Pipeline.php(130): Illuminate\\Routing\\Pipeline->handleException(Object(Illuminate\\Http\\Request), Object(Symfony\\Component\\HttpKernel\\Exception\\NotFoundHttpException))
#27 /var/www/html/backend-legacy-laravel8/vendor/laravel/framework/src/Illuminate/Foundation/Http/Middleware/TransformsRequest.php(21): Illuminate\\Pipeline\\Pipeline->Illuminate\\Pipeline\\{closure}(Object(Illuminate\\Http\\Request))
#28 /var/www/html/backend-legacy-laravel8/vendor/laravel/framework/src/Illuminate/Foundation/Http/Middleware/ConvertEmptyStringsToNull.php(31): Illuminate\\Foundation\\Http\\Middleware\\TransformsRequest->handle(Object(Illuminate\\Http\\Request), Object(Closure))
#29 /var/www/html/backend-legacy-laravel8/vendor/laravel/framework/src/Illuminate/Pipeline/Pipeline.php(167): Illuminate\\Foundation\\Http\\Middleware\\ConvertEmptyStringsToNull->handle(Object(Illuminate\\Http\\Request), Object(Closure))
#30 /var/www/html/backend-legacy-laravel8/vendor/laravel/framework/src/Illuminate/Foundation/Http/Middleware/TransformsRequest.php(21): Illuminate\\Pipeline\\Pipeline->Illuminate\\Pipeline\\{closure}(Object(Illuminate\\Http\\Request))
#31 /var/www/html/backend-legacy-laravel8/vendor/laravel/framework/src/Illuminate/Foundation/Http/Middleware/TrimStrings.php(40): Illuminate\\Foundation\\Http\\Middleware\\TransformsRequest->handle(Object(Illuminate\\Http\\Request), Object(Closure))
#32 /var/www/html/backend-legacy-laravel8/vendor/laravel/framework/src/Illuminate/Pipeline/Pipeline.php(167): Illuminate\\Foundation\\Http\\Middleware\\TrimStrings->handle(Object(Illuminate\\Http\\Request), Object(Closure))
#33 /var/www/html/backend-legacy-laravel8/vendor/laravel/framework/src/Illuminate/Foundation/Http/Middleware/ValidatePostSize.php(27): Illuminate\\Pipeline\\Pipeline->Illuminate\\Pipeline\\{closure}(Object(Illuminate\\Http\\Request))
#34 /var/www/html/backend-legacy-laravel8/vendor/laravel/framework/src/Illuminate/Pipeline/Pipeline.php(167): Illuminate\\Foundation\\Http\\Middleware\\ValidatePostSize->handle(Object(Illuminate\\Http\\Request), Object(Closure))
#35 /var/www/html/backend-legacy-laravel8/vendor/laravel/framework/src/Illuminate/Foundation/Http/Middleware/PreventRequestsDuringMaintenance.php(86): Illuminate\\Pipeline\\Pipeline->Illuminate\\Pipeline\\{closure}(Object(Illuminate\\Http\\Request))
#36 /var/www/html/backend-legacy-laravel8/vendor/laravel/framework/src/Illuminate/Pipeline/Pipeline.php(167): Illuminate\\Foundation\\Http\\Middleware\\PreventRequestsDuringMaintenance->handle(Object(Illuminate\\Http\\Request), Object(Closure))
#37 /var/www/html/backend-legacy-laravel8/vendor/laravel/framework/src/Illuminate/Pipeline/Pipeline.php(103): Illuminate\\Pipeline\\Pipeline->Illuminate\\Pipeline\\{closure}(Object(Illuminate\\Http\\Request))
#38 /var/www/html/backend-legacy-laravel8/vendor/laravel/framework/src/Illuminate/Foundation/Http/Kernel.php(142): Illuminate\\Pipeline\\Pipeline->then(Object(Closure))
#39 /var/www/html/backend-legacy-laravel8/vendor/laravel/framework/src/Illuminate/Foundation/Http/Kernel.php(111): Illuminate\\Foundation\\Http\\Kernel->sendRequestThroughRouter(Object(Illuminate\\Http\\Request))
#40 /var/www/html/backend-legacy-laravel8/public/index.php(12): Illuminate\\Foundation\\Http\\Kernel->handle(Object(Illuminate\\Http\\Request))
#41 {main}
"} 
[2026-05-18 17:48:20] local.ERROR: Unable to resolve NULL driver for [Illuminate\Session\SessionManager]. {"exception":"[object] (InvalidArgumentException(code: 0): Unable to resolve NULL driver for [Illuminate\\Session\\SessionManager]. at /var/www/html/backend-legacy-laravel8/vendor/laravel/framework/src/Illuminate/Support/Manager.php:71)
[stacktrace]
#0 /var/www/html/backend-legacy-laravel8/vendor/laravel/framework/src/Illuminate/Session/SessionServiceProvider.php(52): Illuminate\\Support\\Manager->driver()
#1 /var/www/html/backend-legacy-laravel8/vendor/laravel/framework/src/Illuminate/Container/Container.php(873): Illuminate\\Session\\SessionServiceProvider->Illuminate\\Session\\{closure}(Object(Illuminate\\Foundation\\Application), Array)
#2 /var/www/html/backend-legacy-laravel8/vendor/laravel/framework/src/Illuminate/Container/Container.php(758): Illuminate\\Container\\Container->build(Object(Closure))
#3 /var/www/html/backend-legacy-laravel8/vendor/laravel/framework/src/Illuminate/Foundation/Application.php(853): Illuminate\\Container\\Container->resolve('session.store', Array, true)
#4 /var/www/html/backend-legacy-laravel8/vendor/laravel/framework/src/Illuminate/Container/Container.php(694): Illuminate\\Foundation\\Application->resolve('session.store', Array)
#5 /var/www/html/backend-legacy-laravel8/vendor/laravel/framework/src/Illuminate/Foundation/Application.php(838): Illuminate\\Container\\Container->make('session.store', Array)
#6 /var/www/html/backend-legacy-laravel8/vendor/laravel/framework/src/Illuminate/Container/Container.php(1419): Illuminate\\Foundation\\Application->make('session.store')
#7 /var/www/html/backend-legacy-laravel8/vendor/laravel/framework/src/Illuminate/Routing/RoutingServiceProvider.php(118): Illuminate\\Container\\Container->offsetGet('session.store')
#8 /var/www/html/backend-legacy-laravel8/vendor/laravel/framework/src/Illuminate/Container/Container.php(873): Illuminate\\Routing\\RoutingServiceProvider->Illuminate\\Routing\\{closure}(Object(Illuminate\\Foundation\\Application), Array)
#9 /var/www/html/backend-legacy-laravel8/vendor/laravel/framework/src/Illuminate/Container/Container.php(758): Illuminate\\Container\\Container->build(Object(Closure))
#10 /var/www/html/backend-legacy-laravel8/vendor/laravel/framework/src/Illuminate/Foundation/Application.php(853): Illuminate\\Container\\Container->resolve('redirect', Array, true)
#11 /var/www/html/backend-legacy-laravel8/vendor/laravel/framework/src/Illuminate/Container/Container.php(694): Illuminate\\Foundation\\Application->resolve('redirect', Array)
#12 /var/www/html/backend-legacy-laravel8/vendor/laravel/framework/src/Illuminate/Foundation/Application.php(838): Illuminate\\Container\\Container->make('redirect', Array)
#13 /var/www/html/backend-legacy-laravel8/vendor/laravel/framework/src/Illuminate/Container/Container.php(1419): Illuminate\\Foundation\\Application->make('redirect')
#14 /var/www/html/backend-legacy-laravel8/vendor/laravel/framework/src/Illuminate/Routing/RoutingServiceProvider.php(172): Illuminate\\Container\\Container->offsetGet('redirect')
#15 /var/www/html/backend-legacy-laravel8/vendor/laravel/framework/src/Illuminate/Container/Container.php(873): Illuminate\\Routing\\RoutingServiceProvider->Illuminate\\Routing\\{closure}(Object(Illuminate\\Foundation\\Application), Array)
#16 /var/www/html/backend-legacy-laravel8/vendor/laravel/framework/src/Illuminate/Container/Container.php(758): Illuminate\\Container\\Container->build(Object(Closure))
#17 /var/www/html/backend-legacy-laravel8/vendor/laravel/framework/src/Illuminate/Foundation/Application.php(853): Illuminate\\Container\\Container->resolve('Illuminate\\\\Cont...', Array, true)
#18 /var/www/html/backend-legacy-laravel8/vendor/laravel/framework/src/Illuminate/Container/Container.php(694): Illuminate\\Foundation\\Application->resolve('Illuminate\\\\Cont...', Array)
#19 /var/www/html/backend-legacy-laravel8/vendor/laravel/framework/src/Illuminate/Foundation/Application.php(838): Illuminate\\Container\\Container->make('Illuminate\\\\Cont...', Array)
#20 /var/www/html/backend-legacy-laravel8/vendor/laravel/framework/src/Illuminate/Foundation/helpers.php(119): Illuminate\\Foundation\\Application->make('Illuminate\\\\Cont...', Array)
#21 /var/www/html/backend-legacy-laravel8/vendor/laravel/framework/src/Illuminate/Foundation/helpers.php(718): app('Illuminate\\\\Cont...')
#22 /var/www/html/backend-legacy-laravel8/vendor/laravel/framework/src/Illuminate/Foundation/Exceptions/Handler.php(582): response()
#23 /var/www/html/backend-legacy-laravel8/vendor/laravel/framework/src/Illuminate/Foundation/Exceptions/Handler.php(490): Illuminate\\Foundation\\Exceptions\\Handler->renderHttpException(Object(Symfony\\Component\\HttpKernel\\Exception\\NotFoundHttpException))
#24 /var/www/html/backend-legacy-laravel8/vendor/laravel/framework/src/Illuminate/Foundation/Exceptions/Handler.php(356): Illuminate\\Foundation\\Exceptions\\Handler->prepareResponse(Object(Illuminate\\Http\\Request), Object(Symfony\\Component\\HttpKernel\\Exception\\NotFoundHttpException))
#25 /var/www/html/backend-legacy-laravel8/vendor/laravel/framework/src/Illuminate/Routing/Pipeline.php(51): Illuminate\\Foundation\\Exceptions\\Handler->render(Object(Illuminate\\Http\\Request), Object(Symfony\\Component\\HttpKernel\\Exception\\NotFoundHttpException))
#26 /var/www/html/backend-legacy-laravel8/vendor/laravel/framework/src/Illuminate/Pipeline/Pipeline.php(130): Illuminate\\Routing\\Pipeline->handleException(Object(Illuminate\\Http\\Request), Object(Symfony\\Component\\HttpKernel\\Exception\\NotFoundHttpException))
#27 /var/www/html/backend-legacy-laravel8/vendor/laravel/framework/src/Illuminate/Foundation/Http/Middleware/TransformsRequest.php(21): Illuminate\\Pipeline\\Pipeline->Illuminate\\Pipeline\\{closure}(Object(Illuminate\\Http\\Request))
#28 /var/www/html/backend-legacy-laravel8/vendor/laravel/framework/src/Illuminate/Foundation/Http/Middleware/ConvertEmptyStringsToNull.php(31): Illuminate\\Foundation\\Http\\Middleware\\TransformsRequest->handle(Object(Illuminate\\Http\\Request), Object(Closure))
#29 /var/www/html/backend-legacy-laravel8/vendor/laravel/framework/src/Illuminate/Pipeline/Pipeline.php(167): Illuminate\\Foundation\\Http\\Middleware\\ConvertEmptyStringsToNull->handle(Object(Illuminate\\Http\\Request), Object(Closure))
#30 /var/www/html/backend-legacy-laravel8/vendor/laravel/framework/src/Illuminate/Foundation/Http/Middleware/TransformsRequest.php(21): Illuminate\\Pipeline\\Pipeline->Illuminate\\Pipeline\\{closure}(Object(Illuminate\\Http\\Request))
#31 /var/www/html/backend-legacy-laravel8/vendor/laravel/framework/src/Illuminate/Foundation/Http/Middleware/TrimStrings.php(40): Illuminate\\Foundation\\Http\\Middleware\\TransformsRequest->handle(Object(Illuminate\\Http\\Request), Object(Closure))
#32 /var/www/html/backend-legacy-laravel8/vendor/laravel/framework/src/Illuminate/Pipeline/Pipeline.php(167): Illuminate\\Foundation\\Http\\Middleware\\TrimStrings->handle(Object(Illuminate\\Http\\Request), Object(Closure))
#33 /var/www/html/backend-legacy-laravel8/vendor/laravel/framework/src/Illuminate/Foundation/Http/Middleware/ValidatePostSize.php(27): Illuminate\\Pipeline\\Pipeline->Illuminate\\Pipeline\\{closure}(Object(Illuminate\\Http\\Request))
#34 /var/www/html/backend-legacy-laravel8/vendor/laravel/framework/src/Illuminate/Pipeline/Pipeline.php(167): Illuminate\\Foundation\\Http\\Middleware\\ValidatePostSize->handle(Object(Illuminate\\Http\\Request), Object(Closure))
#35 /var/www/html/backend-legacy-laravel8/vendor/laravel/framework/src/Illuminate/Foundation/Http/Middleware/PreventRequestsDuringMaintenance.php(86): Illuminate\\Pipeline\\Pipeline->Illuminate\\Pipeline\\{closure}(Object(Illuminate\\Http\\Request))
#36 /var/www/html/backend-legacy-laravel8/vendor/laravel/framework/src/Illuminate/Pipeline/Pipeline.php(167): Illuminate\\Foundation\\Http\\Middleware\\PreventRequestsDuringMaintenance->handle(Object(Illuminate\\Http\\Request), Object(Closure))
#37 /var/www/html/backend-legacy-laravel8/vendor/laravel/framework/src/Illuminate/Pipeline/Pipeline.php(103): Illuminate\\Pipeline\\Pipeline->Illuminate\\Pipeline\\{closure}(Object(Illuminate\\Http\\Request))
#38 /var/www/html/backend-legacy-laravel8/vendor/laravel/framework/src/Illuminate/Foundation/Http/Kernel.php(142): Illuminate\\Pipeline\\Pipeline->then(Object(Closure))
#39 /var/www/html/backend-legacy-laravel8/vendor/laravel/framework/src/Illuminate/Foundation/Http/Kernel.php(111): Illuminate\\Foundation\\Http\\Kernel->sendRequestThroughRouter(Object(Illuminate\\Http\\Request))
#40 /var/www/html/backend-legacy-laravel8/public/index.php(12): Illuminate\\Foundation\\Http\\Kernel->handle(Object(Illuminate\\Http\\Request))
#41 {main}
"} 
[2026-05-18 17:49:00] local.ERROR: Unable to resolve NULL driver for [Illuminate\Session\SessionManager]. {"exception":"[object] (InvalidArgumentException(code: 0): Unable to resolve NULL driver for [Illuminate\\Session\\SessionManager]. at /var/www/html/backend-legacy-laravel8/vendor/laravel/framework/src/Illuminate/Support/Manager.php:71)
[stacktrace]
#0 /var/www/html/backend-legacy-laravel8/vendor/laravel/framework/src/Illuminate/Session/SessionServiceProvider.php(52): Illuminate\\Support\\Manager->driver()
#1 /var/www/html/backend-legacy-laravel8/vendor/laravel/framework/src/Illuminate/Container/Container.php(873): Illuminate\\Session\\SessionServiceProvider->Illuminate\\Session\\{closure}(Object(Illuminate\\Foundation\\Application), Array)
#2 /var/www/html/backend-legacy-laravel8/vendor/laravel/framework/src/Illuminate/Container/Container.php(758): Illuminate\\Container\\Container->build(Object(Closure))
#3 /var/www/html/backend-legacy-laravel8/vendor/laravel/framework/src/Illuminate/Foundation/Application.php(853): Illuminate\\Container\\Container->resolve('session.store', Array, true)
#4 /var/www/html/backend-legacy-laravel8/vendor/laravel/framework/src/Illuminate/Container/Container.php(694): Illuminate\\Foundation\\Application->resolve('session.store', Array)
#5 /var/www/html/backend-legacy-laravel8/vendor/laravel/framework/src/Illuminate/Foundation/Application.php(838): Illuminate\\Container\\Container->make('session.store', Array)
#6 /var/www/html/backend-legacy-laravel8/vendor/laravel/framework/src/Illuminate/Container/Container.php(1419): Illuminate\\Foundation\\Application->make('session.store')
#7 /var/www/html/backend-legacy-laravel8/vendor/laravel/framework/src/Illuminate/Routing/RoutingServiceProvider.php(118): Illuminate\\Container\\Container->offsetGet('session.store')
#8 /var/www/html/backend-legacy-laravel8/vendor/laravel/framework/src/Illuminate/Container/Container.php(873): Illuminate\\Routing\\RoutingServiceProvider->Illuminate\\Routing\\{closure}(Object(Illuminate\\Foundation\\Application), Array)
#9 /var/www/html/backend-legacy-laravel8/vendor/laravel/framework/src/Illuminate/Container/Container.php(758): Illuminate\\Container\\Container->build(Object(Closure))
#10 /var/www/html/backend-legacy-laravel8/vendor/laravel/framework/src/Illuminate/Foundation/Application.php(853): Illuminate\\Container\\Container->resolve('redirect', Array, true)
#11 /var/www/html/backend-legacy-laravel8/vendor/laravel/framework/src/Illuminate/Container/Container.php(694): Illuminate\\Foundation\\Application->resolve('redirect', Array)
#12 /var/www/html/backend-legacy-laravel8/vendor/laravel/framework/src/Illuminate/Foundation/Application.php(838): Illuminate\\Container\\Container->make('redirect', Array)
#13 /var/www/html/backend-legacy-laravel8/vendor/laravel/framework/src/Illuminate/Container/Container.php(1419): Illuminate\\Foundation\\Application->make('redirect')
#14 /var/www/html/backend-legacy-laravel8/vendor/laravel/framework/src/Illuminate/Routing/RoutingServiceProvider.php(172): Illuminate\\Container\\Container->offsetGet('redirect')
#15 /var/www/html/backend-legacy-laravel8/vendor/laravel/framework/src/Illuminate/Container/Container.php(873): Illuminate\\Routing\\RoutingServiceProvider->Illuminate\\Routing\\{closure}(Object(Illuminate\\Foundation\\Application), Array)
#16 /var/www/html/backend-legacy-laravel8/vendor/laravel/framework/src/Illuminate/Container/Container.php(758): Illuminate\\Container\\Container->build(Object(Closure))
#17 /var/www/html/backend-legacy-laravel8/vendor/laravel/framework/src/Illuminate/Foundation/Application.php(853): Illuminate\\Container\\Container->resolve('Illuminate\\\\Cont...', Array, true)
#18 /var/www/html/backend-legacy-laravel8/vendor/laravel/framework/src/Illuminate/Container/Container.php(694): Illuminate\\Foundation\\Application->resolve('Illuminate\\\\Cont...', Array)
#19 /var/www/html/backend-legacy-laravel8/vendor/laravel/framework/src/Illuminate/Foundation/Application.php(838): Illuminate\\Container\\Container->make('Illuminate\\\\Cont...', Array)
#20 /var/www/html/backend-legacy-laravel8/vendor/laravel/framework/src/Illuminate/Foundation/helpers.php(119): Illuminate\\Foundation\\Application->make('Illuminate\\\\Cont...', Array)
#21 /var/www/html/backend-legacy-laravel8/vendor/laravel/framework/src/Illuminate/Foundation/helpers.php(718): app('Illuminate\\\\Cont...')
#22 /var/www/html/backend-legacy-laravel8/vendor/laravel/framework/src/Illuminate/Foundation/Exceptions/Handler.php(582): response()
#23 /var/www/html/backend-legacy-laravel8/vendor/laravel/framework/src/Illuminate/Foundation/Exceptions/Handler.php(490): Illuminate\\Foundation\\Exceptions\\Handler->renderHttpException(Object(Symfony\\Component\\HttpKernel\\Exception\\NotFoundHttpException))
#24 /var/www/html/backend-legacy-laravel8/vendor/laravel/framework/src/Illuminate/Foundation/Exceptions/Handler.php(356): Illuminate\\Foundation\\Exceptions\\Handler->prepareResponse(Object(Illuminate\\Http\\Request), Object(Symfony\\Component\\HttpKernel\\Exception\\NotFoundHttpException))
#25 /var/www/html/backend-legacy-laravel8/vendor/laravel/framework/src/Illuminate/Routing/Pipeline.php(51): Illuminate\\Foundation\\Exceptions\\Handler->render(Object(Illuminate\\Http\\Request), Object(Symfony\\Component\\HttpKernel\\Exception\\NotFoundHttpException))
#26 /var/www/html/backend-legacy-laravel8/vendor/laravel/framework/src/Illuminate/Pipeline/Pipeline.php(130): Illuminate\\Routing\\Pipeline->handleException(Object(Illuminate\\Http\\Request), Object(Symfony\\Component\\HttpKernel\\Exception\\NotFoundHttpException))
#27 /var/www/html/backend-legacy-laravel8/vendor/laravel/framework/src/Illuminate/Foundation/Http/Middleware/TransformsRequest.php(21): Illuminate\\Pipeline\\Pipeline->Illuminate\\Pipeline\\{closure}(Object(Illuminate\\Http\\Request))
#28 /var/www/html/backend-legacy-laravel8/vendor/laravel/framework/src/Illuminate/Foundation/Http/Middleware/ConvertEmptyStringsToNull.php(31): Illuminate\\Foundation\\Http\\Middleware\\TransformsRequest->handle(Object(Illuminate\\Http\\Request), Object(Closure))
#29 /var/www/html/backend-legacy-laravel8/vendor/laravel/framework/src/Illuminate/Pipeline/Pipeline.php(167): Illuminate\\Foundation\\Http\\Middleware\\ConvertEmptyStringsToNull->handle(Object(Illuminate\\Http\\Request), Object(Closure))
#30 /var/www/html/backend-legacy-laravel8/vendor/laravel/framework/src/Illuminate/Foundation/Http/Middleware/TransformsRequest.php(21): Illuminate\\Pipeline\\Pipeline->Illuminate\\Pipeline\\{closure}(Object(Illuminate\\Http\\Request))
#31 /var/www/html/backend-legacy-laravel8/vendor/laravel/framework/src/Illuminate/Foundation/Http/Middleware/TrimStrings.php(40): Illuminate\\Foundation\\Http\\Middleware\\TransformsRequest->handle(Object(Illuminate\\Http\\Request), Object(Closure))
#32 /var/www/html/backend-legacy-laravel8/vendor/laravel/framework/src/Illuminate/Pipeline/Pipeline.php(167): Illuminate\\Foundation\\Http\\Middleware\\TrimStrings->handle(Object(Illuminate\\Http\\Request), Object(Closure))
#33 /var/www/html/backend-legacy-laravel8/vendor/laravel/framework/src/Illuminate/Foundation/Http/Middleware/ValidatePostSize.php(27): Illuminate\\Pipeline\\Pipeline->Illuminate\\Pipeline\\{closure}(Object(Illuminate\\Http\\Request))
#34 /var/www/html/backend-legacy-laravel8/vendor/laravel/framework/src/Illuminate/Pipeline/Pipeline.php(167): Illuminate\\Foundation\\Http\\Middleware\\ValidatePostSize->handle(Object(Illuminate\\Http\\Request), Object(Closure))
#35 /var/www/html/backend-legacy-laravel8/vendor/laravel/framework/src/Illuminate/Foundation/Http/Middleware/PreventRequestsDuringMaintenance.php(86): Illuminate\\Pipeline\\Pipeline->Illuminate\\Pipeline\\{closure}(Object(Illuminate\\Http\\Request))
#36 /var/www/html/backend-legacy-laravel8/vendor/laravel/framework/src/Illuminate/Pipeline/Pipeline.php(167): Illuminate\\Foundation\\Http\\Middleware\\PreventRequestsDuringMaintenance->handle(Object(Illuminate\\Http\\Request), Object(Closure))
#37 /var/www/html/backend-legacy-laravel8/vendor/laravel/framework/src/Illuminate/Pipeline/Pipeline.php(103): Illuminate\\Pipeline\\Pipeline->Illuminate\\Pipeline\\{closure}(Object(Illuminate\\Http\\Request))
#38 /var/www/html/backend-legacy-laravel8/vendor/laravel/framework/src/Illuminate/Foundation/Http/Kernel.php(142): Illuminate\\Pipeline\\Pipeline->then(Object(Closure))
#39 /var/www/html/backend-legacy-laravel8/vendor/laravel/framework/src/Illuminate/Foundation/Http/Kernel.php(111): Illuminate\\Foundation\\Http\\Kernel->sendRequestThroughRouter(Object(Illuminate\\Http\\Request))
#40 /var/www/html/backend-legacy-laravel8/public/index.php(12): Illuminate\\Foundation\\Http\\Kernel->handle(Object(Illuminate\\Http\\Request))
#41 {main}
"} 
[2026-05-18 17:49:03] local.ERROR: Unable to resolve NULL driver for [Illuminate\Session\SessionManager]. {"exception":"[object] (InvalidArgumentException(code: 0): Unable to resolve NULL driver for [Illuminate\\Session\\SessionManager]. at /var/www/html/backend-legacy-laravel8/vendor/laravel/framework/src/Illuminate/Support/Manager.php:71)
[stacktrace]
#0 /var/www/html/backend-legacy-laravel8/vendor/laravel/framework/src/Illuminate/Session/SessionServiceProvider.php(52): Illuminate\\Support\\Manager->driver()
#1 /var/www/html/backend-legacy-laravel8/vendor/laravel/framework/src/Illuminate/Container/Container.php(873): Illuminate\\Session\\SessionServiceProvider->Illuminate\\Session\\{closure}(Object(Illuminate\\Foundation\\Application), Array)
#2 /var/www/html/backend-legacy-laravel8/vendor/laravel/framework/src/Illuminate/Container/Container.php(758): Illuminate\\Container\\Container->build(Object(Closure))
#3 /var/www/html/backend-legacy-laravel8/vendor/laravel/framework/src/Illuminate/Foundation/Application.php(853): Illuminate\\Container\\Container->resolve('session.store', Array, true)
#4 /var/www/html/backend-legacy-laravel8/vendor/laravel/framework/src/Illuminate/Container/Container.php(694): Illuminate\\Foundation\\Application->resolve('session.store', Array)
#5 /var/www/html/backend-legacy-laravel8/vendor/laravel/framework/src/Illuminate/Foundation/Application.php(838): Illuminate\\Container\\Container->make('session.store', Array)
#6 /var/www/html/backend-legacy-laravel8/vendor/laravel/framework/src/Illuminate/Container/Container.php(1419): Illuminate\\Foundation\\Application->make('session.store')
#7 /var/www/html/backend-legacy-laravel8/vendor/laravel/framework/src/Illuminate/Routing/RoutingServiceProvider.php(118): Illuminate\\Container\\Container->offsetGet('session.store')
#8 /var/www/html/backend-legacy-laravel8/vendor/laravel/framework/src/Illuminate/Container/Container.php(873): Illuminate\\Routing\\RoutingServiceProvider->Illuminate\\Routing\\{closure}(Object(Illuminate\\Foundation\\Application), Array)
#9 /var/www/html/backend-legacy-laravel8/vendor/laravel/framework/src/Illuminate/Container/Container.php(758): Illuminate\\Container\\Container->build(Object(Closure))
#10 /var/www/html/backend-legacy-laravel8/vendor/laravel/framework/src/Illuminate/Foundation/Application.php(853): Illuminate\\Container\\Container->resolve('redirect', Array, true)
#11 /var/www/html/backend-legacy-laravel8/vendor/laravel/framework/src/Illuminate/Container/Container.php(694): Illuminate\\Foundation\\Application->resolve('redirect', Array)
#12 /var/www/html/backend-legacy-laravel8/vendor/laravel/framework/src/Illuminate/Foundation/Application.php(838): Illuminate\\Container\\Container->make('redirect', Array)
#13 /var/www/html/backend-legacy-laravel8/vendor/laravel/framework/src/Illuminate/Container/Container.php(1419): Illuminate\\Foundation\\Application->make('redirect')
#14 /var/www/html/backend-legacy-laravel8/vendor/laravel/framework/src/Illuminate/Routing/RoutingServiceProvider.php(172): Illuminate\\Container\\Container->offsetGet('redirect')
#15 /var/www/html/backend-legacy-laravel8/vendor/laravel/framework/src/Illuminate/Container/Container.php(873): Illuminate\\Routing\\RoutingServiceProvider->Illuminate\\Routing\\{closure}(Object(Illuminate\\Foundation\\Application), Array)
#16 /var/www/html/backend-legacy-laravel8/vendor/laravel/framework/src/Illuminate/Container/Container.php(758): Illuminate\\Container\\Container->build(Object(Closure))
#17 /var/www/html/backend-legacy-laravel8/vendor/laravel/framework/src/Illuminate/Foundation/Application.php(853): Illuminate\\Container\\Container->resolve('Illuminate\\\\Cont...', Array, true)
#18 /var/www/html/backend-legacy-laravel8/vendor/laravel/framework/src/Illuminate/Container/Container.php(694): Illuminate\\Foundation\\Application->resolve('Illuminate\\\\Cont...', Array)
#19 /var/www/html/backend-legacy-laravel8/vendor/laravel/framework/src/Illuminate/Foundation/Application.php(838): Illuminate\\Container\\Container->make('Illuminate\\\\Cont...', Array)
#20 /var/www/html/backend-legacy-laravel8/vendor/laravel/framework/src/Illuminate/Foundation/helpers.php(119): Illuminate\\Foundation\\Application->make('Illuminate\\\\Cont...', Array)
#21 /var/www/html/backend-legacy-laravel8/vendor/laravel/framework/src/Illuminate/Foundation/helpers.php(718): app('Illuminate\\\\Cont...')
#22 /var/www/html/backend-legacy-laravel8/vendor/laravel/framework/src/Illuminate/Foundation/Exceptions/Handler.php(582): response()
#23 /var/www/html/backend-legacy-laravel8/vendor/laravel/framework/src/Illuminate/Foundation/Exceptions/Handler.php(490): Illuminate\\Foundation\\Exceptions\\Handler->renderHttpException(Object(Symfony\\Component\\HttpKernel\\Exception\\NotFoundHttpException))
#24 /var/www/html/backend-legacy-laravel8/vendor/laravel/framework/src/Illuminate/Foundation/Exceptions/Handler.php(356): Illuminate\\Foundation\\Exceptions\\Handler->prepareResponse(Object(Illuminate\\Http\\Request), Object(Symfony\\Component\\HttpKernel\\Exception\\NotFoundHttpException))
#25 /var/www/html/backend-legacy-laravel8/vendor/laravel/framework/src/Illuminate/Routing/Pipeline.php(51): Illuminate\\Foundation\\Exceptions\\Handler->render(Object(Illuminate\\Http\\Request), Object(Symfony\\Component\\HttpKernel\\Exception\\NotFoundHttpException))
#26 /var/www/html/backend-legacy-laravel8/vendor/laravel/framework/src/Illuminate/Pipeline/Pipeline.php(130): Illuminate\\Routing\\Pipeline->handleException(Object(Illuminate\\Http\\Request), Object(Symfony\\Component\\HttpKernel\\Exception\\NotFoundHttpException))
#27 /var/www/html/backend-legacy-laravel8/vendor/laravel/framework/src/Illuminate/Foundation/Http/Middleware/TransformsRequest.php(21): Illuminate\\Pipeline\\Pipeline->Illuminate\\Pipeline\\{closure}(Object(Illuminate\\Http\\Request))
#28 /var/www/html/backend-legacy-laravel8/vendor/laravel/framework/src/Illuminate/Foundation/Http/Middleware/ConvertEmptyStringsToNull.php(31): Illuminate\\Foundation\\Http\\Middleware\\TransformsRequest->handle(Object(Illuminate\\Http\\Request), Object(Closure))
#29 /var/www/html/backend-legacy-laravel8/vendor/laravel/framework/src/Illuminate/Pipeline/Pipeline.php(167): Illuminate\\Foundation\\Http\\Middleware\\ConvertEmptyStringsToNull->handle(Object(Illuminate\\Http\\Request), Object(Closure))
#30 /var/www/html/backend-legacy-laravel8/vendor/laravel/framework/src/Illuminate/Foundation/Http/Middleware/TransformsRequest.php(21): Illuminate\\Pipeline\\Pipeline->Illuminate\\Pipeline\\{closure}(Object(Illuminate\\Http\\Request))
#31 /var/www/html/backend-legacy-laravel8/vendor/laravel/framework/src/Illuminate/Foundation/Http/Middleware/TrimStrings.php(40): Illuminate\\Foundation\\Http\\Middleware\\TransformsRequest->handle(Object(Illuminate\\Http\\Request), Object(Closure))
#32 /var/www/html/backend-legacy-laravel8/vendor/laravel/framework/src/Illuminate/Pipeline/Pipeline.php(167): Illuminate\\Foundation\\Http\\Middleware\\TrimStrings->handle(Object(Illuminate\\Http\\Request), Object(Closure))
#33 /var/www/html/backend-legacy-laravel8/vendor/laravel/framework/src/Illuminate/Foundation/Http/Middleware/ValidatePostSize.php(27): Illuminate\\Pipeline\\Pipeline->Illuminate\\Pipeline\\{closure}(Object(Illuminate\\Http\\Request))
#34 /var/www/html/backend-legacy-laravel8/vendor/laravel/framework/src/Illuminate/Pipeline/Pipeline.php(167): Illuminate\\Foundation\\Http\\Middleware\\ValidatePostSize->handle(Object(Illuminate\\Http\\Request), Object(Closure))
#35 /var/www/html/backend-legacy-laravel8/vendor/laravel/framework/src/Illuminate/Foundation/Http/Middleware/PreventRequestsDuringMaintenance.php(86): Illuminate\\Pipeline\\Pipeline->Illuminate\\Pipeline\\{closure}(Object(Illuminate\\Http\\Request))
#36 /var/www/html/backend-legacy-laravel8/vendor/laravel/framework/src/Illuminate/Pipeline/Pipeline.php(167): Illuminate\\Foundation\\Http\\Middleware\\PreventRequestsDuringMaintenance->handle(Object(Illuminate\\Http\\Request), Object(Closure))
#37 /var/www/html/backend-legacy-laravel8/vendor/laravel/framework/src/Illuminate/Pipeline/Pipeline.php(103): Illuminate\\Pipeline\\Pipeline->Illuminate\\Pipeline\\{closure}(Object(Illuminate\\Http\\Request))
#38 /var/www/html/backend-legacy-laravel8/vendor/laravel/framework/src/Illuminate/Foundation/Http/Kernel.php(142): Illuminate\\Pipeline\\Pipeline->then(Object(Closure))
#39 /var/www/html/backend-legacy-laravel8/vendor/laravel/framework/src/Illuminate/Foundation/Http/Kernel.php(111): Illuminate\\Foundation\\Http\\Kernel->sendRequestThroughRouter(Object(Illuminate\\Http\\Request))
#40 /var/www/html/backend-legacy-laravel8/public/index.php(12): Illuminate\\Foundation\\Http\\Kernel->handle(Object(Illuminate\\Http\\Request))
#41 {main}
"} 
[2026-05-18 17:51:18] local.ERROR: SQLSTATE[HY000] [2002] Connection refused (SQL: select * from information_schema.tables where table_schema = legacy_products and table_name = migrations and table_type = 'BASE TABLE') {"exception":"[object] (Illuminate\\Database\\QueryException(code: 2002): SQLSTATE[HY000] [2002] Connection refused (SQL: select * from information_schema.tables where table_schema = legacy_products and table_name = migrations and table_type = 'BASE TABLE') at /var/www/html/backend-legacy-laravel8/vendor/laravel/framework/src/Illuminate/Database/Connection.php:712)
[stacktrace]
#0 /var/www/html/backend-legacy-laravel8/vendor/laravel/framework/src/Illuminate/Database/Connection.php(784): Illuminate\\Database\\Connection->runQueryCallback('select * from i...', Array, Object(Closure))
#1 /var/www/html/backend-legacy-laravel8/vendor/laravel/framework/src/Illuminate/Database/Connection.php(764): Illuminate\\Database\\Connection->tryAgainIfCausedByLostConnection(Object(Illuminate\\Database\\QueryException), 'select * from i...', Array, Object(Closure))
#2 /var/www/html/backend-legacy-laravel8/vendor/laravel/framework/src/Illuminate/Database/Connection.php(675): Illuminate\\Database\\Connection->handleQueryException(Object(Illuminate\\Database\\QueryException), 'select * from i...', Array, Object(Closure))
#3 /var/www/html/backend-legacy-laravel8/vendor/laravel/framework/src/Illuminate/Database/Connection.php(376): Illuminate\\Database\\Connection->run('select * from i...', Array, Object(Closure))
#4 /var/www/html/backend-legacy-laravel8/vendor/laravel/framework/src/Illuminate/Database/Schema/MySqlBuilder.php(44): Illuminate\\Database\\Connection->select('select * from i...', Array)
#5 /var/www/html/backend-legacy-laravel8/vendor/laravel/framework/src/Illuminate/Database/Migrations/DatabaseMigrationRepository.php(169): Illuminate\\Database\\Schema\\MySqlBuilder->hasTable('migrations')
#6 /var/www/html/backend-legacy-laravel8/vendor/laravel/framework/src/Illuminate/Database/Migrations/Migrator.php(673): Illuminate\\Database\\Migrations\\DatabaseMigrationRepository->repositoryExists()
#7 /var/www/html/backend-legacy-laravel8/vendor/laravel/framework/src/Illuminate/Database/Console/Migrations/MigrateCommand.php(110): Illuminate\\Database\\Migrations\\Migrator->repositoryExists()
#8 /var/www/html/backend-legacy-laravel8/vendor/laravel/framework/src/Illuminate/Database/Console/Migrations/MigrateCommand.php(78): Illuminate\\Database\\Console\\Migrations\\MigrateCommand->prepareDatabase()
#9 /var/www/html/backend-legacy-laravel8/vendor/laravel/framework/src/Illuminate/Database/Migrations/Migrator.php(606): Illuminate\\Database\\Console\\Migrations\\MigrateCommand->Illuminate\\Database\\Console\\Migrations\\{closure}()
#10 /var/www/html/backend-legacy-laravel8/vendor/laravel/framework/src/Illuminate/Database/Console/Migrations/MigrateCommand.php(98): Illuminate\\Database\\Migrations\\Migrator->usingConnection(NULL, Object(Closure))
#11 /var/www/html/backend-legacy-laravel8/vendor/laravel/framework/src/Illuminate/Container/BoundMethod.php(36): Illuminate\\Database\\Console\\Migrations\\MigrateCommand->handle()
#12 /var/www/html/backend-legacy-laravel8/vendor/laravel/framework/src/Illuminate/Container/Util.php(40): Illuminate\\Container\\BoundMethod::Illuminate\\Container\\{closure}()
#13 /var/www/html/backend-legacy-laravel8/vendor/laravel/framework/src/Illuminate/Container/BoundMethod.php(93): Illuminate\\Container\\Util::unwrapIfClosure(Object(Closure))
#14 /var/www/html/backend-legacy-laravel8/vendor/laravel/framework/src/Illuminate/Container/BoundMethod.php(37): Illuminate\\Container\\BoundMethod::callBoundMethod(Object(Illuminate\\Foundation\\Application), Array, Object(Closure))
#15 /var/www/html/backend-legacy-laravel8/vendor/laravel/framework/src/Illuminate/Container/Container.php(653): Illuminate\\Container\\BoundMethod::call(Object(Illuminate\\Foundation\\Application), Array, Array, NULL)
#16 /var/www/html/backend-legacy-laravel8/vendor/laravel/framework/src/Illuminate/Console/Command.php(136): Illuminate\\Container\\Container->call(Array)
#17 /var/www/html/backend-legacy-laravel8/vendor/symfony/console/Command/Command.php(298): Illuminate\\Console\\Command->execute(Object(Symfony\\Component\\Console\\Input\\ArgvInput), Object(Illuminate\\Console\\OutputStyle))
#18 /var/www/html/backend-legacy-laravel8/vendor/laravel/framework/src/Illuminate/Console/Command.php(121): Symfony\\Component\\Console\\Command\\Command->run(Object(Symfony\\Component\\Console\\Input\\ArgvInput), Object(Illuminate\\Console\\OutputStyle))
#19 /var/www/html/backend-legacy-laravel8/vendor/symfony/console/Application.php(1040): Illuminate\\Console\\Command->run(Object(Symfony\\Component\\Console\\Input\\ArgvInput), Object(Symfony\\Component\\Console\\Output\\ConsoleOutput))
#20 /var/www/html/backend-legacy-laravel8/vendor/symfony/console/Application.php(301): Symfony\\Component\\Console\\Application->doRunCommand(Object(Illuminate\\Database\\Console\\Migrations\\MigrateCommand), Object(Symfony\\Component\\Console\\Input\\ArgvInput), Object(Symfony\\Component\\Console\\Output\\ConsoleOutput))
#21 /var/www/html/backend-legacy-laravel8/vendor/symfony/console/Application.php(171): Symfony\\Component\\Console\\Application->doRun(Object(Symfony\\Component\\Console\\Input\\ArgvInput), Object(Symfony\\Component\\Console\\Output\\ConsoleOutput))
#22 /var/www/html/backend-legacy-laravel8/vendor/laravel/framework/src/Illuminate/Console/Application.php(94): Symfony\\Component\\Console\\Application->run(Object(Symfony\\Component\\Console\\Input\\ArgvInput), Object(Symfony\\Component\\Console\\Output\\ConsoleOutput))
#23 /var/www/html/backend-legacy-laravel8/vendor/laravel/framework/src/Illuminate/Foundation/Console/Kernel.php(129): Illuminate\\Console\\Application->run(Object(Symfony\\Component\\Console\\Input\\ArgvInput), Object(Symfony\\Component\\Console\\Output\\ConsoleOutput))
#24 /var/www/html/backend-legacy-laravel8/artisan(14): Illuminate\\Foundation\\Console\\Kernel->handle(Object(Symfony\\Component\\Console\\Input\\ArgvInput), Object(Symfony\\Component\\Console\\Output\\ConsoleOutput))
#25 {main}

[previous exception] [object] (PDOException(code: 2002): SQLSTATE[HY000] [2002] Connection refused at /var/www/html/backend-legacy-laravel8/vendor/laravel/framework/src/Illuminate/Database/Connectors/Connector.php:70)
[stacktrace]
#0 /var/www/html/backend-legacy-laravel8/vendor/laravel/framework/src/Illuminate/Database/Connectors/Connector.php(70): PDO->__construct('mysql:host=mysq...', 'root', 'root', Array)
#1 /var/www/html/backend-legacy-laravel8/vendor/laravel/framework/src/Illuminate/Database/Connectors/Connector.php(100): Illuminate\\Database\\Connectors\\Connector->createPdoConnection('mysql:host=mysq...', 'root', 'root', Array)
#2 /var/www/html/backend-legacy-laravel8/vendor/laravel/framework/src/Illuminate/Database/Connectors/Connector.php(50): Illuminate\\Database\\Connectors\\Connector->tryAgainIfCausedByLostConnection(Object(PDOException), 'mysql:host=mysq...', 'root', 'root', Array)
#3 /var/www/html/backend-legacy-laravel8/vendor/laravel/framework/src/Illuminate/Database/Connectors/MySqlConnector.php(24): Illuminate\\Database\\Connectors\\Connector->createConnection('mysql:host=mysq...', Array, Array)
#4 /var/www/html/backend-legacy-laravel8/vendor/laravel/framework/src/Illuminate/Database/Connectors/ConnectionFactory.php(184): Illuminate\\Database\\Connectors\\MySqlConnector->connect(Array)
#5 [internal function]: Illuminate\\Database\\Connectors\\ConnectionFactory->Illuminate\\Database\\Connectors\\{closure}()
#6 /var/www/html/backend-legacy-laravel8/vendor/laravel/framework/src/Illuminate/Database/Connection.php(1064): call_user_func(Object(Closure))
#7 /var/www/html/backend-legacy-laravel8/vendor/laravel/framework/src/Illuminate/Database/Connection.php(1100): Illuminate\\Database\\Connection->getPdo()
#8 /var/www/html/backend-legacy-laravel8/vendor/laravel/framework/src/Illuminate/Database/Connection.php(442): Illuminate\\Database\\Connection->getReadPdo()
#9 /var/www/html/backend-legacy-laravel8/vendor/laravel/framework/src/Illuminate/Database/Connection.php(368): Illuminate\\Database\\Connection->getPdoForSelect(true)
#10 /var/www/html/backend-legacy-laravel8/vendor/laravel/framework/src/Illuminate/Database/Connection.php(705): Illuminate\\Database\\Connection->Illuminate\\Database\\{closure}('select * from i...', Array)
#11 /var/www/html/backend-legacy-laravel8/vendor/laravel/framework/src/Illuminate/Database/Connection.php(784): Illuminate\\Database\\Connection->runQueryCallback('select * from i...', Array, Object(Closure))
#12 /var/www/html/backend-legacy-laravel8/vendor/laravel/framework/src/Illuminate/Database/Connection.php(764): Illuminate\\Database\\Connection->tryAgainIfCausedByLostConnection(Object(Illuminate\\Database\\QueryException), 'select * from i...', Array, Object(Closure))
#13 /var/www/html/backend-legacy-laravel8/vendor/laravel/framework/src/Illuminate/Database/Connection.php(675): Illuminate\\Database\\Connection->handleQueryException(Object(Illuminate\\Database\\QueryException), 'select * from i...', Array, Object(Closure))
#14 /var/www/html/backend-legacy-laravel8/vendor/laravel/framework/src/Illuminate/Database/Connection.php(376): Illuminate\\Database\\Connection->run('select * from i...', Array, Object(Closure))
#15 /var/www/html/backend-legacy-laravel8/vendor/laravel/framework/src/Illuminate/Database/Schema/MySqlBuilder.php(44): Illuminate\\Database\\Connection->select('select * from i...', Array)
#16 /var/www/html/backend-legacy-laravel8/vendor/laravel/framework/src/Illuminate/Database/Migrations/DatabaseMigrationRepository.php(169): Illuminate\\Database\\Schema\\MySqlBuilder->hasTable('migrations')
#17 /var/www/html/backend-legacy-laravel8/vendor/laravel/framework/src/Illuminate/Database/Migrations/Migrator.php(673): Illuminate\\Database\\Migrations\\DatabaseMigrationRepository->repositoryExists()
#18 /var/www/html/backend-legacy-laravel8/vendor/laravel/framework/src/Illuminate/Database/Console/Migrations/MigrateCommand.php(110): Illuminate\\Database\\Migrations\\Migrator->repositoryExists()
#19 /var/www/html/backend-legacy-laravel8/vendor/laravel/framework/src/Illuminate/Database/Console/Migrations/MigrateCommand.php(78): Illuminate\\Database\\Console\\Migrations\\MigrateCommand->prepareDatabase()
#20 /var/www/html/backend-legacy-laravel8/vendor/laravel/framework/src/Illuminate/Database/Migrations/Migrator.php(606): Illuminate\\Database\\Console\\Migrations\\MigrateCommand->Illuminate\\Database\\Console\\Migrations\\{closure}()
#21 /var/www/html/backend-legacy-laravel8/vendor/laravel/framework/src/Illuminate/Database/Console/Migrations/MigrateCommand.php(98): Illuminate\\Database\\Migrations\\Migrator->usingConnection(NULL, Object(Closure))
#22 /var/www/html/backend-legacy-laravel8/vendor/laravel/framework/src/Illuminate/Container/BoundMethod.php(36): Illuminate\\Database\\Console\\Migrations\\MigrateCommand->handle()
#23 /var/www/html/backend-legacy-laravel8/vendor/laravel/framework/src/Illuminate/Container/Util.php(40): Illuminate\\Container\\BoundMethod::Illuminate\\Container\\{closure}()
#24 /var/www/html/backend-legacy-laravel8/vendor/laravel/framework/src/Illuminate/Container/BoundMethod.php(93): Illuminate\\Container\\Util::unwrapIfClosure(Object(Closure))
#25 /var/www/html/backend-legacy-laravel8/vendor/laravel/framework/src/Illuminate/Container/BoundMethod.php(37): Illuminate\\Container\\BoundMethod::callBoundMethod(Object(Illuminate\\Foundation\\Application), Array, Object(Closure))
#26 /var/www/html/backend-legacy-laravel8/vendor/laravel/framework/src/Illuminate/Container/Container.php(653): Illuminate\\Container\\BoundMethod::call(Object(Illuminate\\Foundation\\Application), Array, Array, NULL)
#27 /var/www/html/backend-legacy-laravel8/vendor/laravel/framework/src/Illuminate/Console/Command.php(136): Illuminate\\Container\\Container->call(Array)
#28 /var/www/html/backend-legacy-laravel8/vendor/symfony/console/Command/Command.php(298): Illuminate\\Console\\Command->execute(Object(Symfony\\Component\\Console\\Input\\ArgvInput), Object(Illuminate\\Console\\OutputStyle))
#29 /var/www/html/backend-legacy-laravel8/vendor/laravel/framework/src/Illuminate/Console/Command.php(121): Symfony\\Component\\Console\\Command\\Command->run(Object(Symfony\\Component\\Console\\Input\\ArgvInput), Object(Illuminate\\Console\\OutputStyle))
#30 /var/www/html/backend-legacy-laravel8/vendor/symfony/console/Application.php(1040): Illuminate\\Console\\Command->run(Object(Symfony\\Component\\Console\\Input\\ArgvInput), Object(Symfony\\Component\\Console\\Output\\ConsoleOutput))
#31 /var/www/html/backend-legacy-laravel8/vendor/symfony/console/Application.php(301): Symfony\\Component\\Console\\Application->doRunCommand(Object(Illuminate\\Database\\Console\\Migrations\\MigrateCommand), Object(Symfony\\Component\\Console\\Input\\ArgvInput), Object(Symfony\\Component\\Console\\Output\\ConsoleOutput))
#32 /var/www/html/backend-legacy-laravel8/vendor/symfony/console/Application.php(171): Symfony\\Component\\Console\\Application->doRun(Object(Symfony\\Component\\Console\\Input\\ArgvInput), Object(Symfony\\Component\\Console\\Output\\ConsoleOutput))
#33 /var/www/html/backend-legacy-laravel8/vendor/laravel/framework/src/Illuminate/Console/Application.php(94): Symfony\\Component\\Console\\Application->run(Object(Symfony\\Component\\Console\\Input\\ArgvInput), Object(Symfony\\Component\\Console\\Output\\ConsoleOutput))
#34 /var/www/html/backend-legacy-laravel8/vendor/laravel/framework/src/Illuminate/Foundation/Console/Kernel.php(129): Illuminate\\Console\\Application->run(Object(Symfony\\Component\\Console\\Input\\ArgvInput), Object(Symfony\\Component\\Console\\Output\\ConsoleOutput))
#35 /var/www/html/backend-legacy-laravel8/artisan(14): Illuminate\\Foundation\\Console\\Kernel->handle(Object(Symfony\\Component\\Console\\Input\\ArgvInput), Object(Symfony\\Component\\Console\\Output\\ConsoleOutput))
#36 {main}
"} 
[2026-05-18 17:53:19] local.ERROR: Auth guard [] is not defined. {"exception":"[object] (InvalidArgumentException(code: 0): Auth guard [] is not defined. at /var/www/html/backend-legacy-laravel8/vendor/laravel/framework/src/Illuminate/Auth/AuthManager.php:84)
[stacktrace]
#0 /var/www/html/backend-legacy-laravel8/vendor/laravel/framework/src/Illuminate/Auth/AuthManager.php(68): Illuminate\\Auth\\AuthManager->resolve(NULL)
#1 /var/www/html/backend-legacy-laravel8/vendor/laravel/framework/src/Illuminate/Auth/AuthManager.php(54): Illuminate\\Auth\\AuthManager->guard(NULL)
#2 [internal function]: Illuminate\\Auth\\AuthManager->Illuminate\\Auth\\{closure}(NULL)
#3 /var/www/html/backend-legacy-laravel8/vendor/laravel/framework/src/Illuminate/Auth/AuthServiceProvider.php(97): call_user_func(Object(Closure), NULL)
#4 [internal function]: Illuminate\\Auth\\AuthServiceProvider->Illuminate\\Auth\\{closure}(NULL)
#5 /var/www/html/backend-legacy-laravel8/vendor/laravel/framework/src/Illuminate/Http/Request.php(550): call_user_func(Object(Closure), NULL)
#6 /var/www/html/backend-legacy-laravel8/app/Providers/RouteServiceProvider.php(30): Illuminate\\Http\\Request->user()
#7 [internal function]: App\\Providers\\RouteServiceProvider->App\\Providers\\{closure}(Object(Illuminate\\Http\\Request))
#8 /var/www/html/backend-legacy-laravel8/vendor/laravel/framework/src/Illuminate/Routing/Middleware/ThrottleRequests.php(85): call_user_func(Object(Closure), Object(Illuminate\\Http\\Request))
#9 /var/www/html/backend-legacy-laravel8/vendor/laravel/framework/src/Illuminate/Routing/Middleware/ThrottleRequests.php(55): Illuminate\\Routing\\Middleware\\ThrottleRequests->handleRequestUsingNamedLimiter(Object(Illuminate\\Http\\Request), Object(Closure), 'api', Object(Closure))
#10 /var/www/html/backend-legacy-laravel8/vendor/laravel/framework/src/Illuminate/Pipeline/Pipeline.php(167): Illuminate\\Routing\\Middleware\\ThrottleRequests->handle(Object(Illuminate\\Http\\Request), Object(Closure), 'api')
#11 /var/www/html/backend-legacy-laravel8/vendor/laravel/framework/src/Illuminate/Pipeline/Pipeline.php(103): Illuminate\\Pipeline\\Pipeline->Illuminate\\Pipeline\\{closure}(Object(Illuminate\\Http\\Request))
#12 /var/www/html/backend-legacy-laravel8/vendor/laravel/framework/src/Illuminate/Routing/Router.php(723): Illuminate\\Pipeline\\Pipeline->then(Object(Closure))
#13 /var/www/html/backend-legacy-laravel8/vendor/laravel/framework/src/Illuminate/Routing/Router.php(698): Illuminate\\Routing\\Router->runRouteWithinStack(Object(Illuminate\\Routing\\Route), Object(Illuminate\\Http\\Request))
#14 /var/www/html/backend-legacy-laravel8/vendor/laravel/framework/src/Illuminate/Routing/Router.php(662): Illuminate\\Routing\\Router->runRoute(Object(Illuminate\\Http\\Request), Object(Illuminate\\Routing\\Route))
#15 /var/www/html/backend-legacy-laravel8/vendor/laravel/framework/src/Illuminate/Routing/Router.php(651): Illuminate\\Routing\\Router->dispatchToRoute(Object(Illuminate\\Http\\Request))
#16 /var/www/html/backend-legacy-laravel8/vendor/laravel/framework/src/Illuminate/Foundation/Http/Kernel.php(167): Illuminate\\Routing\\Router->dispatch(Object(Illuminate\\Http\\Request))
#17 /var/www/html/backend-legacy-laravel8/vendor/laravel/framework/src/Illuminate/Pipeline/Pipeline.php(128): Illuminate\\Foundation\\Http\\Kernel->Illuminate\\Foundation\\Http\\{closure}(Object(Illuminate\\Http\\Request))
#18 /var/www/html/backend-legacy-laravel8/vendor/laravel/framework/src/Illuminate/Foundation/Http/Middleware/TransformsRequest.php(21): Illuminate\\Pipeline\\Pipeline->Illuminate\\Pipeline\\{closure}(Object(Illuminate\\Http\\Request))
#19 /var/www/html/backend-legacy-laravel8/vendor/laravel/framework/src/Illuminate/Foundation/Http/Middleware/ConvertEmptyStringsToNull.php(31): Illuminate\\Foundation\\Http\\Middleware\\TransformsRequest->handle(Object(Illuminate\\Http\\Request), Object(Closure))
#20 /var/www/html/backend-legacy-laravel8/vendor/laravel/framework/src/Illuminate/Pipeline/Pipeline.php(167): Illuminate\\Foundation\\Http\\Middleware\\ConvertEmptyStringsToNull->handle(Object(Illuminate\\Http\\Request), Object(Closure))
#21 /var/www/html/backend-legacy-laravel8/vendor/laravel/framework/src/Illuminate/Foundation/Http/Middleware/TransformsRequest.php(21): Illuminate\\Pipeline\\Pipeline->Illuminate\\Pipeline\\{closure}(Object(Illuminate\\Http\\Request))
#22 /var/www/html/backend-legacy-laravel8/vendor/laravel/framework/src/Illuminate/Foundation/Http/Middleware/TrimStrings.php(40): Illuminate\\Foundation\\Http\\Middleware\\TransformsRequest->handle(Object(Illuminate\\Http\\Request), Object(Closure))
#23 /var/www/html/backend-legacy-laravel8/vendor/laravel/framework/src/Illuminate/Pipeline/Pipeline.php(167): Illuminate\\Foundation\\Http\\Middleware\\TrimStrings->handle(Object(Illuminate\\Http\\Request), Object(Closure))
#24 /var/www/html/backend-legacy-laravel8/vendor/laravel/framework/src/Illuminate/Foundation/Http/Middleware/ValidatePostSize.php(27): Illuminate\\Pipeline\\Pipeline->Illuminate\\Pipeline\\{closure}(Object(Illuminate\\Http\\Request))
#25 /var/www/html/backend-legacy-laravel8/vendor/laravel/framework/src/Illuminate/Pipeline/Pipeline.php(167): Illuminate\\Foundation\\Http\\Middleware\\ValidatePostSize->handle(Object(Illuminate\\Http\\Request), Object(Closure))
#26 /var/www/html/backend-legacy-laravel8/vendor/laravel/framework/src/Illuminate/Foundation/Http/Middleware/PreventRequestsDuringMaintenance.php(86): Illuminate\\Pipeline\\Pipeline->Illuminate\\Pipeline\\{closure}(Object(Illuminate\\Http\\Request))
#27 /var/www/html/backend-legacy-laravel8/vendor/laravel/framework/src/Illuminate/Pipeline/Pipeline.php(167): Illuminate\\Foundation\\Http\\Middleware\\PreventRequestsDuringMaintenance->handle(Object(Illuminate\\Http\\Request), Object(Closure))
#28 /var/www/html/backend-legacy-laravel8/vendor/laravel/framework/src/Illuminate/Pipeline/Pipeline.php(103): Illuminate\\Pipeline\\Pipeline->Illuminate\\Pipeline\\{closure}(Object(Illuminate\\Http\\Request))
#29 /var/www/html/backend-legacy-laravel8/vendor/laravel/framework/src/Illuminate/Foundation/Http/Kernel.php(142): Illuminate\\Pipeline\\Pipeline->then(Object(Closure))
#30 /var/www/html/backend-legacy-laravel8/vendor/laravel/framework/src/Illuminate/Foundation/Http/Kernel.php(111): Illuminate\\Foundation\\Http\\Kernel->sendRequestThroughRouter(Object(Illuminate\\Http\\Request))
#31 /var/www/html/backend-legacy-laravel8/public/index.php(12): Illuminate\\Foundation\\Http\\Kernel->handle(Object(Illuminate\\Http\\Request))
#32 {main}
"} 
[2026-05-18 18:04:39] local.ERROR: SQLSTATE[HY000] [2002] Connection refused (SQL: select * from information_schema.tables where table_schema = legacy_products and table_name = migrations and table_type = 'BASE TABLE') {"exception":"[object] (Illuminate\\Database\\QueryException(code: 2002): SQLSTATE[HY000] [2002] Connection refused (SQL: select * from information_schema.tables where table_schema = legacy_products and table_name = migrations and table_type = 'BASE TABLE') at /var/www/html/backend-legacy-laravel8/vendor/laravel/framework/src/Illuminate/Database/Connection.php:712)
[stacktrace]
#0 /var/www/html/backend-legacy-laravel8/vendor/laravel/framework/src/Illuminate/Database/Connection.php(784): Illuminate\\Database\\Connection->runQueryCallback('select * from i...', Array, Object(Closure))
#1 /var/www/html/backend-legacy-laravel8/vendor/laravel/framework/src/Illuminate/Database/Connection.php(764): Illuminate\\Database\\Connection->tryAgainIfCausedByLostConnection(Object(Illuminate\\Database\\QueryException), 'select * from i...', Array, Object(Closure))
#2 /var/www/html/backend-legacy-laravel8/vendor/laravel/framework/src/Illuminate/Database/Connection.php(675): Illuminate\\Database\\Connection->handleQueryException(Object(Illuminate\\Database\\QueryException), 'select * from i...', Array, Object(Closure))
#3 /var/www/html/backend-legacy-laravel8/vendor/laravel/framework/src/Illuminate/Database/Connection.php(376): Illuminate\\Database\\Connection->run('select * from i...', Array, Object(Closure))
#4 /var/www/html/backend-legacy-laravel8/vendor/laravel/framework/src/Illuminate/Database/Schema/MySqlBuilder.php(44): Illuminate\\Database\\Connection->select('select * from i...', Array)
#5 /var/www/html/backend-legacy-laravel8/vendor/laravel/framework/src/Illuminate/Database/Migrations/DatabaseMigrationRepository.php(169): Illuminate\\Database\\Schema\\MySqlBuilder->hasTable('migrations')
#6 /var/www/html/backend-legacy-laravel8/vendor/laravel/framework/src/Illuminate/Database/Migrations/Migrator.php(673): Illuminate\\Database\\Migrations\\DatabaseMigrationRepository->repositoryExists()
#7 /var/www/html/backend-legacy-laravel8/vendor/laravel/framework/src/Illuminate/Database/Console/Migrations/MigrateCommand.php(110): Illuminate\\Database\\Migrations\\Migrator->repositoryExists()
#8 /var/www/html/backend-legacy-laravel8/vendor/laravel/framework/src/Illuminate/Database/Console/Migrations/MigrateCommand.php(78): Illuminate\\Database\\Console\\Migrations\\MigrateCommand->prepareDatabase()
#9 /var/www/html/backend-legacy-laravel8/vendor/laravel/framework/src/Illuminate/Database/Migrations/Migrator.php(606): Illuminate\\Database\\Console\\Migrations\\MigrateCommand->Illuminate\\Database\\Console\\Migrations\\{closure}()
#10 /var/www/html/backend-legacy-laravel8/vendor/laravel/framework/src/Illuminate/Database/Console/Migrations/MigrateCommand.php(98): Illuminate\\Database\\Migrations\\Migrator->usingConnection(NULL, Object(Closure))
#11 /var/www/html/backend-legacy-laravel8/vendor/laravel/framework/src/Illuminate/Container/BoundMethod.php(36): Illuminate\\Database\\Console\\Migrations\\MigrateCommand->handle()
#12 /var/www/html/backend-legacy-laravel8/vendor/laravel/framework/src/Illuminate/Container/Util.php(40): Illuminate\\Container\\BoundMethod::Illuminate\\Container\\{closure}()
#13 /var/www/html/backend-legacy-laravel8/vendor/laravel/framework/src/Illuminate/Container/BoundMethod.php(93): Illuminate\\Container\\Util::unwrapIfClosure(Object(Closure))
#14 /var/www/html/backend-legacy-laravel8/vendor/laravel/framework/src/Illuminate/Container/BoundMethod.php(37): Illuminate\\Container\\BoundMethod::callBoundMethod(Object(Illuminate\\Foundation\\Application), Array, Object(Closure))
#15 /var/www/html/backend-legacy-laravel8/vendor/laravel/framework/src/Illuminate/Container/Container.php(653): Illuminate\\Container\\BoundMethod::call(Object(Illuminate\\Foundation\\Application), Array, Array, NULL)
#16 /var/www/html/backend-legacy-laravel8/vendor/laravel/framework/src/Illuminate/Console/Command.php(136): Illuminate\\Container\\Container->call(Array)
#17 /var/www/html/backend-legacy-laravel8/vendor/symfony/console/Command/Command.php(298): Illuminate\\Console\\Command->execute(Object(Symfony\\Component\\Console\\Input\\ArgvInput), Object(Illuminate\\Console\\OutputStyle))
#18 /var/www/html/backend-legacy-laravel8/vendor/laravel/framework/src/Illuminate/Console/Command.php(121): Symfony\\Component\\Console\\Command\\Command->run(Object(Symfony\\Component\\Console\\Input\\ArgvInput), Object(Illuminate\\Console\\OutputStyle))
#19 /var/www/html/backend-legacy-laravel8/vendor/symfony/console/Application.php(1040): Illuminate\\Console\\Command->run(Object(Symfony\\Component\\Console\\Input\\ArgvInput), Object(Symfony\\Component\\Console\\Output\\ConsoleOutput))
#20 /var/www/html/backend-legacy-laravel8/vendor/symfony/console/Application.php(301): Symfony\\Component\\Console\\Application->doRunCommand(Object(Illuminate\\Database\\Console\\Migrations\\MigrateCommand), Object(Symfony\\Component\\Console\\Input\\ArgvInput), Object(Symfony\\Component\\Console\\Output\\ConsoleOutput))
#21 /var/www/html/backend-legacy-laravel8/vendor/symfony/console/Application.php(171): Symfony\\Component\\Console\\Application->doRun(Object(Symfony\\Component\\Console\\Input\\ArgvInput), Object(Symfony\\Component\\Console\\Output\\ConsoleOutput))
#22 /var/www/html/backend-legacy-laravel8/vendor/laravel/framework/src/Illuminate/Console/Application.php(94): Symfony\\Component\\Console\\Application->run(Object(Symfony\\Component\\Console\\Input\\ArgvInput), Object(Symfony\\Component\\Console\\Output\\ConsoleOutput))
#23 /var/www/html/backend-legacy-laravel8/vendor/laravel/framework/src/Illuminate/Foundation/Console/Kernel.php(129): Illuminate\\Console\\Application->run(Object(Symfony\\Component\\Console\\Input\\ArgvInput), Object(Symfony\\Component\\Console\\Output\\ConsoleOutput))
#24 /var/www/html/backend-legacy-laravel8/artisan(14): Illuminate\\Foundation\\Console\\Kernel->handle(Object(Symfony\\Component\\Console\\Input\\ArgvInput), Object(Symfony\\Component\\Console\\Output\\ConsoleOutput))
#25 {main}

[previous exception] [object] (PDOException(code: 2002): SQLSTATE[HY000] [2002] Connection refused at /var/www/html/backend-legacy-laravel8/vendor/laravel/framework/src/Illuminate/Database/Connectors/Connector.php:70)
[stacktrace]
#0 /var/www/html/backend-legacy-laravel8/vendor/laravel/framework/src/Illuminate/Database/Connectors/Connector.php(70): PDO->__construct('mysql:host=mysq...', 'root', 'root', Array)
#1 /var/www/html/backend-legacy-laravel8/vendor/laravel/framework/src/Illuminate/Database/Connectors/Connector.php(100): Illuminate\\Database\\Connectors\\Connector->createPdoConnection('mysql:host=mysq...', 'root', 'root', Array)
#2 /var/www/html/backend-legacy-laravel8/vendor/laravel/framework/src/Illuminate/Database/Connectors/Connector.php(50): Illuminate\\Database\\Connectors\\Connector->tryAgainIfCausedByLostConnection(Object(PDOException), 'mysql:host=mysq...', 'root', 'root', Array)
#3 /var/www/html/backend-legacy-laravel8/vendor/laravel/framework/src/Illuminate/Database/Connectors/MySqlConnector.php(24): Illuminate\\Database\\Connectors\\Connector->createConnection('mysql:host=mysq...', Array, Array)
#4 /var/www/html/backend-legacy-laravel8/vendor/laravel/framework/src/Illuminate/Database/Connectors/ConnectionFactory.php(184): Illuminate\\Database\\Connectors\\MySqlConnector->connect(Array)
#5 [internal function]: Illuminate\\Database\\Connectors\\ConnectionFactory->Illuminate\\Database\\Connectors\\{closure}()
#6 /var/www/html/backend-legacy-laravel8/vendor/laravel/framework/src/Illuminate/Database/Connection.php(1064): call_user_func(Object(Closure))
#7 /var/www/html/backend-legacy-laravel8/vendor/laravel/framework/src/Illuminate/Database/Connection.php(1100): Illuminate\\Database\\Connection->getPdo()
#8 /var/www/html/backend-legacy-laravel8/vendor/laravel/framework/src/Illuminate/Database/Connection.php(442): Illuminate\\Database\\Connection->getReadPdo()
#9 /var/www/html/backend-legacy-laravel8/vendor/laravel/framework/src/Illuminate/Database/Connection.php(368): Illuminate\\Database\\Connection->getPdoForSelect(true)
#10 /var/www/html/backend-legacy-laravel8/vendor/laravel/framework/src/Illuminate/Database/Connection.php(705): Illuminate\\Database\\Connection->Illuminate\\Database\\{closure}('select * from i...', Array)
#11 /var/www/html/backend-legacy-laravel8/vendor/laravel/framework/src/Illuminate/Database/Connection.php(784): Illuminate\\Database\\Connection->runQueryCallback('select * from i...', Array, Object(Closure))
#12 /var/www/html/backend-legacy-laravel8/vendor/laravel/framework/src/Illuminate/Database/Connection.php(764): Illuminate\\Database\\Connection->tryAgainIfCausedByLostConnection(Object(Illuminate\\Database\\QueryException), 'select * from i...', Array, Object(Closure))
#13 /var/www/html/backend-legacy-laravel8/vendor/laravel/framework/src/Illuminate/Database/Connection.php(675): Illuminate\\Database\\Connection->handleQueryException(Object(Illuminate\\Database\\QueryException), 'select * from i...', Array, Object(Closure))
#14 /var/www/html/backend-legacy-laravel8/vendor/laravel/framework/src/Illuminate/Database/Connection.php(376): Illuminate\\Database\\Connection->run('select * from i...', Array, Object(Closure))
#15 /var/www/html/backend-legacy-laravel8/vendor/laravel/framework/src/Illuminate/Database/Schema/MySqlBuilder.php(44): Illuminate\\Database\\Connection->select('select * from i...', Array)
#16 /var/www/html/backend-legacy-laravel8/vendor/laravel/framework/src/Illuminate/Database/Migrations/DatabaseMigrationRepository.php(169): Illuminate\\Database\\Schema\\MySqlBuilder->hasTable('migrations')
#17 /var/www/html/backend-legacy-laravel8/vendor/laravel/framework/src/Illuminate/Database/Migrations/Migrator.php(673): Illuminate\\Database\\Migrations\\DatabaseMigrationRepository->repositoryExists()
#18 /var/www/html/backend-legacy-laravel8/vendor/laravel/framework/src/Illuminate/Database/Console/Migrations/MigrateCommand.php(110): Illuminate\\Database\\Migrations\\Migrator->repositoryExists()
#19 /var/www/html/backend-legacy-laravel8/vendor/laravel/framework/src/Illuminate/Database/Console/Migrations/MigrateCommand.php(78): Illuminate\\Database\\Console\\Migrations\\MigrateCommand->prepareDatabase()
#20 /var/www/html/backend-legacy-laravel8/vendor/laravel/framework/src/Illuminate/Database/Migrations/Migrator.php(606): Illuminate\\Database\\Console\\Migrations\\MigrateCommand->Illuminate\\Database\\Console\\Migrations\\{closure}()
#21 /var/www/html/backend-legacy-laravel8/vendor/laravel/framework/src/Illuminate/Database/Console/Migrations/MigrateCommand.php(98): Illuminate\\Database\\Migrations\\Migrator->usingConnection(NULL, Object(Closure))
#22 /var/www/html/backend-legacy-laravel8/vendor/laravel/framework/src/Illuminate/Container/BoundMethod.php(36): Illuminate\\Database\\Console\\Migrations\\MigrateCommand->handle()
#23 /var/www/html/backend-legacy-laravel8/vendor/laravel/framework/src/Illuminate/Container/Util.php(40): Illuminate\\Container\\BoundMethod::Illuminate\\Container\\{closure}()
#24 /var/www/html/backend-legacy-laravel8/vendor/laravel/framework/src/Illuminate/Container/BoundMethod.php(93): Illuminate\\Container\\Util::unwrapIfClosure(Object(Closure))
#25 /var/www/html/backend-legacy-laravel8/vendor/laravel/framework/src/Illuminate/Container/BoundMethod.php(37): Illuminate\\Container\\BoundMethod::callBoundMethod(Object(Illuminate\\Foundation\\Application), Array, Object(Closure))
#26 /var/www/html/backend-legacy-laravel8/vendor/laravel/framework/src/Illuminate/Container/Container.php(653): Illuminate\\Container\\BoundMethod::call(Object(Illuminate\\Foundation\\Application), Array, Array, NULL)
#27 /var/www/html/backend-legacy-laravel8/vendor/laravel/framework/src/Illuminate/Console/Command.php(136): Illuminate\\Container\\Container->call(Array)
#28 /var/www/html/backend-legacy-laravel8/vendor/symfony/console/Command/Command.php(298): Illuminate\\Console\\Command->execute(Object(Symfony\\Component\\Console\\Input\\ArgvInput), Object(Illuminate\\Console\\OutputStyle))
#29 /var/www/html/backend-legacy-laravel8/vendor/laravel/framework/src/Illuminate/Console/Command.php(121): Symfony\\Component\\Console\\Command\\Command->run(Object(Symfony\\Component\\Console\\Input\\ArgvInput), Object(Illuminate\\Console\\OutputStyle))
#30 /var/www/html/backend-legacy-laravel8/vendor/symfony/console/Application.php(1040): Illuminate\\Console\\Command->run(Object(Symfony\\Component\\Console\\Input\\ArgvInput), Object(Symfony\\Component\\Console\\Output\\ConsoleOutput))
#31 /var/www/html/backend-legacy-laravel8/vendor/symfony/console/Application.php(301): Symfony\\Component\\Console\\Application->doRunCommand(Object(Illuminate\\Database\\Console\\Migrations\\MigrateCommand), Object(Symfony\\Component\\Console\\Input\\ArgvInput), Object(Symfony\\Component\\Console\\Output\\ConsoleOutput))
#32 /var/www/html/backend-legacy-laravel8/vendor/symfony/console/Application.php(171): Symfony\\Component\\Console\\Application->doRun(Object(Symfony\\Component\\Console\\Input\\ArgvInput), Object(Symfony\\Component\\Console\\Output\\ConsoleOutput))
#33 /var/www/html/backend-legacy-laravel8/vendor/laravel/framework/src/Illuminate/Console/Application.php(94): Symfony\\Component\\Console\\Application->run(Object(Symfony\\Component\\Console\\Input\\ArgvInput), Object(Symfony\\Component\\Console\\Output\\ConsoleOutput))
#34 /var/www/html/backend-legacy-laravel8/vendor/laravel/framework/src/Illuminate/Foundation/Console/Kernel.php(129): Illuminate\\Console\\Application->run(Object(Symfony\\Component\\Console\\Input\\ArgvInput), Object(Symfony\\Component\\Console\\Output\\ConsoleOutput))
#35 /var/www/html/backend-legacy-laravel8/artisan(14): Illuminate\\Foundation\\Console\\Kernel->handle(Object(Symfony\\Component\\Console\\Input\\ArgvInput), Object(Symfony\\Component\\Console\\Output\\ConsoleOutput))
#36 {main}
"} 
[2026-05-18 18:07:28] local.ERROR: SQLSTATE[HY000] [2002] Connection refused (SQL: select * from information_schema.tables where table_schema = legacy_products and table_name = migrations and table_type = 'BASE TABLE') {"exception":"[object] (Illuminate\\Database\\QueryException(code: 2002): SQLSTATE[HY000] [2002] Connection refused (SQL: select * from information_schema.tables where table_schema = legacy_products and table_name = migrations and table_type = 'BASE TABLE') at /var/www/html/backend-legacy-laravel8/vendor/laravel/framework/src/Illuminate/Database/Connection.php:712)
[stacktrace]
#0 /var/www/html/backend-legacy-laravel8/vendor/laravel/framework/src/Illuminate/Database/Connection.php(784): Illuminate\\Database\\Connection->runQueryCallback('select * from i...', Array, Object(Closure))
#1 /var/www/html/backend-legacy-laravel8/vendor/laravel/framework/src/Illuminate/Database/Connection.php(764): Illuminate\\Database\\Connection->tryAgainIfCausedByLostConnection(Object(Illuminate\\Database\\QueryException), 'select * from i...', Array, Object(Closure))
#2 /var/www/html/backend-legacy-laravel8/vendor/laravel/framework/src/Illuminate/Database/Connection.php(675): Illuminate\\Database\\Connection->handleQueryException(Object(Illuminate\\Database\\QueryException), 'select * from i...', Array, Object(Closure))
#3 /var/www/html/backend-legacy-laravel8/vendor/laravel/framework/src/Illuminate/Database/Connection.php(376): Illuminate\\Database\\Connection->run('select * from i...', Array, Object(Closure))
#4 /var/www/html/backend-legacy-laravel8/vendor/laravel/framework/src/Illuminate/Database/Schema/MySqlBuilder.php(44): Illuminate\\Database\\Connection->select('select * from i...', Array)
#5 /var/www/html/backend-legacy-laravel8/vendor/laravel/framework/src/Illuminate/Database/Migrations/DatabaseMigrationRepository.php(169): Illuminate\\Database\\Schema\\MySqlBuilder->hasTable('migrations')
#6 /var/www/html/backend-legacy-laravel8/vendor/laravel/framework/src/Illuminate/Database/Migrations/Migrator.php(673): Illuminate\\Database\\Migrations\\DatabaseMigrationRepository->repositoryExists()
#7 /var/www/html/backend-legacy-laravel8/vendor/laravel/framework/src/Illuminate/Database/Console/Migrations/MigrateCommand.php(110): Illuminate\\Database\\Migrations\\Migrator->repositoryExists()
#8 /var/www/html/backend-legacy-laravel8/vendor/laravel/framework/src/Illuminate/Database/Console/Migrations/MigrateCommand.php(78): Illuminate\\Database\\Console\\Migrations\\MigrateCommand->prepareDatabase()
#9 /var/www/html/backend-legacy-laravel8/vendor/laravel/framework/src/Illuminate/Database/Migrations/Migrator.php(606): Illuminate\\Database\\Console\\Migrations\\MigrateCommand->Illuminate\\Database\\Console\\Migrations\\{closure}()
#10 /var/www/html/backend-legacy-laravel8/vendor/laravel/framework/src/Illuminate/Database/Console/Migrations/MigrateCommand.php(98): Illuminate\\Database\\Migrations\\Migrator->usingConnection(NULL, Object(Closure))
#11 /var/www/html/backend-legacy-laravel8/vendor/laravel/framework/src/Illuminate/Container/BoundMethod.php(36): Illuminate\\Database\\Console\\Migrations\\MigrateCommand->handle()
#12 /var/www/html/backend-legacy-laravel8/vendor/laravel/framework/src/Illuminate/Container/Util.php(40): Illuminate\\Container\\BoundMethod::Illuminate\\Container\\{closure}()
#13 /var/www/html/backend-legacy-laravel8/vendor/laravel/framework/src/Illuminate/Container/BoundMethod.php(93): Illuminate\\Container\\Util::unwrapIfClosure(Object(Closure))
#14 /var/www/html/backend-legacy-laravel8/vendor/laravel/framework/src/Illuminate/Container/BoundMethod.php(37): Illuminate\\Container\\BoundMethod::callBoundMethod(Object(Illuminate\\Foundation\\Application), Array, Object(Closure))
#15 /var/www/html/backend-legacy-laravel8/vendor/laravel/framework/src/Illuminate/Container/Container.php(653): Illuminate\\Container\\BoundMethod::call(Object(Illuminate\\Foundation\\Application), Array, Array, NULL)
#16 /var/www/html/backend-legacy-laravel8/vendor/laravel/framework/src/Illuminate/Console/Command.php(136): Illuminate\\Container\\Container->call(Array)
#17 /var/www/html/backend-legacy-laravel8/vendor/symfony/console/Command/Command.php(298): Illuminate\\Console\\Command->execute(Object(Symfony\\Component\\Console\\Input\\ArgvInput), Object(Illuminate\\Console\\OutputStyle))
#18 /var/www/html/backend-legacy-laravel8/vendor/laravel/framework/src/Illuminate/Console/Command.php(121): Symfony\\Component\\Console\\Command\\Command->run(Object(Symfony\\Component\\Console\\Input\\ArgvInput), Object(Illuminate\\Console\\OutputStyle))
#19 /var/www/html/backend-legacy-laravel8/vendor/symfony/console/Application.php(1040): Illuminate\\Console\\Command->run(Object(Symfony\\Component\\Console\\Input\\ArgvInput), Object(Symfony\\Component\\Console\\Output\\ConsoleOutput))
#20 /var/www/html/backend-legacy-laravel8/vendor/symfony/console/Application.php(301): Symfony\\Component\\Console\\Application->doRunCommand(Object(Illuminate\\Database\\Console\\Migrations\\MigrateCommand), Object(Symfony\\Component\\Console\\Input\\ArgvInput), Object(Symfony\\Component\\Console\\Output\\ConsoleOutput))
#21 /var/www/html/backend-legacy-laravel8/vendor/symfony/console/Application.php(171): Symfony\\Component\\Console\\Application->doRun(Object(Symfony\\Component\\Console\\Input\\ArgvInput), Object(Symfony\\Component\\Console\\Output\\ConsoleOutput))
#22 /var/www/html/backend-legacy-laravel8/vendor/laravel/framework/src/Illuminate/Console/Application.php(94): Symfony\\Component\\Console\\Application->run(Object(Symfony\\Component\\Console\\Input\\ArgvInput), Object(Symfony\\Component\\Console\\Output\\ConsoleOutput))
#23 /var/www/html/backend-legacy-laravel8/vendor/laravel/framework/src/Illuminate/Foundation/Console/Kernel.php(129): Illuminate\\Console\\Application->run(Object(Symfony\\Component\\Console\\Input\\ArgvInput), Object(Symfony\\Component\\Console\\Output\\ConsoleOutput))
#24 /var/www/html/backend-legacy-laravel8/artisan(14): Illuminate\\Foundation\\Console\\Kernel->handle(Object(Symfony\\Component\\Console\\Input\\ArgvInput), Object(Symfony\\Component\\Console\\Output\\ConsoleOutput))
#25 {main}

[previous exception] [object] (PDOException(code: 2002): SQLSTATE[HY000] [2002] Connection refused at /var/www/html/backend-legacy-laravel8/vendor/laravel/framework/src/Illuminate/Database/Connectors/Connector.php:70)
[stacktrace]
#0 /var/www/html/backend-legacy-laravel8/vendor/laravel/framework/src/Illuminate/Database/Connectors/Connector.php(70): PDO->__construct('mysql:host=mysq...', 'root', 'root', Array)
#1 /var/www/html/backend-legacy-laravel8/vendor/laravel/framework/src/Illuminate/Database/Connectors/Connector.php(100): Illuminate\\Database\\Connectors\\Connector->createPdoConnection('mysql:host=mysq...', 'root', 'root', Array)
#2 /var/www/html/backend-legacy-laravel8/vendor/laravel/framework/src/Illuminate/Database/Connectors/Connector.php(50): Illuminate\\Database\\Connectors\\Connector->tryAgainIfCausedByLostConnection(Object(PDOException), 'mysql:host=mysq...', 'root', 'root', Array)
#3 /var/www/html/backend-legacy-laravel8/vendor/laravel/framework/src/Illuminate/Database/Connectors/MySqlConnector.php(24): Illuminate\\Database\\Connectors\\Connector->createConnection('mysql:host=mysq...', Array, Array)
#4 /var/www/html/backend-legacy-laravel8/vendor/laravel/framework/src/Illuminate/Database/Connectors/ConnectionFactory.php(184): Illuminate\\Database\\Connectors\\MySqlConnector->connect(Array)
#5 [internal function]: Illuminate\\Database\\Connectors\\ConnectionFactory->Illuminate\\Database\\Connectors\\{closure}()
#6 /var/www/html/backend-legacy-laravel8/vendor/laravel/framework/src/Illuminate/Database/Connection.php(1064): call_user_func(Object(Closure))
#7 /var/www/html/backend-legacy-laravel8/vendor/laravel/framework/src/Illuminate/Database/Connection.php(1100): Illuminate\\Database\\Connection->getPdo()
#8 /var/www/html/backend-legacy-laravel8/vendor/laravel/framework/src/Illuminate/Database/Connection.php(442): Illuminate\\Database\\Connection->getReadPdo()
#9 /var/www/html/backend-legacy-laravel8/vendor/laravel/framework/src/Illuminate/Database/Connection.php(368): Illuminate\\Database\\Connection->getPdoForSelect(true)
#10 /var/www/html/backend-legacy-laravel8/vendor/laravel/framework/src/Illuminate/Database/Connection.php(705): Illuminate\\Database\\Connection->Illuminate\\Database\\{closure}('select * from i...', Array)
#11 /var/www/html/backend-legacy-laravel8/vendor/laravel/framework/src/Illuminate/Database/Connection.php(784): Illuminate\\Database\\Connection->runQueryCallback('select * from i...', Array, Object(Closure))
#12 /var/www/html/backend-legacy-laravel8/vendor/laravel/framework/src/Illuminate/Database/Connection.php(764): Illuminate\\Database\\Connection->tryAgainIfCausedByLostConnection(Object(Illuminate\\Database\\QueryException), 'select * from i...', Array, Object(Closure))
#13 /var/www/html/backend-legacy-laravel8/vendor/laravel/framework/src/Illuminate/Database/Connection.php(675): Illuminate\\Database\\Connection->handleQueryException(Object(Illuminate\\Database\\QueryException), 'select * from i...', Array, Object(Closure))
#14 /var/www/html/backend-legacy-laravel8/vendor/laravel/framework/src/Illuminate/Database/Connection.php(376): Illuminate\\Database\\Connection->run('select * from i...', Array, Object(Closure))
#15 /var/www/html/backend-legacy-laravel8/vendor/laravel/framework/src/Illuminate/Database/Schema/MySqlBuilder.php(44): Illuminate\\Database\\Connection->select('select * from i...', Array)
#16 /var/www/html/backend-legacy-laravel8/vendor/laravel/framework/src/Illuminate/Database/Migrations/DatabaseMigrationRepository.php(169): Illuminate\\Database\\Schema\\MySqlBuilder->hasTable('migrations')
#17 /var/www/html/backend-legacy-laravel8/vendor/laravel/framework/src/Illuminate/Database/Migrations/Migrator.php(673): Illuminate\\Database\\Migrations\\DatabaseMigrationRepository->repositoryExists()
#18 /var/www/html/backend-legacy-laravel8/vendor/laravel/framework/src/Illuminate/Database/Console/Migrations/MigrateCommand.php(110): Illuminate\\Database\\Migrations\\Migrator->repositoryExists()
#19 /var/www/html/backend-legacy-laravel8/vendor/laravel/framework/src/Illuminate/Database/Console/Migrations/MigrateCommand.php(78): Illuminate\\Database\\Console\\Migrations\\MigrateCommand->prepareDatabase()
#20 /var/www/html/backend-legacy-laravel8/vendor/laravel/framework/src/Illuminate/Database/Migrations/Migrator.php(606): Illuminate\\Database\\Console\\Migrations\\MigrateCommand->Illuminate\\Database\\Console\\Migrations\\{closure}()
#21 /var/www/html/backend-legacy-laravel8/vendor/laravel/framework/src/Illuminate/Database/Console/Migrations/MigrateCommand.php(98): Illuminate\\Database\\Migrations\\Migrator->usingConnection(NULL, Object(Closure))
#22 /var/www/html/backend-legacy-laravel8/vendor/laravel/framework/src/Illuminate/Container/BoundMethod.php(36): Illuminate\\Database\\Console\\Migrations\\MigrateCommand->handle()
#23 /var/www/html/backend-legacy-laravel8/vendor/laravel/framework/src/Illuminate/Container/Util.php(40): Illuminate\\Container\\BoundMethod::Illuminate\\Container\\{closure}()
#24 /var/www/html/backend-legacy-laravel8/vendor/laravel/framework/src/Illuminate/Container/BoundMethod.php(93): Illuminate\\Container\\Util::unwrapIfClosure(Object(Closure))
#25 /var/www/html/backend-legacy-laravel8/vendor/laravel/framework/src/Illuminate/Container/BoundMethod.php(37): Illuminate\\Container\\BoundMethod::callBoundMethod(Object(Illuminate\\Foundation\\Application), Array, Object(Closure))
#26 /var/www/html/backend-legacy-laravel8/vendor/laravel/framework/src/Illuminate/Container/Container.php(653): Illuminate\\Container\\BoundMethod::call(Object(Illuminate\\Foundation\\Application), Array, Array, NULL)
#27 /var/www/html/backend-legacy-laravel8/vendor/laravel/framework/src/Illuminate/Console/Command.php(136): Illuminate\\Container\\Container->call(Array)
#28 /var/www/html/backend-legacy-laravel8/vendor/symfony/console/Command/Command.php(298): Illuminate\\Console\\Command->execute(Object(Symfony\\Component\\Console\\Input\\ArgvInput), Object(Illuminate\\Console\\OutputStyle))
#29 /var/www/html/backend-legacy-laravel8/vendor/laravel/framework/src/Illuminate/Console/Command.php(121): Symfony\\Component\\Console\\Command\\Command->run(Object(Symfony\\Component\\Console\\Input\\ArgvInput), Object(Illuminate\\Console\\OutputStyle))
#30 /var/www/html/backend-legacy-laravel8/vendor/symfony/console/Application.php(1040): Illuminate\\Console\\Command->run(Object(Symfony\\Component\\Console\\Input\\ArgvInput), Object(Symfony\\Component\\Console\\Output\\ConsoleOutput))
#31 /var/www/html/backend-legacy-laravel8/vendor/symfony/console/Application.php(301): Symfony\\Component\\Console\\Application->doRunCommand(Object(Illuminate\\Database\\Console\\Migrations\\MigrateCommand), Object(Symfony\\Component\\Console\\Input\\ArgvInput), Object(Symfony\\Component\\Console\\Output\\ConsoleOutput))
#32 /var/www/html/backend-legacy-laravel8/vendor/symfony/console/Application.php(171): Symfony\\Component\\Console\\Application->doRun(Object(Symfony\\Component\\Console\\Input\\ArgvInput), Object(Symfony\\Component\\Console\\Output\\ConsoleOutput))
#33 /var/www/html/backend-legacy-laravel8/vendor/laravel/framework/src/Illuminate/Console/Application.php(94): Symfony\\Component\\Console\\Application->run(Object(Symfony\\Component\\Console\\Input\\ArgvInput), Object(Symfony\\Component\\Console\\Output\\ConsoleOutput))
#34 /var/www/html/backend-legacy-laravel8/vendor/laravel/framework/src/Illuminate/Foundation/Console/Kernel.php(129): Illuminate\\Console\\Application->run(Object(Symfony\\Component\\Console\\Input\\ArgvInput), Object(Symfony\\Component\\Console\\Output\\ConsoleOutput))
#35 /var/www/html/backend-legacy-laravel8/artisan(14): Illuminate\\Foundation\\Console\\Kernel->handle(Object(Symfony\\Component\\Console\\Input\\ArgvInput), Object(Symfony\\Component\\Console\\Output\\ConsoleOutput))
#36 {main}
"} 
[2026-05-18 18:10:24] local.ERROR: SQLSTATE[42S02]: Base table or view not found: 1146 Table 'legacy_products.users' doesn't exist (SQL: select * from `users` where `email` = admin@legacy.test limit 1) {"exception":"[object] (Illuminate\\Database\\QueryException(code: 42S02): SQLSTATE[42S02]: Base table or view not found: 1146 Table 'legacy_products.users' doesn't exist (SQL: select * from `users` where `email` = admin@legacy.test limit 1) at /var/www/html/backend-legacy-laravel8/vendor/laravel/framework/src/Illuminate/Database/Connection.php:712)
[stacktrace]
#0 /var/www/html/backend-legacy-laravel8/vendor/laravel/framework/src/Illuminate/Database/Connection.php(672): Illuminate\\Database\\Connection->runQueryCallback('select * from `...', Array, Object(Closure))
#1 /var/www/html/backend-legacy-laravel8/vendor/laravel/framework/src/Illuminate/Database/Connection.php(376): Illuminate\\Database\\Connection->run('select * from `...', Array, Object(Closure))
#2 /var/www/html/backend-legacy-laravel8/vendor/laravel/framework/src/Illuminate/Database/Query/Builder.php(2414): Illuminate\\Database\\Connection->select('select * from `...', Array, true)
#3 /var/www/html/backend-legacy-laravel8/vendor/laravel/framework/src/Illuminate/Database/Query/Builder.php(2402): Illuminate\\Database\\Query\\Builder->runSelect()
#4 /var/www/html/backend-legacy-laravel8/vendor/laravel/framework/src/Illuminate/Database/Query/Builder.php(2936): Illuminate\\Database\\Query\\Builder->Illuminate\\Database\\Query\\{closure}()
#5 /var/www/html/backend-legacy-laravel8/vendor/laravel/framework/src/Illuminate/Database/Query/Builder.php(2403): Illuminate\\Database\\Query\\Builder->onceWithColumns(Array, Object(Closure))
#6 /var/www/html/backend-legacy-laravel8/vendor/laravel/framework/src/Illuminate/Database/Concerns/BuildsQueries.php(294): Illuminate\\Database\\Query\\Builder->get(Array)
#7 /var/www/html/backend-legacy-laravel8/app/Http/Controllers/AuthController.php(19): Illuminate\\Database\\Query\\Builder->first()
#8 /var/www/html/backend-legacy-laravel8/vendor/laravel/framework/src/Illuminate/Routing/Controller.php(54): App\\Http\\Controllers\\AuthController->login(Object(Illuminate\\Http\\Request))
#9 /var/www/html/backend-legacy-laravel8/vendor/laravel/framework/src/Illuminate/Routing/ControllerDispatcher.php(45): Illuminate\\Routing\\Controller->callAction('login', Array)
#10 /var/www/html/backend-legacy-laravel8/vendor/laravel/framework/src/Illuminate/Routing/Route.php(262): Illuminate\\Routing\\ControllerDispatcher->dispatch(Object(Illuminate\\Routing\\Route), Object(App\\Http\\Controllers\\AuthController), 'login')
#11 /var/www/html/backend-legacy-laravel8/vendor/laravel/framework/src/Illuminate/Routing/Route.php(205): Illuminate\\Routing\\Route->runController()
#12 /var/www/html/backend-legacy-laravel8/vendor/laravel/framework/src/Illuminate/Routing/Router.php(721): Illuminate\\Routing\\Route->run()
#13 /var/www/html/backend-legacy-laravel8/vendor/laravel/framework/src/Illuminate/Pipeline/Pipeline.php(128): Illuminate\\Routing\\Router->Illuminate\\Routing\\{closure}(Object(Illuminate\\Http\\Request))
#14 /var/www/html/backend-legacy-laravel8/vendor/laravel/framework/src/Illuminate/Routing/Middleware/SubstituteBindings.php(50): Illuminate\\Pipeline\\Pipeline->Illuminate\\Pipeline\\{closure}(Object(Illuminate\\Http\\Request))
#15 /var/www/html/backend-legacy-laravel8/vendor/laravel/framework/src/Illuminate/Pipeline/Pipeline.php(167): Illuminate\\Routing\\Middleware\\SubstituteBindings->handle(Object(Illuminate\\Http\\Request), Object(Closure))
#16 /var/www/html/backend-legacy-laravel8/vendor/laravel/framework/src/Illuminate/Routing/Middleware/ThrottleRequests.php(127): Illuminate\\Pipeline\\Pipeline->Illuminate\\Pipeline\\{closure}(Object(Illuminate\\Http\\Request))
#17 /var/www/html/backend-legacy-laravel8/vendor/laravel/framework/src/Illuminate/Routing/Middleware/ThrottleRequests.php(103): Illuminate\\Routing\\Middleware\\ThrottleRequests->handleRequest(Object(Illuminate\\Http\\Request), Object(Closure), Array)
#18 /var/www/html/backend-legacy-laravel8/vendor/laravel/framework/src/Illuminate/Routing/Middleware/ThrottleRequests.php(55): Illuminate\\Routing\\Middleware\\ThrottleRequests->handleRequestUsingNamedLimiter(Object(Illuminate\\Http\\Request), Object(Closure), 'api', Object(Closure))
#19 /var/www/html/backend-legacy-laravel8/vendor/laravel/framework/src/Illuminate/Pipeline/Pipeline.php(167): Illuminate\\Routing\\Middleware\\ThrottleRequests->handle(Object(Illuminate\\Http\\Request), Object(Closure), 'api')
#20 /var/www/html/backend-legacy-laravel8/vendor/laravel/framework/src/Illuminate/Pipeline/Pipeline.php(103): Illuminate\\Pipeline\\Pipeline->Illuminate\\Pipeline\\{closure}(Object(Illuminate\\Http\\Request))
#21 /var/www/html/backend-legacy-laravel8/vendor/laravel/framework/src/Illuminate/Routing/Router.php(723): Illuminate\\Pipeline\\Pipeline->then(Object(Closure))
#22 /var/www/html/backend-legacy-laravel8/vendor/laravel/framework/src/Illuminate/Routing/Router.php(698): Illuminate\\Routing\\Router->runRouteWithinStack(Object(Illuminate\\Routing\\Route), Object(Illuminate\\Http\\Request))
#23 /var/www/html/backend-legacy-laravel8/vendor/laravel/framework/src/Illuminate/Routing/Router.php(662): Illuminate\\Routing\\Router->runRoute(Object(Illuminate\\Http\\Request), Object(Illuminate\\Routing\\Route))
#24 /var/www/html/backend-legacy-laravel8/vendor/laravel/framework/src/Illuminate/Routing/Router.php(651): Illuminate\\Routing\\Router->dispatchToRoute(Object(Illuminate\\Http\\Request))
#25 /var/www/html/backend-legacy-laravel8/vendor/laravel/framework/src/Illuminate/Foundation/Http/Kernel.php(167): Illuminate\\Routing\\Router->dispatch(Object(Illuminate\\Http\\Request))
#26 /var/www/html/backend-legacy-laravel8/vendor/laravel/framework/src/Illuminate/Pipeline/Pipeline.php(128): Illuminate\\Foundation\\Http\\Kernel->Illuminate\\Foundation\\Http\\{closure}(Object(Illuminate\\Http\\Request))
#27 /var/www/html/backend-legacy-laravel8/vendor/laravel/framework/src/Illuminate/Foundation/Http/Middleware/TransformsRequest.php(21): Illuminate\\Pipeline\\Pipeline->Illuminate\\Pipeline\\{closure}(Object(Illuminate\\Http\\Request))
#28 /var/www/html/backend-legacy-laravel8/vendor/laravel/framework/src/Illuminate/Foundation/Http/Middleware/ConvertEmptyStringsToNull.php(31): Illuminate\\Foundation\\Http\\Middleware\\TransformsRequest->handle(Object(Illuminate\\Http\\Request), Object(Closure))
#29 /var/www/html/backend-legacy-laravel8/vendor/laravel/framework/src/Illuminate/Pipeline/Pipeline.php(167): Illuminate\\Foundation\\Http\\Middleware\\ConvertEmptyStringsToNull->handle(Object(Illuminate\\Http\\Request), Object(Closure))
#30 /var/www/html/backend-legacy-laravel8/vendor/laravel/framework/src/Illuminate/Foundation/Http/Middleware/TransformsRequest.php(21): Illuminate\\Pipeline\\Pipeline->Illuminate\\Pipeline\\{closure}(Object(Illuminate\\Http\\Request))
#31 /var/www/html/backend-legacy-laravel8/vendor/laravel/framework/src/Illuminate/Foundation/Http/Middleware/TrimStrings.php(40): Illuminate\\Foundation\\Http\\Middleware\\TransformsRequest->handle(Object(Illuminate\\Http\\Request), Object(Closure))
#32 /var/www/html/backend-legacy-laravel8/vendor/laravel/framework/src/Illuminate/Pipeline/Pipeline.php(167): Illuminate\\Foundation\\Http\\Middleware\\TrimStrings->handle(Object(Illuminate\\Http\\Request), Object(Closure))
#33 /var/www/html/backend-legacy-laravel8/vendor/laravel/framework/src/Illuminate/Foundation/Http/Middleware/ValidatePostSize.php(27): Illuminate\\Pipeline\\Pipeline->Illuminate\\Pipeline\\{closure}(Object(Illuminate\\Http\\Request))
#34 /var/www/html/backend-legacy-laravel8/vendor/laravel/framework/src/Illuminate/Pipeline/Pipeline.php(167): Illuminate\\Foundation\\Http\\Middleware\\ValidatePostSize->handle(Object(Illuminate\\Http\\Request), Object(Closure))
#35 /var/www/html/backend-legacy-laravel8/vendor/laravel/framework/src/Illuminate/Foundation/Http/Middleware/PreventRequestsDuringMaintenance.php(86): Illuminate\\Pipeline\\Pipeline->Illuminate\\Pipeline\\{closure}(Object(Illuminate\\Http\\Request))
#36 /var/www/html/backend-legacy-laravel8/vendor/laravel/framework/src/Illuminate/Pipeline/Pipeline.php(167): Illuminate\\Foundation\\Http\\Middleware\\PreventRequestsDuringMaintenance->handle(Object(Illuminate\\Http\\Request), Object(Closure))
#37 /var/www/html/backend-legacy-laravel8/vendor/fruitcake/laravel-cors/src/HandleCors.php(52): Illuminate\\Pipeline\\Pipeline->Illuminate\\Pipeline\\{closure}(Object(Illuminate\\Http\\Request))
#38 /var/www/html/backend-legacy-laravel8/vendor/laravel/framework/src/Illuminate/Pipeline/Pipeline.php(167): Fruitcake\\Cors\\HandleCors->handle(Object(Illuminate\\Http\\Request), Object(Closure))
#39 /var/www/html/backend-legacy-laravel8/vendor/laravel/framework/src/Illuminate/Pipeline/Pipeline.php(103): Illuminate\\Pipeline\\Pipeline->Illuminate\\Pipeline\\{closure}(Object(Illuminate\\Http\\Request))
#40 /var/www/html/backend-legacy-laravel8/vendor/laravel/framework/src/Illuminate/Foundation/Http/Kernel.php(142): Illuminate\\Pipeline\\Pipeline->then(Object(Closure))
#41 /var/www/html/backend-legacy-laravel8/vendor/laravel/framework/src/Illuminate/Foundation/Http/Kernel.php(111): Illuminate\\Foundation\\Http\\Kernel->sendRequestThroughRouter(Object(Illuminate\\Http\\Request))
#42 /var/www/html/backend-legacy-laravel8/public/index.php(12): Illuminate\\Foundation\\Http\\Kernel->handle(Object(Illuminate\\Http\\Request))
#43 {main}

[previous exception] [object] (PDOException(code: 42S02): SQLSTATE[42S02]: Base table or view not found: 1146 Table 'legacy_products.users' doesn't exist at /var/www/html/backend-legacy-laravel8/vendor/laravel/framework/src/Illuminate/Database/Connection.php:368)
[stacktrace]
#0 /var/www/html/backend-legacy-laravel8/vendor/laravel/framework/src/Illuminate/Database/Connection.php(368): PDO->prepare('select * from `...')
#1 /var/www/html/backend-legacy-laravel8/vendor/laravel/framework/src/Illuminate/Database/Connection.php(705): Illuminate\\Database\\Connection->Illuminate\\Database\\{closure}('select * from `...', Array)
#2 /var/www/html/backend-legacy-laravel8/vendor/laravel/framework/src/Illuminate/Database/Connection.php(672): Illuminate\\Database\\Connection->runQueryCallback('select * from `...', Array, Object(Closure))
#3 /var/www/html/backend-legacy-laravel8/vendor/laravel/framework/src/Illuminate/Database/Connection.php(376): Illuminate\\Database\\Connection->run('select * from `...', Array, Object(Closure))
#4 /var/www/html/backend-legacy-laravel8/vendor/laravel/framework/src/Illuminate/Database/Query/Builder.php(2414): Illuminate\\Database\\Connection->select('select * from `...', Array, true)
#5 /var/www/html/backend-legacy-laravel8/vendor/laravel/framework/src/Illuminate/Database/Query/Builder.php(2402): Illuminate\\Database\\Query\\Builder->runSelect()
#6 /var/www/html/backend-legacy-laravel8/vendor/laravel/framework/src/Illuminate/Database/Query/Builder.php(2936): Illuminate\\Database\\Query\\Builder->Illuminate\\Database\\Query\\{closure}()
#7 /var/www/html/backend-legacy-laravel8/vendor/laravel/framework/src/Illuminate/Database/Query/Builder.php(2403): Illuminate\\Database\\Query\\Builder->onceWithColumns(Array, Object(Closure))
#8 /var/www/html/backend-legacy-laravel8/vendor/laravel/framework/src/Illuminate/Database/Concerns/BuildsQueries.php(294): Illuminate\\Database\\Query\\Builder->get(Array)
#9 /var/www/html/backend-legacy-laravel8/app/Http/Controllers/AuthController.php(19): Illuminate\\Database\\Query\\Builder->first()
#10 /var/www/html/backend-legacy-laravel8/vendor/laravel/framework/src/Illuminate/Routing/Controller.php(54): App\\Http\\Controllers\\AuthController->login(Object(Illuminate\\Http\\Request))
#11 /var/www/html/backend-legacy-laravel8/vendor/laravel/framework/src/Illuminate/Routing/ControllerDispatcher.php(45): Illuminate\\Routing\\Controller->callAction('login', Array)
#12 /var/www/html/backend-legacy-laravel8/vendor/laravel/framework/src/Illuminate/Routing/Route.php(262): Illuminate\\Routing\\ControllerDispatcher->dispatch(Object(Illuminate\\Routing\\Route), Object(App\\Http\\Controllers\\AuthController), 'login')
#13 /var/www/html/backend-legacy-laravel8/vendor/laravel/framework/src/Illuminate/Routing/Route.php(205): Illuminate\\Routing\\Route->runController()
#14 /var/www/html/backend-legacy-laravel8/vendor/laravel/framework/src/Illuminate/Routing/Router.php(721): Illuminate\\Routing\\Route->run()
#15 /var/www/html/backend-legacy-laravel8/vendor/laravel/framework/src/Illuminate/Pipeline/Pipeline.php(128): Illuminate\\Routing\\Router->Illuminate\\Routing\\{closure}(Object(Illuminate\\Http\\Request))
#16 /var/www/html/backend-legacy-laravel8/vendor/laravel/framework/src/Illuminate/Routing/Middleware/SubstituteBindings.php(50): Illuminate\\Pipeline\\Pipeline->Illuminate\\Pipeline\\{closure}(Object(Illuminate\\Http\\Request))
#17 /var/www/html/backend-legacy-laravel8/vendor/laravel/framework/src/Illuminate/Pipeline/Pipeline.php(167): Illuminate\\Routing\\Middleware\\SubstituteBindings->handle(Object(Illuminate\\Http\\Request), Object(Closure))
#18 /var/www/html/backend-legacy-laravel8/vendor/laravel/framework/src/Illuminate/Routing/Middleware/ThrottleRequests.php(127): Illuminate\\Pipeline\\Pipeline->Illuminate\\Pipeline\\{closure}(Object(Illuminate\\Http\\Request))
#19 /var/www/html/backend-legacy-laravel8/vendor/laravel/framework/src/Illuminate/Routing/Middleware/ThrottleRequests.php(103): Illuminate\\Routing\\Middleware\\ThrottleRequests->handleRequest(Object(Illuminate\\Http\\Request), Object(Closure), Array)
#20 /var/www/html/backend-legacy-laravel8/vendor/laravel/framework/src/Illuminate/Routing/Middleware/ThrottleRequests.php(55): Illuminate\\Routing\\Middleware\\ThrottleRequests->handleRequestUsingNamedLimiter(Object(Illuminate\\Http\\Request), Object(Closure), 'api', Object(Closure))
#21 /var/www/html/backend-legacy-laravel8/vendor/laravel/framework/src/Illuminate/Pipeline/Pipeline.php(167): Illuminate\\Routing\\Middleware\\ThrottleRequests->handle(Object(Illuminate\\Http\\Request), Object(Closure), 'api')
#22 /var/www/html/backend-legacy-laravel8/vendor/laravel/framework/src/Illuminate/Pipeline/Pipeline.php(103): Illuminate\\Pipeline\\Pipeline->Illuminate\\Pipeline\\{closure}(Object(Illuminate\\Http\\Request))
#23 /var/www/html/backend-legacy-laravel8/vendor/laravel/framework/src/Illuminate/Routing/Router.php(723): Illuminate\\Pipeline\\Pipeline->then(Object(Closure))
#24 /var/www/html/backend-legacy-laravel8/vendor/laravel/framework/src/Illuminate/Routing/Router.php(698): Illuminate\\Routing\\Router->runRouteWithinStack(Object(Illuminate\\Routing\\Route), Object(Illuminate\\Http\\Request))
#25 /var/www/html/backend-legacy-laravel8/vendor/laravel/framework/src/Illuminate/Routing/Router.php(662): Illuminate\\Routing\\Router->runRoute(Object(Illuminate\\Http\\Request), Object(Illuminate\\Routing\\Route))
#26 /var/www/html/backend-legacy-laravel8/vendor/laravel/framework/src/Illuminate/Routing/Router.php(651): Illuminate\\Routing\\Router->dispatchToRoute(Object(Illuminate\\Http\\Request))
#27 /var/www/html/backend-legacy-laravel8/vendor/laravel/framework/src/Illuminate/Foundation/Http/Kernel.php(167): Illuminate\\Routing\\Router->dispatch(Object(Illuminate\\Http\\Request))
#28 /var/www/html/backend-legacy-laravel8/vendor/laravel/framework/src/Illuminate/Pipeline/Pipeline.php(128): Illuminate\\Foundation\\Http\\Kernel->Illuminate\\Foundation\\Http\\{closure}(Object(Illuminate\\Http\\Request))
#29 /var/www/html/backend-legacy-laravel8/vendor/laravel/framework/src/Illuminate/Foundation/Http/Middleware/TransformsRequest.php(21): Illuminate\\Pipeline\\Pipeline->Illuminate\\Pipeline\\{closure}(Object(Illuminate\\Http\\Request))
#30 /var/www/html/backend-legacy-laravel8/vendor/laravel/framework/src/Illuminate/Foundation/Http/Middleware/ConvertEmptyStringsToNull.php(31): Illuminate\\Foundation\\Http\\Middleware\\TransformsRequest->handle(Object(Illuminate\\Http\\Request), Object(Closure))
#31 /var/www/html/backend-legacy-laravel8/vendor/laravel/framework/src/Illuminate/Pipeline/Pipeline.php(167): Illuminate\\Foundation\\Http\\Middleware\\ConvertEmptyStringsToNull->handle(Object(Illuminate\\Http\\Request), Object(Closure))
#32 /var/www/html/backend-legacy-laravel8/vendor/laravel/framework/src/Illuminate/Foundation/Http/Middleware/TransformsRequest.php(21): Illuminate\\Pipeline\\Pipeline->Illuminate\\Pipeline\\{closure}(Object(Illuminate\\Http\\Request))
#33 /var/www/html/backend-legacy-laravel8/vendor/laravel/framework/src/Illuminate/Foundation/Http/Middleware/TrimStrings.php(40): Illuminate\\Foundation\\Http\\Middleware\\TransformsRequest->handle(Object(Illuminate\\Http\\Request), Object(Closure))
#34 /var/www/html/backend-legacy-laravel8/vendor/laravel/framework/src/Illuminate/Pipeline/Pipeline.php(167): Illuminate\\Foundation\\Http\\Middleware\\TrimStrings->handle(Object(Illuminate\\Http\\Request), Object(Closure))
#35 /var/www/html/backend-legacy-laravel8/vendor/laravel/framework/src/Illuminate/Foundation/Http/Middleware/ValidatePostSize.php(27): Illuminate\\Pipeline\\Pipeline->Illuminate\\Pipeline\\{closure}(Object(Illuminate\\Http\\Request))
#36 /var/www/html/backend-legacy-laravel8/vendor/laravel/framework/src/Illuminate/Pipeline/Pipeline.php(167): Illuminate\\Foundation\\Http\\Middleware\\ValidatePostSize->handle(Object(Illuminate\\Http\\Request), Object(Closure))
#37 /var/www/html/backend-legacy-laravel8/vendor/laravel/framework/src/Illuminate/Foundation/Http/Middleware/PreventRequestsDuringMaintenance.php(86): Illuminate\\Pipeline\\Pipeline->Illuminate\\Pipeline\\{closure}(Object(Illuminate\\Http\\Request))
#38 /var/www/html/backend-legacy-laravel8/vendor/laravel/framework/src/Illuminate/Pipeline/Pipeline.php(167): Illuminate\\Foundation\\Http\\Middleware\\PreventRequestsDuringMaintenance->handle(Object(Illuminate\\Http\\Request), Object(Closure))
#39 /var/www/html/backend-legacy-laravel8/vendor/fruitcake/laravel-cors/src/HandleCors.php(52): Illuminate\\Pipeline\\Pipeline->Illuminate\\Pipeline\\{closure}(Object(Illuminate\\Http\\Request))
#40 /var/www/html/backend-legacy-laravel8/vendor/laravel/framework/src/Illuminate/Pipeline/Pipeline.php(167): Fruitcake\\Cors\\HandleCors->handle(Object(Illuminate\\Http\\Request), Object(Closure))
#41 /var/www/html/backend-legacy-laravel8/vendor/laravel/framework/src/Illuminate/Pipeline/Pipeline.php(103): Illuminate\\Pipeline\\Pipeline->Illuminate\\Pipeline\\{closure}(Object(Illuminate\\Http\\Request))
#42 /var/www/html/backend-legacy-laravel8/vendor/laravel/framework/src/Illuminate/Foundation/Http/Kernel.php(142): Illuminate\\Pipeline\\Pipeline->then(Object(Closure))
#43 /var/www/html/backend-legacy-laravel8/vendor/laravel/framework/src/Illuminate/Foundation/Http/Kernel.php(111): Illuminate\\Foundation\\Http\\Kernel->sendRequestThroughRouter(Object(Illuminate\\Http\\Request))
#44 /var/www/html/backend-legacy-laravel8/public/index.php(12): Illuminate\\Foundation\\Http\\Kernel->handle(Object(Illuminate\\Http\\Request))
#45 {main}
"} 
[2026-05-18 18:11:17] local.ERROR: SQLSTATE[42S02]: Base table or view not found: 1146 Table 'legacy_products.users' doesn't exist (SQL: select * from `users` where `email` = admin@legacy.test limit 1) {"exception":"[object] (Illuminate\\Database\\QueryException(code: 42S02): SQLSTATE[42S02]: Base table or view not found: 1146 Table 'legacy_products.users' doesn't exist (SQL: select * from `users` where `email` = admin@legacy.test limit 1) at /var/www/html/backend-legacy-laravel8/vendor/laravel/framework/src/Illuminate/Database/Connection.php:712)
[stacktrace]
#0 /var/www/html/backend-legacy-laravel8/vendor/laravel/framework/src/Illuminate/Database/Connection.php(672): Illuminate\\Database\\Connection->runQueryCallback('select * from `...', Array, Object(Closure))
#1 /var/www/html/backend-legacy-laravel8/vendor/laravel/framework/src/Illuminate/Database/Connection.php(376): Illuminate\\Database\\Connection->run('select * from `...', Array, Object(Closure))
#2 /var/www/html/backend-legacy-laravel8/vendor/laravel/framework/src/Illuminate/Database/Query/Builder.php(2414): Illuminate\\Database\\Connection->select('select * from `...', Array, true)
#3 /var/www/html/backend-legacy-laravel8/vendor/laravel/framework/src/Illuminate/Database/Query/Builder.php(2402): Illuminate\\Database\\Query\\Builder->runSelect()
#4 /var/www/html/backend-legacy-laravel8/vendor/laravel/framework/src/Illuminate/Database/Query/Builder.php(2936): Illuminate\\Database\\Query\\Builder->Illuminate\\Database\\Query\\{closure}()
#5 /var/www/html/backend-legacy-laravel8/vendor/laravel/framework/src/Illuminate/Database/Query/Builder.php(2403): Illuminate\\Database\\Query\\Builder->onceWithColumns(Array, Object(Closure))
#6 /var/www/html/backend-legacy-laravel8/vendor/laravel/framework/src/Illuminate/Database/Concerns/BuildsQueries.php(294): Illuminate\\Database\\Query\\Builder->get(Array)
#7 /var/www/html/backend-legacy-laravel8/app/Http/Controllers/AuthController.php(19): Illuminate\\Database\\Query\\Builder->first()
#8 /var/www/html/backend-legacy-laravel8/vendor/laravel/framework/src/Illuminate/Routing/Controller.php(54): App\\Http\\Controllers\\AuthController->login(Object(Illuminate\\Http\\Request))
#9 /var/www/html/backend-legacy-laravel8/vendor/laravel/framework/src/Illuminate/Routing/ControllerDispatcher.php(45): Illuminate\\Routing\\Controller->callAction('login', Array)
#10 /var/www/html/backend-legacy-laravel8/vendor/laravel/framework/src/Illuminate/Routing/Route.php(262): Illuminate\\Routing\\ControllerDispatcher->dispatch(Object(Illuminate\\Routing\\Route), Object(App\\Http\\Controllers\\AuthController), 'login')
#11 /var/www/html/backend-legacy-laravel8/vendor/laravel/framework/src/Illuminate/Routing/Route.php(205): Illuminate\\Routing\\Route->runController()
#12 /var/www/html/backend-legacy-laravel8/vendor/laravel/framework/src/Illuminate/Routing/Router.php(721): Illuminate\\Routing\\Route->run()
#13 /var/www/html/backend-legacy-laravel8/vendor/laravel/framework/src/Illuminate/Pipeline/Pipeline.php(128): Illuminate\\Routing\\Router->Illuminate\\Routing\\{closure}(Object(Illuminate\\Http\\Request))
#14 /var/www/html/backend-legacy-laravel8/vendor/laravel/framework/src/Illuminate/Routing/Middleware/SubstituteBindings.php(50): Illuminate\\Pipeline\\Pipeline->Illuminate\\Pipeline\\{closure}(Object(Illuminate\\Http\\Request))
#15 /var/www/html/backend-legacy-laravel8/vendor/laravel/framework/src/Illuminate/Pipeline/Pipeline.php(167): Illuminate\\Routing\\Middleware\\SubstituteBindings->handle(Object(Illuminate\\Http\\Request), Object(Closure))
#16 /var/www/html/backend-legacy-laravel8/vendor/laravel/framework/src/Illuminate/Routing/Middleware/ThrottleRequests.php(127): Illuminate\\Pipeline\\Pipeline->Illuminate\\Pipeline\\{closure}(Object(Illuminate\\Http\\Request))
#17 /var/www/html/backend-legacy-laravel8/vendor/laravel/framework/src/Illuminate/Routing/Middleware/ThrottleRequests.php(103): Illuminate\\Routing\\Middleware\\ThrottleRequests->handleRequest(Object(Illuminate\\Http\\Request), Object(Closure), Array)
#18 /var/www/html/backend-legacy-laravel8/vendor/laravel/framework/src/Illuminate/Routing/Middleware/ThrottleRequests.php(55): Illuminate\\Routing\\Middleware\\ThrottleRequests->handleRequestUsingNamedLimiter(Object(Illuminate\\Http\\Request), Object(Closure), 'api', Object(Closure))
#19 /var/www/html/backend-legacy-laravel8/vendor/laravel/framework/src/Illuminate/Pipeline/Pipeline.php(167): Illuminate\\Routing\\Middleware\\ThrottleRequests->handle(Object(Illuminate\\Http\\Request), Object(Closure), 'api')
#20 /var/www/html/backend-legacy-laravel8/vendor/laravel/framework/src/Illuminate/Pipeline/Pipeline.php(103): Illuminate\\Pipeline\\Pipeline->Illuminate\\Pipeline\\{closure}(Object(Illuminate\\Http\\Request))
#21 /var/www/html/backend-legacy-laravel8/vendor/laravel/framework/src/Illuminate/Routing/Router.php(723): Illuminate\\Pipeline\\Pipeline->then(Object(Closure))
#22 /var/www/html/backend-legacy-laravel8/vendor/laravel/framework/src/Illuminate/Routing/Router.php(698): Illuminate\\Routing\\Router->runRouteWithinStack(Object(Illuminate\\Routing\\Route), Object(Illuminate\\Http\\Request))
#23 /var/www/html/backend-legacy-laravel8/vendor/laravel/framework/src/Illuminate/Routing/Router.php(662): Illuminate\\Routing\\Router->runRoute(Object(Illuminate\\Http\\Request), Object(Illuminate\\Routing\\Route))
#24 /var/www/html/backend-legacy-laravel8/vendor/laravel/framework/src/Illuminate/Routing/Router.php(651): Illuminate\\Routing\\Router->dispatchToRoute(Object(Illuminate\\Http\\Request))
#25 /var/www/html/backend-legacy-laravel8/vendor/laravel/framework/src/Illuminate/Foundation/Http/Kernel.php(167): Illuminate\\Routing\\Router->dispatch(Object(Illuminate\\Http\\Request))
#26 /var/www/html/backend-legacy-laravel8/vendor/laravel/framework/src/Illuminate/Pipeline/Pipeline.php(128): Illuminate\\Foundation\\Http\\Kernel->Illuminate\\Foundation\\Http\\{closure}(Object(Illuminate\\Http\\Request))
#27 /var/www/html/backend-legacy-laravel8/vendor/laravel/framework/src/Illuminate/Foundation/Http/Middleware/TransformsRequest.php(21): Illuminate\\Pipeline\\Pipeline->Illuminate\\Pipeline\\{closure}(Object(Illuminate\\Http\\Request))
#28 /var/www/html/backend-legacy-laravel8/vendor/laravel/framework/src/Illuminate/Foundation/Http/Middleware/ConvertEmptyStringsToNull.php(31): Illuminate\\Foundation\\Http\\Middleware\\TransformsRequest->handle(Object(Illuminate\\Http\\Request), Object(Closure))
#29 /var/www/html/backend-legacy-laravel8/vendor/laravel/framework/src/Illuminate/Pipeline/Pipeline.php(167): Illuminate\\Foundation\\Http\\Middleware\\ConvertEmptyStringsToNull->handle(Object(Illuminate\\Http\\Request), Object(Closure))
#30 /var/www/html/backend-legacy-laravel8/vendor/laravel/framework/src/Illuminate/Foundation/Http/Middleware/TransformsRequest.php(21): Illuminate\\Pipeline\\Pipeline->Illuminate\\Pipeline\\{closure}(Object(Illuminate\\Http\\Request))
#31 /var/www/html/backend-legacy-laravel8/vendor/laravel/framework/src/Illuminate/Foundation/Http/Middleware/TrimStrings.php(40): Illuminate\\Foundation\\Http\\Middleware\\TransformsRequest->handle(Object(Illuminate\\Http\\Request), Object(Closure))
#32 /var/www/html/backend-legacy-laravel8/vendor/laravel/framework/src/Illuminate/Pipeline/Pipeline.php(167): Illuminate\\Foundation\\Http\\Middleware\\TrimStrings->handle(Object(Illuminate\\Http\\Request), Object(Closure))
#33 /var/www/html/backend-legacy-laravel8/vendor/laravel/framework/src/Illuminate/Foundation/Http/Middleware/ValidatePostSize.php(27): Illuminate\\Pipeline\\Pipeline->Illuminate\\Pipeline\\{closure}(Object(Illuminate\\Http\\Request))
#34 /var/www/html/backend-legacy-laravel8/vendor/laravel/framework/src/Illuminate/Pipeline/Pipeline.php(167): Illuminate\\Foundation\\Http\\Middleware\\ValidatePostSize->handle(Object(Illuminate\\Http\\Request), Object(Closure))
#35 /var/www/html/backend-legacy-laravel8/vendor/laravel/framework/src/Illuminate/Foundation/Http/Middleware/PreventRequestsDuringMaintenance.php(86): Illuminate\\Pipeline\\Pipeline->Illuminate\\Pipeline\\{closure}(Object(Illuminate\\Http\\Request))
#36 /var/www/html/backend-legacy-laravel8/vendor/laravel/framework/src/Illuminate/Pipeline/Pipeline.php(167): Illuminate\\Foundation\\Http\\Middleware\\PreventRequestsDuringMaintenance->handle(Object(Illuminate\\Http\\Request), Object(Closure))
#37 /var/www/html/backend-legacy-laravel8/vendor/fruitcake/laravel-cors/src/HandleCors.php(52): Illuminate\\Pipeline\\Pipeline->Illuminate\\Pipeline\\{closure}(Object(Illuminate\\Http\\Request))
#38 /var/www/html/backend-legacy-laravel8/vendor/laravel/framework/src/Illuminate/Pipeline/Pipeline.php(167): Fruitcake\\Cors\\HandleCors->handle(Object(Illuminate\\Http\\Request), Object(Closure))
#39 /var/www/html/backend-legacy-laravel8/vendor/laravel/framework/src/Illuminate/Pipeline/Pipeline.php(103): Illuminate\\Pipeline\\Pipeline->Illuminate\\Pipeline\\{closure}(Object(Illuminate\\Http\\Request))
#40 /var/www/html/backend-legacy-laravel8/vendor/laravel/framework/src/Illuminate/Foundation/Http/Kernel.php(142): Illuminate\\Pipeline\\Pipeline->then(Object(Closure))
#41 /var/www/html/backend-legacy-laravel8/vendor/laravel/framework/src/Illuminate/Foundation/Http/Kernel.php(111): Illuminate\\Foundation\\Http\\Kernel->sendRequestThroughRouter(Object(Illuminate\\Http\\Request))
#42 /var/www/html/backend-legacy-laravel8/public/index.php(12): Illuminate\\Foundation\\Http\\Kernel->handle(Object(Illuminate\\Http\\Request))
#43 {main}

[previous exception] [object] (PDOException(code: 42S02): SQLSTATE[42S02]: Base table or view not found: 1146 Table 'legacy_products.users' doesn't exist at /var/www/html/backend-legacy-laravel8/vendor/laravel/framework/src/Illuminate/Database/Connection.php:368)
[stacktrace]
#0 /var/www/html/backend-legacy-laravel8/vendor/laravel/framework/src/Illuminate/Database/Connection.php(368): PDO->prepare('select * from `...')
#1 /var/www/html/backend-legacy-laravel8/vendor/laravel/framework/src/Illuminate/Database/Connection.php(705): Illuminate\\Database\\Connection->Illuminate\\Database\\{closure}('select * from `...', Array)
#2 /var/www/html/backend-legacy-laravel8/vendor/laravel/framework/src/Illuminate/Database/Connection.php(672): Illuminate\\Database\\Connection->runQueryCallback('select * from `...', Array, Object(Closure))
#3 /var/www/html/backend-legacy-laravel8/vendor/laravel/framework/src/Illuminate/Database/Connection.php(376): Illuminate\\Database\\Connection->run('select * from `...', Array, Object(Closure))
#4 /var/www/html/backend-legacy-laravel8/vendor/laravel/framework/src/Illuminate/Database/Query/Builder.php(2414): Illuminate\\Database\\Connection->select('select * from `...', Array, true)
#5 /var/www/html/backend-legacy-laravel8/vendor/laravel/framework/src/Illuminate/Database/Query/Builder.php(2402): Illuminate\\Database\\Query\\Builder->runSelect()
#6 /var/www/html/backend-legacy-laravel8/vendor/laravel/framework/src/Illuminate/Database/Query/Builder.php(2936): Illuminate\\Database\\Query\\Builder->Illuminate\\Database\\Query\\{closure}()
#7 /var/www/html/backend-legacy-laravel8/vendor/laravel/framework/src/Illuminate/Database/Query/Builder.php(2403): Illuminate\\Database\\Query\\Builder->onceWithColumns(Array, Object(Closure))
#8 /var/www/html/backend-legacy-laravel8/vendor/laravel/framework/src/Illuminate/Database/Concerns/BuildsQueries.php(294): Illuminate\\Database\\Query\\Builder->get(Array)
#9 /var/www/html/backend-legacy-laravel8/app/Http/Controllers/AuthController.php(19): Illuminate\\Database\\Query\\Builder->first()
#10 /var/www/html/backend-legacy-laravel8/vendor/laravel/framework/src/Illuminate/Routing/Controller.php(54): App\\Http\\Controllers\\AuthController->login(Object(Illuminate\\Http\\Request))
#11 /var/www/html/backend-legacy-laravel8/vendor/laravel/framework/src/Illuminate/Routing/ControllerDispatcher.php(45): Illuminate\\Routing\\Controller->callAction('login', Array)
#12 /var/www/html/backend-legacy-laravel8/vendor/laravel/framework/src/Illuminate/Routing/Route.php(262): Illuminate\\Routing\\ControllerDispatcher->dispatch(Object(Illuminate\\Routing\\Route), Object(App\\Http\\Controllers\\AuthController), 'login')
#13 /var/www/html/backend-legacy-laravel8/vendor/laravel/framework/src/Illuminate/Routing/Route.php(205): Illuminate\\Routing\\Route->runController()
#14 /var/www/html/backend-legacy-laravel8/vendor/laravel/framework/src/Illuminate/Routing/Router.php(721): Illuminate\\Routing\\Route->run()
#15 /var/www/html/backend-legacy-laravel8/vendor/laravel/framework/src/Illuminate/Pipeline/Pipeline.php(128): Illuminate\\Routing\\Router->Illuminate\\Routing\\{closure}(Object(Illuminate\\Http\\Request))
#16 /var/www/html/backend-legacy-laravel8/vendor/laravel/framework/src/Illuminate/Routing/Middleware/SubstituteBindings.php(50): Illuminate\\Pipeline\\Pipeline->Illuminate\\Pipeline\\{closure}(Object(Illuminate\\Http\\Request))
#17 /var/www/html/backend-legacy-laravel8/vendor/laravel/framework/src/Illuminate/Pipeline/Pipeline.php(167): Illuminate\\Routing\\Middleware\\SubstituteBindings->handle(Object(Illuminate\\Http\\Request), Object(Closure))
#18 /var/www/html/backend-legacy-laravel8/vendor/laravel/framework/src/Illuminate/Routing/Middleware/ThrottleRequests.php(127): Illuminate\\Pipeline\\Pipeline->Illuminate\\Pipeline\\{closure}(Object(Illuminate\\Http\\Request))
#19 /var/www/html/backend-legacy-laravel8/vendor/laravel/framework/src/Illuminate/Routing/Middleware/ThrottleRequests.php(103): Illuminate\\Routing\\Middleware\\ThrottleRequests->handleRequest(Object(Illuminate\\Http\\Request), Object(Closure), Array)
#20 /var/www/html/backend-legacy-laravel8/vendor/laravel/framework/src/Illuminate/Routing/Middleware/ThrottleRequests.php(55): Illuminate\\Routing\\Middleware\\ThrottleRequests->handleRequestUsingNamedLimiter(Object(Illuminate\\Http\\Request), Object(Closure), 'api', Object(Closure))
#21 /var/www/html/backend-legacy-laravel8/vendor/laravel/framework/src/Illuminate/Pipeline/Pipeline.php(167): Illuminate\\Routing\\Middleware\\ThrottleRequests->handle(Object(Illuminate\\Http\\Request), Object(Closure), 'api')
#22 /var/www/html/backend-legacy-laravel8/vendor/laravel/framework/src/Illuminate/Pipeline/Pipeline.php(103): Illuminate\\Pipeline\\Pipeline->Illuminate\\Pipeline\\{closure}(Object(Illuminate\\Http\\Request))
#23 /var/www/html/backend-legacy-laravel8/vendor/laravel/framework/src/Illuminate/Routing/Router.php(723): Illuminate\\Pipeline\\Pipeline->then(Object(Closure))
#24 /var/www/html/backend-legacy-laravel8/vendor/laravel/framework/src/Illuminate/Routing/Router.php(698): Illuminate\\Routing\\Router->runRouteWithinStack(Object(Illuminate\\Routing\\Route), Object(Illuminate\\Http\\Request))
#25 /var/www/html/backend-legacy-laravel8/vendor/laravel/framework/src/Illuminate/Routing/Router.php(662): Illuminate\\Routing\\Router->runRoute(Object(Illuminate\\Http\\Request), Object(Illuminate\\Routing\\Route))
#26 /var/www/html/backend-legacy-laravel8/vendor/laravel/framework/src/Illuminate/Routing/Router.php(651): Illuminate\\Routing\\Router->dispatchToRoute(Object(Illuminate\\Http\\Request))
#27 /var/www/html/backend-legacy-laravel8/vendor/laravel/framework/src/Illuminate/Foundation/Http/Kernel.php(167): Illuminate\\Routing\\Router->dispatch(Object(Illuminate\\Http\\Request))
#28 /var/www/html/backend-legacy-laravel8/vendor/laravel/framework/src/Illuminate/Pipeline/Pipeline.php(128): Illuminate\\Foundation\\Http\\Kernel->Illuminate\\Foundation\\Http\\{closure}(Object(Illuminate\\Http\\Request))
#29 /var/www/html/backend-legacy-laravel8/vendor/laravel/framework/src/Illuminate/Foundation/Http/Middleware/TransformsRequest.php(21): Illuminate\\Pipeline\\Pipeline->Illuminate\\Pipeline\\{closure}(Object(Illuminate\\Http\\Request))
#30 /var/www/html/backend-legacy-laravel8/vendor/laravel/framework/src/Illuminate/Foundation/Http/Middleware/ConvertEmptyStringsToNull.php(31): Illuminate\\Foundation\\Http\\Middleware\\TransformsRequest->handle(Object(Illuminate\\Http\\Request), Object(Closure))
#31 /var/www/html/backend-legacy-laravel8/vendor/laravel/framework/src/Illuminate/Pipeline/Pipeline.php(167): Illuminate\\Foundation\\Http\\Middleware\\ConvertEmptyStringsToNull->handle(Object(Illuminate\\Http\\Request), Object(Closure))
#32 /var/www/html/backend-legacy-laravel8/vendor/laravel/framework/src/Illuminate/Foundation/Http/Middleware/TransformsRequest.php(21): Illuminate\\Pipeline\\Pipeline->Illuminate\\Pipeline\\{closure}(Object(Illuminate\\Http\\Request))
#33 /var/www/html/backend-legacy-laravel8/vendor/laravel/framework/src/Illuminate/Foundation/Http/Middleware/TrimStrings.php(40): Illuminate\\Foundation\\Http\\Middleware\\TransformsRequest->handle(Object(Illuminate\\Http\\Request), Object(Closure))
#34 /var/www/html/backend-legacy-laravel8/vendor/laravel/framework/src/Illuminate/Pipeline/Pipeline.php(167): Illuminate\\Foundation\\Http\\Middleware\\TrimStrings->handle(Object(Illuminate\\Http\\Request), Object(Closure))
#35 /var/www/html/backend-legacy-laravel8/vendor/laravel/framework/src/Illuminate/Foundation/Http/Middleware/ValidatePostSize.php(27): Illuminate\\Pipeline\\Pipeline->Illuminate\\Pipeline\\{closure}(Object(Illuminate\\Http\\Request))
#36 /var/www/html/backend-legacy-laravel8/vendor/laravel/framework/src/Illuminate/Pipeline/Pipeline.php(167): Illuminate\\Foundation\\Http\\Middleware\\ValidatePostSize->handle(Object(Illuminate\\Http\\Request), Object(Closure))
#37 /var/www/html/backend-legacy-laravel8/vendor/laravel/framework/src/Illuminate/Foundation/Http/Middleware/PreventRequestsDuringMaintenance.php(86): Illuminate\\Pipeline\\Pipeline->Illuminate\\Pipeline\\{closure}(Object(Illuminate\\Http\\Request))
#38 /var/www/html/backend-legacy-laravel8/vendor/laravel/framework/src/Illuminate/Pipeline/Pipeline.php(167): Illuminate\\Foundation\\Http\\Middleware\\PreventRequestsDuringMaintenance->handle(Object(Illuminate\\Http\\Request), Object(Closure))
#39 /var/www/html/backend-legacy-laravel8/vendor/fruitcake/laravel-cors/src/HandleCors.php(52): Illuminate\\Pipeline\\Pipeline->Illuminate\\Pipeline\\{closure}(Object(Illuminate\\Http\\Request))
#40 /var/www/html/backend-legacy-laravel8/vendor/laravel/framework/src/Illuminate/Pipeline/Pipeline.php(167): Fruitcake\\Cors\\HandleCors->handle(Object(Illuminate\\Http\\Request), Object(Closure))
#41 /var/www/html/backend-legacy-laravel8/vendor/laravel/framework/src/Illuminate/Pipeline/Pipeline.php(103): Illuminate\\Pipeline\\Pipeline->Illuminate\\Pipeline\\{closure}(Object(Illuminate\\Http\\Request))
#42 /var/www/html/backend-legacy-laravel8/vendor/laravel/framework/src/Illuminate/Foundation/Http/Kernel.php(142): Illuminate\\Pipeline\\Pipeline->then(Object(Closure))
#43 /var/www/html/backend-legacy-laravel8/vendor/laravel/framework/src/Illuminate/Foundation/Http/Kernel.php(111): Illuminate\\Foundation\\Http\\Kernel->sendRequestThroughRouter(Object(Illuminate\\Http\\Request))
#44 /var/www/html/backend-legacy-laravel8/public/index.php(12): Illuminate\\Foundation\\Http\\Kernel->handle(Object(Illuminate\\Http\\Request))
#45 {main}
"} 
[2026-05-18 18:12:04] local.ERROR: SQLSTATE[HY000] [2002] php_network_getaddresses: getaddrinfo for mysql failed: Temporary failure in name resolution (SQL: SHOW FULL TABLES WHERE table_type = 'BASE TABLE') {"exception":"[object] (Illuminate\\Database\\QueryException(code: 2002): SQLSTATE[HY000] [2002] php_network_getaddresses: getaddrinfo for mysql failed: Temporary failure in name resolution (SQL: SHOW FULL TABLES WHERE table_type = 'BASE TABLE') at /home/fredy/Documentos/Prueba_tecnica/proyecto-prueba/backend-legacy-laravel8/vendor/laravel/framework/src/Illuminate/Database/Connection.php:712)
[stacktrace]
#0 /home/fredy/Documentos/Prueba_tecnica/proyecto-prueba/backend-legacy-laravel8/vendor/laravel/framework/src/Illuminate/Database/Connection.php(784): Illuminate\\Database\\Connection->runQueryCallback()
#1 /home/fredy/Documentos/Prueba_tecnica/proyecto-prueba/backend-legacy-laravel8/vendor/laravel/framework/src/Illuminate/Database/Connection.php(763): Illuminate\\Database\\Connection->tryAgainIfCausedByLostConnection()
#2 /home/fredy/Documentos/Prueba_tecnica/proyecto-prueba/backend-legacy-laravel8/vendor/laravel/framework/src/Illuminate/Database/Connection.php(674): Illuminate\\Database\\Connection->handleQueryException()
#3 /home/fredy/Documentos/Prueba_tecnica/proyecto-prueba/backend-legacy-laravel8/vendor/laravel/framework/src/Illuminate/Database/Connection.php(359): Illuminate\\Database\\Connection->run()
#4 /home/fredy/Documentos/Prueba_tecnica/proyecto-prueba/backend-legacy-laravel8/vendor/laravel/framework/src/Illuminate/Database/Schema/MySqlBuilder.php(124): Illuminate\\Database\\Connection->select()
#5 /home/fredy/Documentos/Prueba_tecnica/proyecto-prueba/backend-legacy-laravel8/vendor/laravel/framework/src/Illuminate/Database/Schema/MySqlBuilder.php(74): Illuminate\\Database\\Schema\\MySqlBuilder->getAllTables()
#6 /home/fredy/Documentos/Prueba_tecnica/proyecto-prueba/backend-legacy-laravel8/vendor/laravel/framework/src/Illuminate/Database/Console/WipeCommand.php(69): Illuminate\\Database\\Schema\\MySqlBuilder->dropAllTables()
#7 /home/fredy/Documentos/Prueba_tecnica/proyecto-prueba/backend-legacy-laravel8/vendor/laravel/framework/src/Illuminate/Database/Console/WipeCommand.php(46): Illuminate\\Database\\Console\\WipeCommand->dropAllTables()
#8 /home/fredy/Documentos/Prueba_tecnica/proyecto-prueba/backend-legacy-laravel8/vendor/laravel/framework/src/Illuminate/Container/BoundMethod.php(36): Illuminate\\Database\\Console\\WipeCommand->handle()
#9 /home/fredy/Documentos/Prueba_tecnica/proyecto-prueba/backend-legacy-laravel8/vendor/laravel/framework/src/Illuminate/Container/Util.php(40): Illuminate\\Container\\BoundMethod::{closure:Illuminate\\Container\\BoundMethod::call():35}()
#10 /home/fredy/Documentos/Prueba_tecnica/proyecto-prueba/backend-legacy-laravel8/vendor/laravel/framework/src/Illuminate/Container/BoundMethod.php(93): Illuminate\\Container\\Util::unwrapIfClosure()
#11 /home/fredy/Documentos/Prueba_tecnica/proyecto-prueba/backend-legacy-laravel8/vendor/laravel/framework/src/Illuminate/Container/BoundMethod.php(35): Illuminate\\Container\\BoundMethod::callBoundMethod()
#12 /home/fredy/Documentos/Prueba_tecnica/proyecto-prueba/backend-legacy-laravel8/vendor/laravel/framework/src/Illuminate/Container/Container.php(653): Illuminate\\Container\\BoundMethod::call()
#13 /home/fredy/Documentos/Prueba_tecnica/proyecto-prueba/backend-legacy-laravel8/vendor/laravel/framework/src/Illuminate/Console/Command.php(136): Illuminate\\Container\\Container->call()
#14 /home/fredy/Documentos/Prueba_tecnica/proyecto-prueba/backend-legacy-laravel8/vendor/symfony/console/Command/Command.php(298): Illuminate\\Console\\Command->execute()
#15 /home/fredy/Documentos/Prueba_tecnica/proyecto-prueba/backend-legacy-laravel8/vendor/laravel/framework/src/Illuminate/Console/Command.php(120): Symfony\\Component\\Console\\Command\\Command->run()
#16 /home/fredy/Documentos/Prueba_tecnica/proyecto-prueba/backend-legacy-laravel8/vendor/laravel/framework/src/Illuminate/Console/Concerns/CallsCommands.php(67): Illuminate\\Console\\Command->run()
#17 /home/fredy/Documentos/Prueba_tecnica/proyecto-prueba/backend-legacy-laravel8/vendor/laravel/framework/src/Illuminate/Console/Concerns/CallsCommands.php(28): Illuminate\\Console\\Command->runCommand()
#18 /home/fredy/Documentos/Prueba_tecnica/proyecto-prueba/backend-legacy-laravel8/vendor/laravel/framework/src/Illuminate/Database/Console/Migrations/FreshCommand.php(42): Illuminate\\Console\\Command->call()
#19 /home/fredy/Documentos/Prueba_tecnica/proyecto-prueba/backend-legacy-laravel8/vendor/laravel/framework/src/Illuminate/Container/BoundMethod.php(36): Illuminate\\Database\\Console\\Migrations\\FreshCommand->handle()
#20 /home/fredy/Documentos/Prueba_tecnica/proyecto-prueba/backend-legacy-laravel8/vendor/laravel/framework/src/Illuminate/Container/Util.php(40): Illuminate\\Container\\BoundMethod::{closure:Illuminate\\Container\\BoundMethod::call():35}()
#21 /home/fredy/Documentos/Prueba_tecnica/proyecto-prueba/backend-legacy-laravel8/vendor/laravel/framework/src/Illuminate/Container/BoundMethod.php(93): Illuminate\\Container\\Util::unwrapIfClosure()
#22 /home/fredy/Documentos/Prueba_tecnica/proyecto-prueba/backend-legacy-laravel8/vendor/laravel/framework/src/Illuminate/Container/BoundMethod.php(35): Illuminate\\Container\\BoundMethod::callBoundMethod()
#23 /home/fredy/Documentos/Prueba_tecnica/proyecto-prueba/backend-legacy-laravel8/vendor/laravel/framework/src/Illuminate/Container/Container.php(653): Illuminate\\Container\\BoundMethod::call()
#24 /home/fredy/Documentos/Prueba_tecnica/proyecto-prueba/backend-legacy-laravel8/vendor/laravel/framework/src/Illuminate/Console/Command.php(136): Illuminate\\Container\\Container->call()
#25 /home/fredy/Documentos/Prueba_tecnica/proyecto-prueba/backend-legacy-laravel8/vendor/symfony/console/Command/Command.php(298): Illuminate\\Console\\Command->execute()
#26 /home/fredy/Documentos/Prueba_tecnica/proyecto-prueba/backend-legacy-laravel8/vendor/laravel/framework/src/Illuminate/Console/Command.php(120): Symfony\\Component\\Console\\Command\\Command->run()
#27 /home/fredy/Documentos/Prueba_tecnica/proyecto-prueba/backend-legacy-laravel8/vendor/symfony/console/Application.php(1040): Illuminate\\Console\\Command->run()
#28 /home/fredy/Documentos/Prueba_tecnica/proyecto-prueba/backend-legacy-laravel8/vendor/symfony/console/Application.php(301): Symfony\\Component\\Console\\Application->doRunCommand()
#29 /home/fredy/Documentos/Prueba_tecnica/proyecto-prueba/backend-legacy-laravel8/vendor/symfony/console/Application.php(171): Symfony\\Component\\Console\\Application->doRun()
#30 /home/fredy/Documentos/Prueba_tecnica/proyecto-prueba/backend-legacy-laravel8/vendor/laravel/framework/src/Illuminate/Console/Application.php(94): Symfony\\Component\\Console\\Application->run()
#31 /home/fredy/Documentos/Prueba_tecnica/proyecto-prueba/backend-legacy-laravel8/vendor/laravel/framework/src/Illuminate/Foundation/Console/Kernel.php(129): Illuminate\\Console\\Application->run()
#32 /home/fredy/Documentos/Prueba_tecnica/proyecto-prueba/backend-legacy-laravel8/artisan(12): Illuminate\\Foundation\\Console\\Kernel->handle()
#33 {main}

[previous exception] [object] (PDOException(code: 2002): SQLSTATE[HY000] [2002] php_network_getaddresses: getaddrinfo for mysql failed: Temporary failure in name resolution at /home/fredy/Documentos/Prueba_tecnica/proyecto-prueba/backend-legacy-laravel8/vendor/laravel/framework/src/Illuminate/Database/Connectors/Connector.php:70)
[stacktrace]
#0 /home/fredy/Documentos/Prueba_tecnica/proyecto-prueba/backend-legacy-laravel8/vendor/laravel/framework/src/Illuminate/Database/Connectors/Connector.php(70): PDO->__construct()
#1 /home/fredy/Documentos/Prueba_tecnica/proyecto-prueba/backend-legacy-laravel8/vendor/laravel/framework/src/Illuminate/Database/Connectors/Connector.php(100): Illuminate\\Database\\Connectors\\Connector->createPdoConnection()
#2 /home/fredy/Documentos/Prueba_tecnica/proyecto-prueba/backend-legacy-laravel8/vendor/laravel/framework/src/Illuminate/Database/Connectors/Connector.php(49): Illuminate\\Database\\Connectors\\Connector->tryAgainIfCausedByLostConnection()
#3 /home/fredy/Documentos/Prueba_tecnica/proyecto-prueba/backend-legacy-laravel8/vendor/laravel/framework/src/Illuminate/Database/Connectors/MySqlConnector.php(24): Illuminate\\Database\\Connectors\\Connector->createConnection()
#4 /home/fredy/Documentos/Prueba_tecnica/proyecto-prueba/backend-legacy-laravel8/vendor/laravel/framework/src/Illuminate/Database/Connectors/ConnectionFactory.php(184): Illuminate\\Database\\Connectors\\MySqlConnector->connect()
#5 [internal function]: Illuminate\\Database\\Connectors\\ConnectionFactory->{closure:Illuminate\\Database\\Connectors\\ConnectionFactory::createPdoResolverWithHosts():179}()
#6 /home/fredy/Documentos/Prueba_tecnica/proyecto-prueba/backend-legacy-laravel8/vendor/laravel/framework/src/Illuminate/Database/Connection.php(1064): call_user_func()
#7 /home/fredy/Documentos/Prueba_tecnica/proyecto-prueba/backend-legacy-laravel8/vendor/laravel/framework/src/Illuminate/Database/Connection.php(1100): Illuminate\\Database\\Connection->getPdo()
#8 /home/fredy/Documentos/Prueba_tecnica/proyecto-prueba/backend-legacy-laravel8/vendor/laravel/framework/src/Illuminate/Database/Connection.php(442): Illuminate\\Database\\Connection->getReadPdo()
#9 /home/fredy/Documentos/Prueba_tecnica/proyecto-prueba/backend-legacy-laravel8/vendor/laravel/framework/src/Illuminate/Database/Connection.php(368): Illuminate\\Database\\Connection->getPdoForSelect()
#10 /home/fredy/Documentos/Prueba_tecnica/proyecto-prueba/backend-legacy-laravel8/vendor/laravel/framework/src/Illuminate/Database/Connection.php(705): Illuminate\\Database\\Connection->{closure:Illuminate\\Database\\Connection::select():359}()
#11 /home/fredy/Documentos/Prueba_tecnica/proyecto-prueba/backend-legacy-laravel8/vendor/laravel/framework/src/Illuminate/Database/Connection.php(784): Illuminate\\Database\\Connection->runQueryCallback()
#12 /home/fredy/Documentos/Prueba_tecnica/proyecto-prueba/backend-legacy-laravel8/vendor/laravel/framework/src/Illuminate/Database/Connection.php(763): Illuminate\\Database\\Connection->tryAgainIfCausedByLostConnection()
#13 /home/fredy/Documentos/Prueba_tecnica/proyecto-prueba/backend-legacy-laravel8/vendor/laravel/framework/src/Illuminate/Database/Connection.php(674): Illuminate\\Database\\Connection->handleQueryException()
#14 /home/fredy/Documentos/Prueba_tecnica/proyecto-prueba/backend-legacy-laravel8/vendor/laravel/framework/src/Illuminate/Database/Connection.php(359): Illuminate\\Database\\Connection->run()
#15 /home/fredy/Documentos/Prueba_tecnica/proyecto-prueba/backend-legacy-laravel8/vendor/laravel/framework/src/Illuminate/Database/Schema/MySqlBuilder.php(124): Illuminate\\Database\\Connection->select()
#16 /home/fredy/Documentos/Prueba_tecnica/proyecto-prueba/backend-legacy-laravel8/vendor/laravel/framework/src/Illuminate/Database/Schema/MySqlBuilder.php(74): Illuminate\\Database\\Schema\\MySqlBuilder->getAllTables()
#17 /home/fredy/Documentos/Prueba_tecnica/proyecto-prueba/backend-legacy-laravel8/vendor/laravel/framework/src/Illuminate/Database/Console/WipeCommand.php(69): Illuminate\\Database\\Schema\\MySqlBuilder->dropAllTables()
#18 /home/fredy/Documentos/Prueba_tecnica/proyecto-prueba/backend-legacy-laravel8/vendor/laravel/framework/src/Illuminate/Database/Console/WipeCommand.php(46): Illuminate\\Database\\Console\\WipeCommand->dropAllTables()
#19 /home/fredy/Documentos/Prueba_tecnica/proyecto-prueba/backend-legacy-laravel8/vendor/laravel/framework/src/Illuminate/Container/BoundMethod.php(36): Illuminate\\Database\\Console\\WipeCommand->handle()
#20 /home/fredy/Documentos/Prueba_tecnica/proyecto-prueba/backend-legacy-laravel8/vendor/laravel/framework/src/Illuminate/Container/Util.php(40): Illuminate\\Container\\BoundMethod::{closure:Illuminate\\Container\\BoundMethod::call():35}()
#21 /home/fredy/Documentos/Prueba_tecnica/proyecto-prueba/backend-legacy-laravel8/vendor/laravel/framework/src/Illuminate/Container/BoundMethod.php(93): Illuminate\\Container\\Util::unwrapIfClosure()
#22 /home/fredy/Documentos/Prueba_tecnica/proyecto-prueba/backend-legacy-laravel8/vendor/laravel/framework/src/Illuminate/Container/BoundMethod.php(35): Illuminate\\Container\\BoundMethod::callBoundMethod()
#23 /home/fredy/Documentos/Prueba_tecnica/proyecto-prueba/backend-legacy-laravel8/vendor/laravel/framework/src/Illuminate/Container/Container.php(653): Illuminate\\Container\\BoundMethod::call()
#24 /home/fredy/Documentos/Prueba_tecnica/proyecto-prueba/backend-legacy-laravel8/vendor/laravel/framework/src/Illuminate/Console/Command.php(136): Illuminate\\Container\\Container->call()
#25 /home/fredy/Documentos/Prueba_tecnica/proyecto-prueba/backend-legacy-laravel8/vendor/symfony/console/Command/Command.php(298): Illuminate\\Console\\Command->execute()
#26 /home/fredy/Documentos/Prueba_tecnica/proyecto-prueba/backend-legacy-laravel8/vendor/laravel/framework/src/Illuminate/Console/Command.php(120): Symfony\\Component\\Console\\Command\\Command->run()
#27 /home/fredy/Documentos/Prueba_tecnica/proyecto-prueba/backend-legacy-laravel8/vendor/laravel/framework/src/Illuminate/Console/Concerns/CallsCommands.php(67): Illuminate\\Console\\Command->run()
#28 /home/fredy/Documentos/Prueba_tecnica/proyecto-prueba/backend-legacy-laravel8/vendor/laravel/framework/src/Illuminate/Console/Concerns/CallsCommands.php(28): Illuminate\\Console\\Command->runCommand()
#29 /home/fredy/Documentos/Prueba_tecnica/proyecto-prueba/backend-legacy-laravel8/vendor/laravel/framework/src/Illuminate/Database/Console/Migrations/FreshCommand.php(42): Illuminate\\Console\\Command->call()
#30 /home/fredy/Documentos/Prueba_tecnica/proyecto-prueba/backend-legacy-laravel8/vendor/laravel/framework/src/Illuminate/Container/BoundMethod.php(36): Illuminate\\Database\\Console\\Migrations\\FreshCommand->handle()
#31 /home/fredy/Documentos/Prueba_tecnica/proyecto-prueba/backend-legacy-laravel8/vendor/laravel/framework/src/Illuminate/Container/Util.php(40): Illuminate\\Container\\BoundMethod::{closure:Illuminate\\Container\\BoundMethod::call():35}()
#32 /home/fredy/Documentos/Prueba_tecnica/proyecto-prueba/backend-legacy-laravel8/vendor/laravel/framework/src/Illuminate/Container/BoundMethod.php(93): Illuminate\\Container\\Util::unwrapIfClosure()
#33 /home/fredy/Documentos/Prueba_tecnica/proyecto-prueba/backend-legacy-laravel8/vendor/laravel/framework/src/Illuminate/Container/BoundMethod.php(35): Illuminate\\Container\\BoundMethod::callBoundMethod()
#34 /home/fredy/Documentos/Prueba_tecnica/proyecto-prueba/backend-legacy-laravel8/vendor/laravel/framework/src/Illuminate/Container/Container.php(653): Illuminate\\Container\\BoundMethod::call()
#35 /home/fredy/Documentos/Prueba_tecnica/proyecto-prueba/backend-legacy-laravel8/vendor/laravel/framework/src/Illuminate/Console/Command.php(136): Illuminate\\Container\\Container->call()
#36 /home/fredy/Documentos/Prueba_tecnica/proyecto-prueba/backend-legacy-laravel8/vendor/symfony/console/Command/Command.php(298): Illuminate\\Console\\Command->execute()
#37 /home/fredy/Documentos/Prueba_tecnica/proyecto-prueba/backend-legacy-laravel8/vendor/laravel/framework/src/Illuminate/Console/Command.php(120): Symfony\\Component\\Console\\Command\\Command->run()
#38 /home/fredy/Documentos/Prueba_tecnica/proyecto-prueba/backend-legacy-laravel8/vendor/symfony/console/Application.php(1040): Illuminate\\Console\\Command->run()
#39 /home/fredy/Documentos/Prueba_tecnica/proyecto-prueba/backend-legacy-laravel8/vendor/symfony/console/Application.php(301): Symfony\\Component\\Console\\Application->doRunCommand()
#40 /home/fredy/Documentos/Prueba_tecnica/proyecto-prueba/backend-legacy-laravel8/vendor/symfony/console/Application.php(171): Symfony\\Component\\Console\\Application->doRun()
#41 /home/fredy/Documentos/Prueba_tecnica/proyecto-prueba/backend-legacy-laravel8/vendor/laravel/framework/src/Illuminate/Console/Application.php(94): Symfony\\Component\\Console\\Application->run()
#42 /home/fredy/Documentos/Prueba_tecnica/proyecto-prueba/backend-legacy-laravel8/vendor/laravel/framework/src/Illuminate/Foundation/Console/Kernel.php(129): Illuminate\\Console\\Application->run()
#43 /home/fredy/Documentos/Prueba_tecnica/proyecto-prueba/backend-legacy-laravel8/artisan(12): Illuminate\\Foundation\\Console\\Kernel->handle()
#44 {main}

[previous exception] [object] (PDOException(code: 0): PDO::__construct(): php_network_getaddresses: getaddrinfo for mysql failed: Temporary failure in name resolution at /home/fredy/Documentos/Prueba_tecnica/proyecto-prueba/backend-legacy-laravel8/vendor/laravel/framework/src/Illuminate/Database/Connectors/Connector.php:70)
[stacktrace]
#0 /home/fredy/Documentos/Prueba_tecnica/proyecto-prueba/backend-legacy-laravel8/vendor/laravel/framework/src/Illuminate/Database/Connectors/Connector.php(70): PDO->__construct()
#1 /home/fredy/Documentos/Prueba_tecnica/proyecto-prueba/backend-legacy-laravel8/vendor/laravel/framework/src/Illuminate/Database/Connectors/Connector.php(100): Illuminate\\Database\\Connectors\\Connector->createPdoConnection()
#2 /home/fredy/Documentos/Prueba_tecnica/proyecto-prueba/backend-legacy-laravel8/vendor/laravel/framework/src/Illuminate/Database/Connectors/Connector.php(49): Illuminate\\Database\\Connectors\\Connector->tryAgainIfCausedByLostConnection()
#3 /home/fredy/Documentos/Prueba_tecnica/proyecto-prueba/backend-legacy-laravel8/vendor/laravel/framework/src/Illuminate/Database/Connectors/MySqlConnector.php(24): Illuminate\\Database\\Connectors\\Connector->createConnection()
#4 /home/fredy/Documentos/Prueba_tecnica/proyecto-prueba/backend-legacy-laravel8/vendor/laravel/framework/src/Illuminate/Database/Connectors/ConnectionFactory.php(184): Illuminate\\Database\\Connectors\\MySqlConnector->connect()
#5 [internal function]: Illuminate\\Database\\Connectors\\ConnectionFactory->{closure:Illuminate\\Database\\Connectors\\ConnectionFactory::createPdoResolverWithHosts():179}()
#6 /home/fredy/Documentos/Prueba_tecnica/proyecto-prueba/backend-legacy-laravel8/vendor/laravel/framework/src/Illuminate/Database/Connection.php(1064): call_user_func()
#7 /home/fredy/Documentos/Prueba_tecnica/proyecto-prueba/backend-legacy-laravel8/vendor/laravel/framework/src/Illuminate/Database/Connection.php(1100): Illuminate\\Database\\Connection->getPdo()
#8 /home/fredy/Documentos/Prueba_tecnica/proyecto-prueba/backend-legacy-laravel8/vendor/laravel/framework/src/Illuminate/Database/Connection.php(442): Illuminate\\Database\\Connection->getReadPdo()
#9 /home/fredy/Documentos/Prueba_tecnica/proyecto-prueba/backend-legacy-laravel8/vendor/laravel/framework/src/Illuminate/Database/Connection.php(368): Illuminate\\Database\\Connection->getPdoForSelect()
#10 /home/fredy/Documentos/Prueba_tecnica/proyecto-prueba/backend-legacy-laravel8/vendor/laravel/framework/src/Illuminate/Database/Connection.php(705): Illuminate\\Database\\Connection->{closure:Illuminate\\Database\\Connection::select():359}()
#11 /home/fredy/Documentos/Prueba_tecnica/proyecto-prueba/backend-legacy-laravel8/vendor/laravel/framework/src/Illuminate/Database/Connection.php(784): Illuminate\\Database\\Connection->runQueryCallback()
#12 /home/fredy/Documentos/Prueba_tecnica/proyecto-prueba/backend-legacy-laravel8/vendor/laravel/framework/src/Illuminate/Database/Connection.php(763): Illuminate\\Database\\Connection->tryAgainIfCausedByLostConnection()
#13 /home/fredy/Documentos/Prueba_tecnica/proyecto-prueba/backend-legacy-laravel8/vendor/laravel/framework/src/Illuminate/Database/Connection.php(674): Illuminate\\Database\\Connection->handleQueryException()
#14 /home/fredy/Documentos/Prueba_tecnica/proyecto-prueba/backend-legacy-laravel8/vendor/laravel/framework/src/Illuminate/Database/Connection.php(359): Illuminate\\Database\\Connection->run()
#15 /home/fredy/Documentos/Prueba_tecnica/proyecto-prueba/backend-legacy-laravel8/vendor/laravel/framework/src/Illuminate/Database/Schema/MySqlBuilder.php(124): Illuminate\\Database\\Connection->select()
#16 /home/fredy/Documentos/Prueba_tecnica/proyecto-prueba/backend-legacy-laravel8/vendor/laravel/framework/src/Illuminate/Database/Schema/MySqlBuilder.php(74): Illuminate\\Database\\Schema\\MySqlBuilder->getAllTables()
#17 /home/fredy/Documentos/Prueba_tecnica/proyecto-prueba/backend-legacy-laravel8/vendor/laravel/framework/src/Illuminate/Database/Console/WipeCommand.php(69): Illuminate\\Database\\Schema\\MySqlBuilder->dropAllTables()
#18 /home/fredy/Documentos/Prueba_tecnica/proyecto-prueba/backend-legacy-laravel8/vendor/laravel/framework/src/Illuminate/Database/Console/WipeCommand.php(46): Illuminate\\Database\\Console\\WipeCommand->dropAllTables()
#19 /home/fredy/Documentos/Prueba_tecnica/proyecto-prueba/backend-legacy-laravel8/vendor/laravel/framework/src/Illuminate/Container/BoundMethod.php(36): Illuminate\\Database\\Console\\WipeCommand->handle()
#20 /home/fredy/Documentos/Prueba_tecnica/proyecto-prueba/backend-legacy-laravel8/vendor/laravel/framework/src/Illuminate/Container/Util.php(40): Illuminate\\Container\\BoundMethod::{closure:Illuminate\\Container\\BoundMethod::call():35}()
#21 /home/fredy/Documentos/Prueba_tecnica/proyecto-prueba/backend-legacy-laravel8/vendor/laravel/framework/src/Illuminate/Container/BoundMethod.php(93): Illuminate\\Container\\Util::unwrapIfClosure()
#22 /home/fredy/Documentos/Prueba_tecnica/proyecto-prueba/backend-legacy-laravel8/vendor/laravel/framework/src/Illuminate/Container/BoundMethod.php(35): Illuminate\\Container\\BoundMethod::callBoundMethod()
#23 /home/fredy/Documentos/Prueba_tecnica/proyecto-prueba/backend-legacy-laravel8/vendor/laravel/framework/src/Illuminate/Container/Container.php(653): Illuminate\\Container\\BoundMethod::call()
#24 /home/fredy/Documentos/Prueba_tecnica/proyecto-prueba/backend-legacy-laravel8/vendor/laravel/framework/src/Illuminate/Console/Command.php(136): Illuminate\\Container\\Container->call()
#25 /home/fredy/Documentos/Prueba_tecnica/proyecto-prueba/backend-legacy-laravel8/vendor/symfony/console/Command/Command.php(298): Illuminate\\Console\\Command->execute()
#26 /home/fredy/Documentos/Prueba_tecnica/proyecto-prueba/backend-legacy-laravel8/vendor/laravel/framework/src/Illuminate/Console/Command.php(120): Symfony\\Component\\Console\\Command\\Command->run()
#27 /home/fredy/Documentos/Prueba_tecnica/proyecto-prueba/backend-legacy-laravel8/vendor/laravel/framework/src/Illuminate/Console/Concerns/CallsCommands.php(67): Illuminate\\Console\\Command->run()
#28 /home/fredy/Documentos/Prueba_tecnica/proyecto-prueba/backend-legacy-laravel8/vendor/laravel/framework/src/Illuminate/Console/Concerns/CallsCommands.php(28): Illuminate\\Console\\Command->runCommand()
#29 /home/fredy/Documentos/Prueba_tecnica/proyecto-prueba/backend-legacy-laravel8/vendor/laravel/framework/src/Illuminate/Database/Console/Migrations/FreshCommand.php(42): Illuminate\\Console\\Command->call()
#30 /home/fredy/Documentos/Prueba_tecnica/proyecto-prueba/backend-legacy-laravel8/vendor/laravel/framework/src/Illuminate/Container/BoundMethod.php(36): Illuminate\\Database\\Console\\Migrations\\FreshCommand->handle()
#31 /home/fredy/Documentos/Prueba_tecnica/proyecto-prueba/backend-legacy-laravel8/vendor/laravel/framework/src/Illuminate/Container/Util.php(40): Illuminate\\Container\\BoundMethod::{closure:Illuminate\\Container\\BoundMethod::call():35}()
#32 /home/fredy/Documentos/Prueba_tecnica/proyecto-prueba/backend-legacy-laravel8/vendor/laravel/framework/src/Illuminate/Container/BoundMethod.php(93): Illuminate\\Container\\Util::unwrapIfClosure()
#33 /home/fredy/Documentos/Prueba_tecnica/proyecto-prueba/backend-legacy-laravel8/vendor/laravel/framework/src/Illuminate/Container/BoundMethod.php(35): Illuminate\\Container\\BoundMethod::callBoundMethod()
#34 /home/fredy/Documentos/Prueba_tecnica/proyecto-prueba/backend-legacy-laravel8/vendor/laravel/framework/src/Illuminate/Container/Container.php(653): Illuminate\\Container\\BoundMethod::call()
#35 /home/fredy/Documentos/Prueba_tecnica/proyecto-prueba/backend-legacy-laravel8/vendor/laravel/framework/src/Illuminate/Console/Command.php(136): Illuminate\\Container\\Container->call()
#36 /home/fredy/Documentos/Prueba_tecnica/proyecto-prueba/backend-legacy-laravel8/vendor/symfony/console/Command/Command.php(298): Illuminate\\Console\\Command->execute()
#37 /home/fredy/Documentos/Prueba_tecnica/proyecto-prueba/backend-legacy-laravel8/vendor/laravel/framework/src/Illuminate/Console/Command.php(120): Symfony\\Component\\Console\\Command\\Command->run()
#38 /home/fredy/Documentos/Prueba_tecnica/proyecto-prueba/backend-legacy-laravel8/vendor/symfony/console/Application.php(1040): Illuminate\\Console\\Command->run()
#39 /home/fredy/Documentos/Prueba_tecnica/proyecto-prueba/backend-legacy-laravel8/vendor/symfony/console/Application.php(301): Symfony\\Component\\Console\\Application->doRunCommand()
#40 /home/fredy/Documentos/Prueba_tecnica/proyecto-prueba/backend-legacy-laravel8/vendor/symfony/console/Application.php(171): Symfony\\Component\\Console\\Application->doRun()
#41 /home/fredy/Documentos/Prueba_tecnica/proyecto-prueba/backend-legacy-laravel8/vendor/laravel/framework/src/Illuminate/Console/Application.php(94): Symfony\\Component\\Console\\Application->run()
#42 /home/fredy/Documentos/Prueba_tecnica/proyecto-prueba/backend-legacy-laravel8/vendor/laravel/framework/src/Illuminate/Foundation/Console/Kernel.php(129): Illuminate\\Console\\Application->run()
#43 /home/fredy/Documentos/Prueba_tecnica/proyecto-prueba/backend-legacy-laravel8/artisan(12): Illuminate\\Foundation\\Console\\Kernel->handle()
#44 {main}
"} 
[2026-05-18 18:13:48] local.ERROR: SQLSTATE[HY000] [2006] MySQL server has gone away (SQL: insert into `products` (`name`, `description`, `price`, `stock`, `category_id`, `status`, `created_at`, `updated_at`) values (Producto Legacy 9045, Producto generado para prueba de rendimiento 9045, 112.13, 31, 10, 0, 2026-02-21 18:13:48, 2026-05-18 18:13:48)) {"exception":"[object] (Illuminate\\Database\\QueryException(code: 2006): SQLSTATE[HY000] [2006] MySQL server has gone away (SQL: insert into `products` (`name`, `description`, `price`, `stock`, `category_id`, `status`, `created_at`, `updated_at`) values (Producto Legacy 9045, Producto generado para prueba de rendimiento 9045, 112.13, 31, 10, 0, 2026-02-21 18:13:48, 2026-05-18 18:13:48)) at /home/fredy/Documentos/Prueba_tecnica/proyecto-prueba/backend-legacy-laravel8/vendor/laravel/framework/src/Illuminate/Database/Connection.php:712)
[stacktrace]
#0 /home/fredy/Documentos/Prueba_tecnica/proyecto-prueba/backend-legacy-laravel8/vendor/laravel/framework/src/Illuminate/Database/Connection.php(784): Illuminate\\Database\\Connection->runQueryCallback()
#1 /home/fredy/Documentos/Prueba_tecnica/proyecto-prueba/backend-legacy-laravel8/vendor/laravel/framework/src/Illuminate/Database/Connection.php(763): Illuminate\\Database\\Connection->tryAgainIfCausedByLostConnection()
#2 /home/fredy/Documentos/Prueba_tecnica/proyecto-prueba/backend-legacy-laravel8/vendor/laravel/framework/src/Illuminate/Database/Connection.php(674): Illuminate\\Database\\Connection->handleQueryException()
#3 /home/fredy/Documentos/Prueba_tecnica/proyecto-prueba/backend-legacy-laravel8/vendor/laravel/framework/src/Illuminate/Database/Connection.php(490): Illuminate\\Database\\Connection->run()
#4 /home/fredy/Documentos/Prueba_tecnica/proyecto-prueba/backend-legacy-laravel8/vendor/laravel/framework/src/Illuminate/Database/Connection.php(454): Illuminate\\Database\\Connection->statement()
#5 /home/fredy/Documentos/Prueba_tecnica/proyecto-prueba/backend-legacy-laravel8/vendor/laravel/framework/src/Illuminate/Database/Query/Builder.php(2978): Illuminate\\Database\\Connection->insert()
#6 /home/fredy/Documentos/Prueba_tecnica/proyecto-prueba/backend-legacy-laravel8/database/seeders/DatabaseSeeder.php(35): Illuminate\\Database\\Query\\Builder->insert()
#7 /home/fredy/Documentos/Prueba_tecnica/proyecto-prueba/backend-legacy-laravel8/vendor/laravel/framework/src/Illuminate/Container/BoundMethod.php(36): Database\\Seeders\\DatabaseSeeder->run()
#8 /home/fredy/Documentos/Prueba_tecnica/proyecto-prueba/backend-legacy-laravel8/vendor/laravel/framework/src/Illuminate/Container/Util.php(40): Illuminate\\Container\\BoundMethod::{closure:Illuminate\\Container\\BoundMethod::call():35}()
#9 /home/fredy/Documentos/Prueba_tecnica/proyecto-prueba/backend-legacy-laravel8/vendor/laravel/framework/src/Illuminate/Container/BoundMethod.php(93): Illuminate\\Container\\Util::unwrapIfClosure()
#10 /home/fredy/Documentos/Prueba_tecnica/proyecto-prueba/backend-legacy-laravel8/vendor/laravel/framework/src/Illuminate/Container/BoundMethod.php(35): Illuminate\\Container\\BoundMethod::callBoundMethod()
#11 /home/fredy/Documentos/Prueba_tecnica/proyecto-prueba/backend-legacy-laravel8/vendor/laravel/framework/src/Illuminate/Container/Container.php(653): Illuminate\\Container\\BoundMethod::call()
#12 /home/fredy/Documentos/Prueba_tecnica/proyecto-prueba/backend-legacy-laravel8/vendor/laravel/framework/src/Illuminate/Database/Seeder.php(149): Illuminate\\Container\\Container->call()
#13 /home/fredy/Documentos/Prueba_tecnica/proyecto-prueba/backend-legacy-laravel8/vendor/laravel/framework/src/Illuminate/Database/Console/Seeds/SeedCommand.php(66): Illuminate\\Database\\Seeder->__invoke()
#14 /home/fredy/Documentos/Prueba_tecnica/proyecto-prueba/backend-legacy-laravel8/vendor/laravel/framework/src/Illuminate/Database/Eloquent/Concerns/GuardsAttributes.php(157): Illuminate\\Database\\Console\\Seeds\\SeedCommand->{closure:Illuminate\\Database\\Console\\Seeds\\SeedCommand::handle():65}()
#15 /home/fredy/Documentos/Prueba_tecnica/proyecto-prueba/backend-legacy-laravel8/vendor/laravel/framework/src/Illuminate/Database/Console/Seeds/SeedCommand.php(65): Illuminate\\Database\\Eloquent\\Model::unguarded()
#16 /home/fredy/Documentos/Prueba_tecnica/proyecto-prueba/backend-legacy-laravel8/vendor/laravel/framework/src/Illuminate/Container/BoundMethod.php(36): Illuminate\\Database\\Console\\Seeds\\SeedCommand->handle()
#17 /home/fredy/Documentos/Prueba_tecnica/proyecto-prueba/backend-legacy-laravel8/vendor/laravel/framework/src/Illuminate/Container/Util.php(40): Illuminate\\Container\\BoundMethod::{closure:Illuminate\\Container\\BoundMethod::call():35}()
#18 /home/fredy/Documentos/Prueba_tecnica/proyecto-prueba/backend-legacy-laravel8/vendor/laravel/framework/src/Illuminate/Container/BoundMethod.php(93): Illuminate\\Container\\Util::unwrapIfClosure()
#19 /home/fredy/Documentos/Prueba_tecnica/proyecto-prueba/backend-legacy-laravel8/vendor/laravel/framework/src/Illuminate/Container/BoundMethod.php(35): Illuminate\\Container\\BoundMethod::callBoundMethod()
#20 /home/fredy/Documentos/Prueba_tecnica/proyecto-prueba/backend-legacy-laravel8/vendor/laravel/framework/src/Illuminate/Container/Container.php(653): Illuminate\\Container\\BoundMethod::call()
#21 /home/fredy/Documentos/Prueba_tecnica/proyecto-prueba/backend-legacy-laravel8/vendor/laravel/framework/src/Illuminate/Console/Command.php(136): Illuminate\\Container\\Container->call()
#22 /home/fredy/Documentos/Prueba_tecnica/proyecto-prueba/backend-legacy-laravel8/vendor/symfony/console/Command/Command.php(298): Illuminate\\Console\\Command->execute()
#23 /home/fredy/Documentos/Prueba_tecnica/proyecto-prueba/backend-legacy-laravel8/vendor/laravel/framework/src/Illuminate/Console/Command.php(120): Symfony\\Component\\Console\\Command\\Command->run()
#24 /home/fredy/Documentos/Prueba_tecnica/proyecto-prueba/backend-legacy-laravel8/vendor/laravel/framework/src/Illuminate/Console/Concerns/CallsCommands.php(67): Illuminate\\Console\\Command->run()
#25 /home/fredy/Documentos/Prueba_tecnica/proyecto-prueba/backend-legacy-laravel8/vendor/laravel/framework/src/Illuminate/Console/Concerns/CallsCommands.php(28): Illuminate\\Console\\Command->runCommand()
#26 /home/fredy/Documentos/Prueba_tecnica/proyecto-prueba/backend-legacy-laravel8/vendor/laravel/framework/src/Illuminate/Database/Console/Migrations/FreshCommand.php(89): Illuminate\\Console\\Command->call()
#27 /home/fredy/Documentos/Prueba_tecnica/proyecto-prueba/backend-legacy-laravel8/vendor/laravel/framework/src/Illuminate/Database/Console/Migrations/FreshCommand.php(65): Illuminate\\Database\\Console\\Migrations\\FreshCommand->runSeeder()
#28 /home/fredy/Documentos/Prueba_tecnica/proyecto-prueba/backend-legacy-laravel8/vendor/laravel/framework/src/Illuminate/Container/BoundMethod.php(36): Illuminate\\Database\\Console\\Migrations\\FreshCommand->handle()
#29 /home/fredy/Documentos/Prueba_tecnica/proyecto-prueba/backend-legacy-laravel8/vendor/laravel/framework/src/Illuminate/Container/Util.php(40): Illuminate\\Container\\BoundMethod::{closure:Illuminate\\Container\\BoundMethod::call():35}()
#30 /home/fredy/Documentos/Prueba_tecnica/proyecto-prueba/backend-legacy-laravel8/vendor/laravel/framework/src/Illuminate/Container/BoundMethod.php(93): Illuminate\\Container\\Util::unwrapIfClosure()
#31 /home/fredy/Documentos/Prueba_tecnica/proyecto-prueba/backend-legacy-laravel8/vendor/laravel/framework/src/Illuminate/Container/BoundMethod.php(35): Illuminate\\Container\\BoundMethod::callBoundMethod()
#32 /home/fredy/Documentos/Prueba_tecnica/proyecto-prueba/backend-legacy-laravel8/vendor/laravel/framework/src/Illuminate/Container/Container.php(653): Illuminate\\Container\\BoundMethod::call()
#33 /home/fredy/Documentos/Prueba_tecnica/proyecto-prueba/backend-legacy-laravel8/vendor/laravel/framework/src/Illuminate/Console/Command.php(136): Illuminate\\Container\\Container->call()
#34 /home/fredy/Documentos/Prueba_tecnica/proyecto-prueba/backend-legacy-laravel8/vendor/symfony/console/Command/Command.php(298): Illuminate\\Console\\Command->execute()
#35 /home/fredy/Documentos/Prueba_tecnica/proyecto-prueba/backend-legacy-laravel8/vendor/laravel/framework/src/Illuminate/Console/Command.php(120): Symfony\\Component\\Console\\Command\\Command->run()
#36 /home/fredy/Documentos/Prueba_tecnica/proyecto-prueba/backend-legacy-laravel8/vendor/symfony/console/Application.php(1040): Illuminate\\Console\\Command->run()
#37 /home/fredy/Documentos/Prueba_tecnica/proyecto-prueba/backend-legacy-laravel8/vendor/symfony/console/Application.php(301): Symfony\\Component\\Console\\Application->doRunCommand()
#38 /home/fredy/Documentos/Prueba_tecnica/proyecto-prueba/backend-legacy-laravel8/vendor/symfony/console/Application.php(171): Symfony\\Component\\Console\\Application->doRun()
#39 /home/fredy/Documentos/Prueba_tecnica/proyecto-prueba/backend-legacy-laravel8/vendor/laravel/framework/src/Illuminate/Console/Application.php(94): Symfony\\Component\\Console\\Application->run()
#40 /home/fredy/Documentos/Prueba_tecnica/proyecto-prueba/backend-legacy-laravel8/vendor/laravel/framework/src/Illuminate/Foundation/Console/Kernel.php(129): Illuminate\\Console\\Application->run()
#41 /home/fredy/Documentos/Prueba_tecnica/proyecto-prueba/backend-legacy-laravel8/artisan(12): Illuminate\\Foundation\\Console\\Kernel->handle()
#42 {main}

[previous exception] [object] (PDOException(code: 2006): SQLSTATE[HY000] [2006] MySQL server has gone away at /home/fredy/Documentos/Prueba_tecnica/proyecto-prueba/backend-legacy-laravel8/vendor/laravel/framework/src/Illuminate/Database/Connectors/Connector.php:70)
[stacktrace]
#0 /home/fredy/Documentos/Prueba_tecnica/proyecto-prueba/backend-legacy-laravel8/vendor/laravel/framework/src/Illuminate/Database/Connectors/Connector.php(70): PDO->__construct()
#1 /home/fredy/Documentos/Prueba_tecnica/proyecto-prueba/backend-legacy-laravel8/vendor/laravel/framework/src/Illuminate/Database/Connectors/Connector.php(100): Illuminate\\Database\\Connectors\\Connector->createPdoConnection()
#2 /home/fredy/Documentos/Prueba_tecnica/proyecto-prueba/backend-legacy-laravel8/vendor/laravel/framework/src/Illuminate/Database/Connectors/Connector.php(49): Illuminate\\Database\\Connectors\\Connector->tryAgainIfCausedByLostConnection()
#3 /home/fredy/Documentos/Prueba_tecnica/proyecto-prueba/backend-legacy-laravel8/vendor/laravel/framework/src/Illuminate/Database/Connectors/MySqlConnector.php(24): Illuminate\\Database\\Connectors\\Connector->createConnection()
#4 /home/fredy/Documentos/Prueba_tecnica/proyecto-prueba/backend-legacy-laravel8/vendor/laravel/framework/src/Illuminate/Database/Connectors/ConnectionFactory.php(184): Illuminate\\Database\\Connectors\\MySqlConnector->connect()
#5 [internal function]: Illuminate\\Database\\Connectors\\ConnectionFactory->{closure:Illuminate\\Database\\Connectors\\ConnectionFactory::createPdoResolverWithHosts():179}()
#6 /home/fredy/Documentos/Prueba_tecnica/proyecto-prueba/backend-legacy-laravel8/vendor/laravel/framework/src/Illuminate/Database/Connection.php(1064): call_user_func()
#7 /home/fredy/Documentos/Prueba_tecnica/proyecto-prueba/backend-legacy-laravel8/vendor/laravel/framework/src/Illuminate/Database/Connection.php(495): Illuminate\\Database\\Connection->getPdo()
#8 /home/fredy/Documentos/Prueba_tecnica/proyecto-prueba/backend-legacy-laravel8/vendor/laravel/framework/src/Illuminate/Database/Connection.php(705): Illuminate\\Database\\Connection->{closure:Illuminate\\Database\\Connection::statement():490}()
#9 /home/fredy/Documentos/Prueba_tecnica/proyecto-prueba/backend-legacy-laravel8/vendor/laravel/framework/src/Illuminate/Database/Connection.php(784): Illuminate\\Database\\Connection->runQueryCallback()
#10 /home/fredy/Documentos/Prueba_tecnica/proyecto-prueba/backend-legacy-laravel8/vendor/laravel/framework/src/Illuminate/Database/Connection.php(763): Illuminate\\Database\\Connection->tryAgainIfCausedByLostConnection()
#11 /home/fredy/Documentos/Prueba_tecnica/proyecto-prueba/backend-legacy-laravel8/vendor/laravel/framework/src/Illuminate/Database/Connection.php(674): Illuminate\\Database\\Connection->handleQueryException()
#12 /home/fredy/Documentos/Prueba_tecnica/proyecto-prueba/backend-legacy-laravel8/vendor/laravel/framework/src/Illuminate/Database/Connection.php(490): Illuminate\\Database\\Connection->run()
#13 /home/fredy/Documentos/Prueba_tecnica/proyecto-prueba/backend-legacy-laravel8/vendor/laravel/framework/src/Illuminate/Database/Connection.php(454): Illuminate\\Database\\Connection->statement()
#14 /home/fredy/Documentos/Prueba_tecnica/proyecto-prueba/backend-legacy-laravel8/vendor/laravel/framework/src/Illuminate/Database/Query/Builder.php(2978): Illuminate\\Database\\Connection->insert()
#15 /home/fredy/Documentos/Prueba_tecnica/proyecto-prueba/backend-legacy-laravel8/database/seeders/DatabaseSeeder.php(35): Illuminate\\Database\\Query\\Builder->insert()
#16 /home/fredy/Documentos/Prueba_tecnica/proyecto-prueba/backend-legacy-laravel8/vendor/laravel/framework/src/Illuminate/Container/BoundMethod.php(36): Database\\Seeders\\DatabaseSeeder->run()
#17 /home/fredy/Documentos/Prueba_tecnica/proyecto-prueba/backend-legacy-laravel8/vendor/laravel/framework/src/Illuminate/Container/Util.php(40): Illuminate\\Container\\BoundMethod::{closure:Illuminate\\Container\\BoundMethod::call():35}()
#18 /home/fredy/Documentos/Prueba_tecnica/proyecto-prueba/backend-legacy-laravel8/vendor/laravel/framework/src/Illuminate/Container/BoundMethod.php(93): Illuminate\\Container\\Util::unwrapIfClosure()
#19 /home/fredy/Documentos/Prueba_tecnica/proyecto-prueba/backend-legacy-laravel8/vendor/laravel/framework/src/Illuminate/Container/BoundMethod.php(35): Illuminate\\Container\\BoundMethod::callBoundMethod()
#20 /home/fredy/Documentos/Prueba_tecnica/proyecto-prueba/backend-legacy-laravel8/vendor/laravel/framework/src/Illuminate/Container/Container.php(653): Illuminate\\Container\\BoundMethod::call()
#21 /home/fredy/Documentos/Prueba_tecnica/proyecto-prueba/backend-legacy-laravel8/vendor/laravel/framework/src/Illuminate/Database/Seeder.php(149): Illuminate\\Container\\Container->call()
#22 /home/fredy/Documentos/Prueba_tecnica/proyecto-prueba/backend-legacy-laravel8/vendor/laravel/framework/src/Illuminate/Database/Console/Seeds/SeedCommand.php(66): Illuminate\\Database\\Seeder->__invoke()
#23 /home/fredy/Documentos/Prueba_tecnica/proyecto-prueba/backend-legacy-laravel8/vendor/laravel/framework/src/Illuminate/Database/Eloquent/Concerns/GuardsAttributes.php(157): Illuminate\\Database\\Console\\Seeds\\SeedCommand->{closure:Illuminate\\Database\\Console\\Seeds\\SeedCommand::handle():65}()
#24 /home/fredy/Documentos/Prueba_tecnica/proyecto-prueba/backend-legacy-laravel8/vendor/laravel/framework/src/Illuminate/Database/Console/Seeds/SeedCommand.php(65): Illuminate\\Database\\Eloquent\\Model::unguarded()
#25 /home/fredy/Documentos/Prueba_tecnica/proyecto-prueba/backend-legacy-laravel8/vendor/laravel/framework/src/Illuminate/Container/BoundMethod.php(36): Illuminate\\Database\\Console\\Seeds\\SeedCommand->handle()
#26 /home/fredy/Documentos/Prueba_tecnica/proyecto-prueba/backend-legacy-laravel8/vendor/laravel/framework/src/Illuminate/Container/Util.php(40): Illuminate\\Container\\BoundMethod::{closure:Illuminate\\Container\\BoundMethod::call():35}()
#27 /home/fredy/Documentos/Prueba_tecnica/proyecto-prueba/backend-legacy-laravel8/vendor/laravel/framework/src/Illuminate/Container/BoundMethod.php(93): Illuminate\\Container\\Util::unwrapIfClosure()
#28 /home/fredy/Documentos/Prueba_tecnica/proyecto-prueba/backend-legacy-laravel8/vendor/laravel/framework/src/Illuminate/Container/BoundMethod.php(35): Illuminate\\Container\\BoundMethod::callBoundMethod()
#29 /home/fredy/Documentos/Prueba_tecnica/proyecto-prueba/backend-legacy-laravel8/vendor/laravel/framework/src/Illuminate/Container/Container.php(653): Illuminate\\Container\\BoundMethod::call()
#30 /home/fredy/Documentos/Prueba_tecnica/proyecto-prueba/backend-legacy-laravel8/vendor/laravel/framework/src/Illuminate/Console/Command.php(136): Illuminate\\Container\\Container->call()
#31 /home/fredy/Documentos/Prueba_tecnica/proyecto-prueba/backend-legacy-laravel8/vendor/symfony/console/Command/Command.php(298): Illuminate\\Console\\Command->execute()
#32 /home/fredy/Documentos/Prueba_tecnica/proyecto-prueba/backend-legacy-laravel8/vendor/laravel/framework/src/Illuminate/Console/Command.php(120): Symfony\\Component\\Console\\Command\\Command->run()
#33 /home/fredy/Documentos/Prueba_tecnica/proyecto-prueba/backend-legacy-laravel8/vendor/laravel/framework/src/Illuminate/Console/Concerns/CallsCommands.php(67): Illuminate\\Console\\Command->run()
#34 /home/fredy/Documentos/Prueba_tecnica/proyecto-prueba/backend-legacy-laravel8/vendor/laravel/framework/src/Illuminate/Console/Concerns/CallsCommands.php(28): Illuminate\\Console\\Command->runCommand()
#35 /home/fredy/Documentos/Prueba_tecnica/proyecto-prueba/backend-legacy-laravel8/vendor/laravel/framework/src/Illuminate/Database/Console/Migrations/FreshCommand.php(89): Illuminate\\Console\\Command->call()
#36 /home/fredy/Documentos/Prueba_tecnica/proyecto-prueba/backend-legacy-laravel8/vendor/laravel/framework/src/Illuminate/Database/Console/Migrations/FreshCommand.php(65): Illuminate\\Database\\Console\\Migrations\\FreshCommand->runSeeder()
#37 /home/fredy/Documentos/Prueba_tecnica/proyecto-prueba/backend-legacy-laravel8/vendor/laravel/framework/src/Illuminate/Container/BoundMethod.php(36): Illuminate\\Database\\Console\\Migrations\\FreshCommand->handle()
#38 /home/fredy/Documentos/Prueba_tecnica/proyecto-prueba/backend-legacy-laravel8/vendor/laravel/framework/src/Illuminate/Container/Util.php(40): Illuminate\\Container\\BoundMethod::{closure:Illuminate\\Container\\BoundMethod::call():35}()
#39 /home/fredy/Documentos/Prueba_tecnica/proyecto-prueba/backend-legacy-laravel8/vendor/laravel/framework/src/Illuminate/Container/BoundMethod.php(93): Illuminate\\Container\\Util::unwrapIfClosure()
#40 /home/fredy/Documentos/Prueba_tecnica/proyecto-prueba/backend-legacy-laravel8/vendor/laravel/framework/src/Illuminate/Container/BoundMethod.php(35): Illuminate\\Container\\BoundMethod::callBoundMethod()
#41 /home/fredy/Documentos/Prueba_tecnica/proyecto-prueba/backend-legacy-laravel8/vendor/laravel/framework/src/Illuminate/Container/Container.php(653): Illuminate\\Container\\BoundMethod::call()
#42 /home/fredy/Documentos/Prueba_tecnica/proyecto-prueba/backend-legacy-laravel8/vendor/laravel/framework/src/Illuminate/Console/Command.php(136): Illuminate\\Container\\Container->call()
#43 /home/fredy/Documentos/Prueba_tecnica/proyecto-prueba/backend-legacy-laravel8/vendor/symfony/console/Command/Command.php(298): Illuminate\\Console\\Command->execute()
#44 /home/fredy/Documentos/Prueba_tecnica/proyecto-prueba/backend-legacy-laravel8/vendor/laravel/framework/src/Illuminate/Console/Command.php(120): Symfony\\Component\\Console\\Command\\Command->run()
#45 /home/fredy/Documentos/Prueba_tecnica/proyecto-prueba/backend-legacy-laravel8/vendor/symfony/console/Application.php(1040): Illuminate\\Console\\Command->run()
#46 /home/fredy/Documentos/Prueba_tecnica/proyecto-prueba/backend-legacy-laravel8/vendor/symfony/console/Application.php(301): Symfony\\Component\\Console\\Application->doRunCommand()
#47 /home/fredy/Documentos/Prueba_tecnica/proyecto-prueba/backend-legacy-laravel8/vendor/symfony/console/Application.php(171): Symfony\\Component\\Console\\Application->doRun()
#48 /home/fredy/Documentos/Prueba_tecnica/proyecto-prueba/backend-legacy-laravel8/vendor/laravel/framework/src/Illuminate/Console/Application.php(94): Symfony\\Component\\Console\\Application->run()
#49 /home/fredy/Documentos/Prueba_tecnica/proyecto-prueba/backend-legacy-laravel8/vendor/laravel/framework/src/Illuminate/Foundation/Console/Kernel.php(129): Illuminate\\Console\\Application->run()
#50 /home/fredy/Documentos/Prueba_tecnica/proyecto-prueba/backend-legacy-laravel8/artisan(12): Illuminate\\Foundation\\Console\\Kernel->handle()
#51 {main}

[previous exception] [object] (PDOException(code: 0): PDO::__construct(): Error while reading greeting packet. PID=191743 at /home/fredy/Documentos/Prueba_tecnica/proyecto-prueba/backend-legacy-laravel8/vendor/laravel/framework/src/Illuminate/Database/Connectors/Connector.php:70)
[stacktrace]
#0 /home/fredy/Documentos/Prueba_tecnica/proyecto-prueba/backend-legacy-laravel8/vendor/laravel/framework/src/Illuminate/Database/Connectors/Connector.php(70): PDO->__construct()
#1 /home/fredy/Documentos/Prueba_tecnica/proyecto-prueba/backend-legacy-laravel8/vendor/laravel/framework/src/Illuminate/Database/Connectors/Connector.php(100): Illuminate\\Database\\Connectors\\Connector->createPdoConnection()
#2 /home/fredy/Documentos/Prueba_tecnica/proyecto-prueba/backend-legacy-laravel8/vendor/laravel/framework/src/Illuminate/Database/Connectors/Connector.php(49): Illuminate\\Database\\Connectors\\Connector->tryAgainIfCausedByLostConnection()
#3 /home/fredy/Documentos/Prueba_tecnica/proyecto-prueba/backend-legacy-laravel8/vendor/laravel/framework/src/Illuminate/Database/Connectors/MySqlConnector.php(24): Illuminate\\Database\\Connectors\\Connector->createConnection()
#4 /home/fredy/Documentos/Prueba_tecnica/proyecto-prueba/backend-legacy-laravel8/vendor/laravel/framework/src/Illuminate/Database/Connectors/ConnectionFactory.php(184): Illuminate\\Database\\Connectors\\MySqlConnector->connect()
#5 [internal function]: Illuminate\\Database\\Connectors\\ConnectionFactory->{closure:Illuminate\\Database\\Connectors\\ConnectionFactory::createPdoResolverWithHosts():179}()
#6 /home/fredy/Documentos/Prueba_tecnica/proyecto-prueba/backend-legacy-laravel8/vendor/laravel/framework/src/Illuminate/Database/Connection.php(1064): call_user_func()
#7 /home/fredy/Documentos/Prueba_tecnica/proyecto-prueba/backend-legacy-laravel8/vendor/laravel/framework/src/Illuminate/Database/Connection.php(495): Illuminate\\Database\\Connection->getPdo()
#8 /home/fredy/Documentos/Prueba_tecnica/proyecto-prueba/backend-legacy-laravel8/vendor/laravel/framework/src/Illuminate/Database/Connection.php(705): Illuminate\\Database\\Connection->{closure:Illuminate\\Database\\Connection::statement():490}()
#9 /home/fredy/Documentos/Prueba_tecnica/proyecto-prueba/backend-legacy-laravel8/vendor/laravel/framework/src/Illuminate/Database/Connection.php(784): Illuminate\\Database\\Connection->runQueryCallback()
#10 /home/fredy/Documentos/Prueba_tecnica/proyecto-prueba/backend-legacy-laravel8/vendor/laravel/framework/src/Illuminate/Database/Connection.php(763): Illuminate\\Database\\Connection->tryAgainIfCausedByLostConnection()
#11 /home/fredy/Documentos/Prueba_tecnica/proyecto-prueba/backend-legacy-laravel8/vendor/laravel/framework/src/Illuminate/Database/Connection.php(674): Illuminate\\Database\\Connection->handleQueryException()
#12 /home/fredy/Documentos/Prueba_tecnica/proyecto-prueba/backend-legacy-laravel8/vendor/laravel/framework/src/Illuminate/Database/Connection.php(490): Illuminate\\Database\\Connection->run()
#13 /home/fredy/Documentos/Prueba_tecnica/proyecto-prueba/backend-legacy-laravel8/vendor/laravel/framework/src/Illuminate/Database/Connection.php(454): Illuminate\\Database\\Connection->statement()
#14 /home/fredy/Documentos/Prueba_tecnica/proyecto-prueba/backend-legacy-laravel8/vendor/laravel/framework/src/Illuminate/Database/Query/Builder.php(2978): Illuminate\\Database\\Connection->insert()
#15 /home/fredy/Documentos/Prueba_tecnica/proyecto-prueba/backend-legacy-laravel8/database/seeders/DatabaseSeeder.php(35): Illuminate\\Database\\Query\\Builder->insert()
#16 /home/fredy/Documentos/Prueba_tecnica/proyecto-prueba/backend-legacy-laravel8/vendor/laravel/framework/src/Illuminate/Container/BoundMethod.php(36): Database\\Seeders\\DatabaseSeeder->run()
#17 /home/fredy/Documentos/Prueba_tecnica/proyecto-prueba/backend-legacy-laravel8/vendor/laravel/framework/src/Illuminate/Container/Util.php(40): Illuminate\\Container\\BoundMethod::{closure:Illuminate\\Container\\BoundMethod::call():35}()
#18 /home/fredy/Documentos/Prueba_tecnica/proyecto-prueba/backend-legacy-laravel8/vendor/laravel/framework/src/Illuminate/Container/BoundMethod.php(93): Illuminate\\Container\\Util::unwrapIfClosure()
#19 /home/fredy/Documentos/Prueba_tecnica/proyecto-prueba/backend-legacy-laravel8/vendor/laravel/framework/src/Illuminate/Container/BoundMethod.php(35): Illuminate\\Container\\BoundMethod::callBoundMethod()
#20 /home/fredy/Documentos/Prueba_tecnica/proyecto-prueba/backend-legacy-laravel8/vendor/laravel/framework/src/Illuminate/Container/Container.php(653): Illuminate\\Container\\BoundMethod::call()
#21 /home/fredy/Documentos/Prueba_tecnica/proyecto-prueba/backend-legacy-laravel8/vendor/laravel/framework/src/Illuminate/Database/Seeder.php(149): Illuminate\\Container\\Container->call()
#22 /home/fredy/Documentos/Prueba_tecnica/proyecto-prueba/backend-legacy-laravel8/vendor/laravel/framework/src/Illuminate/Database/Console/Seeds/SeedCommand.php(66): Illuminate\\Database\\Seeder->__invoke()
#23 /home/fredy/Documentos/Prueba_tecnica/proyecto-prueba/backend-legacy-laravel8/vendor/laravel/framework/src/Illuminate/Database/Eloquent/Concerns/GuardsAttributes.php(157): Illuminate\\Database\\Console\\Seeds\\SeedCommand->{closure:Illuminate\\Database\\Console\\Seeds\\SeedCommand::handle():65}()
#24 /home/fredy/Documentos/Prueba_tecnica/proyecto-prueba/backend-legacy-laravel8/vendor/laravel/framework/src/Illuminate/Database/Console/Seeds/SeedCommand.php(65): Illuminate\\Database\\Eloquent\\Model::unguarded()
#25 /home/fredy/Documentos/Prueba_tecnica/proyecto-prueba/backend-legacy-laravel8/vendor/laravel/framework/src/Illuminate/Container/BoundMethod.php(36): Illuminate\\Database\\Console\\Seeds\\SeedCommand->handle()
#26 /home/fredy/Documentos/Prueba_tecnica/proyecto-prueba/backend-legacy-laravel8/vendor/laravel/framework/src/Illuminate/Container/Util.php(40): Illuminate\\Container\\BoundMethod::{closure:Illuminate\\Container\\BoundMethod::call():35}()
#27 /home/fredy/Documentos/Prueba_tecnica/proyecto-prueba/backend-legacy-laravel8/vendor/laravel/framework/src/Illuminate/Container/BoundMethod.php(93): Illuminate\\Container\\Util::unwrapIfClosure()
#28 /home/fredy/Documentos/Prueba_tecnica/proyecto-prueba/backend-legacy-laravel8/vendor/laravel/framework/src/Illuminate/Container/BoundMethod.php(35): Illuminate\\Container\\BoundMethod::callBoundMethod()
#29 /home/fredy/Documentos/Prueba_tecnica/proyecto-prueba/backend-legacy-laravel8/vendor/laravel/framework/src/Illuminate/Container/Container.php(653): Illuminate\\Container\\BoundMethod::call()
#30 /home/fredy/Documentos/Prueba_tecnica/proyecto-prueba/backend-legacy-laravel8/vendor/laravel/framework/src/Illuminate/Console/Command.php(136): Illuminate\\Container\\Container->call()
#31 /home/fredy/Documentos/Prueba_tecnica/proyecto-prueba/backend-legacy-laravel8/vendor/symfony/console/Command/Command.php(298): Illuminate\\Console\\Command->execute()
#32 /home/fredy/Documentos/Prueba_tecnica/proyecto-prueba/backend-legacy-laravel8/vendor/laravel/framework/src/Illuminate/Console/Command.php(120): Symfony\\Component\\Console\\Command\\Command->run()
#33 /home/fredy/Documentos/Prueba_tecnica/proyecto-prueba/backend-legacy-laravel8/vendor/laravel/framework/src/Illuminate/Console/Concerns/CallsCommands.php(67): Illuminate\\Console\\Command->run()
#34 /home/fredy/Documentos/Prueba_tecnica/proyecto-prueba/backend-legacy-laravel8/vendor/laravel/framework/src/Illuminate/Console/Concerns/CallsCommands.php(28): Illuminate\\Console\\Command->runCommand()
#35 /home/fredy/Documentos/Prueba_tecnica/proyecto-prueba/backend-legacy-laravel8/vendor/laravel/framework/src/Illuminate/Database/Console/Migrations/FreshCommand.php(89): Illuminate\\Console\\Command->call()
#36 /home/fredy/Documentos/Prueba_tecnica/proyecto-prueba/backend-legacy-laravel8/vendor/laravel/framework/src/Illuminate/Database/Console/Migrations/FreshCommand.php(65): Illuminate\\Database\\Console\\Migrations\\FreshCommand->runSeeder()
#37 /home/fredy/Documentos/Prueba_tecnica/proyecto-prueba/backend-legacy-laravel8/vendor/laravel/framework/src/Illuminate/Container/BoundMethod.php(36): Illuminate\\Database\\Console\\Migrations\\FreshCommand->handle()
#38 /home/fredy/Documentos/Prueba_tecnica/proyecto-prueba/backend-legacy-laravel8/vendor/laravel/framework/src/Illuminate/Container/Util.php(40): Illuminate\\Container\\BoundMethod::{closure:Illuminate\\Container\\BoundMethod::call():35}()
#39 /home/fredy/Documentos/Prueba_tecnica/proyecto-prueba/backend-legacy-laravel8/vendor/laravel/framework/src/Illuminate/Container/BoundMethod.php(93): Illuminate\\Container\\Util::unwrapIfClosure()
#40 /home/fredy/Documentos/Prueba_tecnica/proyecto-prueba/backend-legacy-laravel8/vendor/laravel/framework/src/Illuminate/Container/BoundMethod.php(35): Illuminate\\Container\\BoundMethod::callBoundMethod()
#41 /home/fredy/Documentos/Prueba_tecnica/proyecto-prueba/backend-legacy-laravel8/vendor/laravel/framework/src/Illuminate/Container/Container.php(653): Illuminate\\Container\\BoundMethod::call()
#42 /home/fredy/Documentos/Prueba_tecnica/proyecto-prueba/backend-legacy-laravel8/vendor/laravel/framework/src/Illuminate/Console/Command.php(136): Illuminate\\Container\\Container->call()
#43 /home/fredy/Documentos/Prueba_tecnica/proyecto-prueba/backend-legacy-laravel8/vendor/symfony/console/Command/Command.php(298): Illuminate\\Console\\Command->execute()
#44 /home/fredy/Documentos/Prueba_tecnica/proyecto-prueba/backend-legacy-laravel8/vendor/laravel/framework/src/Illuminate/Console/Command.php(120): Symfony\\Component\\Console\\Command\\Command->run()
#45 /home/fredy/Documentos/Prueba_tecnica/proyecto-prueba/backend-legacy-laravel8/vendor/symfony/console/Application.php(1040): Illuminate\\Console\\Command->run()
#46 /home/fredy/Documentos/Prueba_tecnica/proyecto-prueba/backend-legacy-laravel8/vendor/symfony/console/Application.php(301): Symfony\\Component\\Console\\Application->doRunCommand()
#47 /home/fredy/Documentos/Prueba_tecnica/proyecto-prueba/backend-legacy-laravel8/vendor/symfony/console/Application.php(171): Symfony\\Component\\Console\\Application->doRun()
#48 /home/fredy/Documentos/Prueba_tecnica/proyecto-prueba/backend-legacy-laravel8/vendor/laravel/framework/src/Illuminate/Console/Application.php(94): Symfony\\Component\\Console\\Application->run()
#49 /home/fredy/Documentos/Prueba_tecnica/proyecto-prueba/backend-legacy-laravel8/vendor/laravel/framework/src/Illuminate/Foundation/Console/Kernel.php(129): Illuminate\\Console\\Application->run()
#50 /home/fredy/Documentos/Prueba_tecnica/proyecto-prueba/backend-legacy-laravel8/artisan(12): Illuminate\\Foundation\\Console\\Kernel->handle()
#51 {main}
"} 
[2026-05-18 18:14:30] local.ERROR: SQLSTATE[HY000] [2002] Connection refused (SQL: select * from information_schema.tables where table_schema = legacy_products and table_name = migrations and table_type = 'BASE TABLE') {"exception":"[object] (Illuminate\\Database\\QueryException(code: 2002): SQLSTATE[HY000] [2002] Connection refused (SQL: select * from information_schema.tables where table_schema = legacy_products and table_name = migrations and table_type = 'BASE TABLE') at /var/www/html/backend-legacy-laravel8/vendor/laravel/framework/src/Illuminate/Database/Connection.php:712)
[stacktrace]
#0 /var/www/html/backend-legacy-laravel8/vendor/laravel/framework/src/Illuminate/Database/Connection.php(784): Illuminate\\Database\\Connection->runQueryCallback('select * from i...', Array, Object(Closure))
#1 /var/www/html/backend-legacy-laravel8/vendor/laravel/framework/src/Illuminate/Database/Connection.php(764): Illuminate\\Database\\Connection->tryAgainIfCausedByLostConnection(Object(Illuminate\\Database\\QueryException), 'select * from i...', Array, Object(Closure))
#2 /var/www/html/backend-legacy-laravel8/vendor/laravel/framework/src/Illuminate/Database/Connection.php(675): Illuminate\\Database\\Connection->handleQueryException(Object(Illuminate\\Database\\QueryException), 'select * from i...', Array, Object(Closure))
#3 /var/www/html/backend-legacy-laravel8/vendor/laravel/framework/src/Illuminate/Database/Connection.php(376): Illuminate\\Database\\Connection->run('select * from i...', Array, Object(Closure))
#4 /var/www/html/backend-legacy-laravel8/vendor/laravel/framework/src/Illuminate/Database/Schema/MySqlBuilder.php(44): Illuminate\\Database\\Connection->select('select * from i...', Array)
#5 /var/www/html/backend-legacy-laravel8/vendor/laravel/framework/src/Illuminate/Database/Migrations/DatabaseMigrationRepository.php(169): Illuminate\\Database\\Schema\\MySqlBuilder->hasTable('migrations')
#6 /var/www/html/backend-legacy-laravel8/vendor/laravel/framework/src/Illuminate/Database/Migrations/Migrator.php(673): Illuminate\\Database\\Migrations\\DatabaseMigrationRepository->repositoryExists()
#7 /var/www/html/backend-legacy-laravel8/vendor/laravel/framework/src/Illuminate/Database/Console/Migrations/MigrateCommand.php(110): Illuminate\\Database\\Migrations\\Migrator->repositoryExists()
#8 /var/www/html/backend-legacy-laravel8/vendor/laravel/framework/src/Illuminate/Database/Console/Migrations/MigrateCommand.php(78): Illuminate\\Database\\Console\\Migrations\\MigrateCommand->prepareDatabase()
#9 /var/www/html/backend-legacy-laravel8/vendor/laravel/framework/src/Illuminate/Database/Migrations/Migrator.php(606): Illuminate\\Database\\Console\\Migrations\\MigrateCommand->Illuminate\\Database\\Console\\Migrations\\{closure}()
#10 /var/www/html/backend-legacy-laravel8/vendor/laravel/framework/src/Illuminate/Database/Console/Migrations/MigrateCommand.php(98): Illuminate\\Database\\Migrations\\Migrator->usingConnection(NULL, Object(Closure))
#11 /var/www/html/backend-legacy-laravel8/vendor/laravel/framework/src/Illuminate/Container/BoundMethod.php(36): Illuminate\\Database\\Console\\Migrations\\MigrateCommand->handle()
#12 /var/www/html/backend-legacy-laravel8/vendor/laravel/framework/src/Illuminate/Container/Util.php(40): Illuminate\\Container\\BoundMethod::Illuminate\\Container\\{closure}()
#13 /var/www/html/backend-legacy-laravel8/vendor/laravel/framework/src/Illuminate/Container/BoundMethod.php(93): Illuminate\\Container\\Util::unwrapIfClosure(Object(Closure))
#14 /var/www/html/backend-legacy-laravel8/vendor/laravel/framework/src/Illuminate/Container/BoundMethod.php(37): Illuminate\\Container\\BoundMethod::callBoundMethod(Object(Illuminate\\Foundation\\Application), Array, Object(Closure))
#15 /var/www/html/backend-legacy-laravel8/vendor/laravel/framework/src/Illuminate/Container/Container.php(653): Illuminate\\Container\\BoundMethod::call(Object(Illuminate\\Foundation\\Application), Array, Array, NULL)
#16 /var/www/html/backend-legacy-laravel8/vendor/laravel/framework/src/Illuminate/Console/Command.php(136): Illuminate\\Container\\Container->call(Array)
#17 /var/www/html/backend-legacy-laravel8/vendor/symfony/console/Command/Command.php(298): Illuminate\\Console\\Command->execute(Object(Symfony\\Component\\Console\\Input\\ArgvInput), Object(Illuminate\\Console\\OutputStyle))
#18 /var/www/html/backend-legacy-laravel8/vendor/laravel/framework/src/Illuminate/Console/Command.php(121): Symfony\\Component\\Console\\Command\\Command->run(Object(Symfony\\Component\\Console\\Input\\ArgvInput), Object(Illuminate\\Console\\OutputStyle))
#19 /var/www/html/backend-legacy-laravel8/vendor/symfony/console/Application.php(1040): Illuminate\\Console\\Command->run(Object(Symfony\\Component\\Console\\Input\\ArgvInput), Object(Symfony\\Component\\Console\\Output\\ConsoleOutput))
#20 /var/www/html/backend-legacy-laravel8/vendor/symfony/console/Application.php(301): Symfony\\Component\\Console\\Application->doRunCommand(Object(Illuminate\\Database\\Console\\Migrations\\MigrateCommand), Object(Symfony\\Component\\Console\\Input\\ArgvInput), Object(Symfony\\Component\\Console\\Output\\ConsoleOutput))
#21 /var/www/html/backend-legacy-laravel8/vendor/symfony/console/Application.php(171): Symfony\\Component\\Console\\Application->doRun(Object(Symfony\\Component\\Console\\Input\\ArgvInput), Object(Symfony\\Component\\Console\\Output\\ConsoleOutput))
#22 /var/www/html/backend-legacy-laravel8/vendor/laravel/framework/src/Illuminate/Console/Application.php(94): Symfony\\Component\\Console\\Application->run(Object(Symfony\\Component\\Console\\Input\\ArgvInput), Object(Symfony\\Component\\Console\\Output\\ConsoleOutput))
#23 /var/www/html/backend-legacy-laravel8/vendor/laravel/framework/src/Illuminate/Foundation/Console/Kernel.php(129): Illuminate\\Console\\Application->run(Object(Symfony\\Component\\Console\\Input\\ArgvInput), Object(Symfony\\Component\\Console\\Output\\ConsoleOutput))
#24 /var/www/html/backend-legacy-laravel8/artisan(14): Illuminate\\Foundation\\Console\\Kernel->handle(Object(Symfony\\Component\\Console\\Input\\ArgvInput), Object(Symfony\\Component\\Console\\Output\\ConsoleOutput))
#25 {main}

[previous exception] [object] (PDOException(code: 2002): SQLSTATE[HY000] [2002] Connection refused at /var/www/html/backend-legacy-laravel8/vendor/laravel/framework/src/Illuminate/Database/Connectors/Connector.php:70)
[stacktrace]
#0 /var/www/html/backend-legacy-laravel8/vendor/laravel/framework/src/Illuminate/Database/Connectors/Connector.php(70): PDO->__construct('mysql:host=mysq...', 'root', 'root', Array)
#1 /var/www/html/backend-legacy-laravel8/vendor/laravel/framework/src/Illuminate/Database/Connectors/Connector.php(100): Illuminate\\Database\\Connectors\\Connector->createPdoConnection('mysql:host=mysq...', 'root', 'root', Array)
#2 /var/www/html/backend-legacy-laravel8/vendor/laravel/framework/src/Illuminate/Database/Connectors/Connector.php(50): Illuminate\\Database\\Connectors\\Connector->tryAgainIfCausedByLostConnection(Object(PDOException), 'mysql:host=mysq...', 'root', 'root', Array)
#3 /var/www/html/backend-legacy-laravel8/vendor/laravel/framework/src/Illuminate/Database/Connectors/MySqlConnector.php(24): Illuminate\\Database\\Connectors\\Connector->createConnection('mysql:host=mysq...', Array, Array)
#4 /var/www/html/backend-legacy-laravel8/vendor/laravel/framework/src/Illuminate/Database/Connectors/ConnectionFactory.php(184): Illuminate\\Database\\Connectors\\MySqlConnector->connect(Array)
#5 [internal function]: Illuminate\\Database\\Connectors\\ConnectionFactory->Illuminate\\Database\\Connectors\\{closure}()
#6 /var/www/html/backend-legacy-laravel8/vendor/laravel/framework/src/Illuminate/Database/Connection.php(1064): call_user_func(Object(Closure))
#7 /var/www/html/backend-legacy-laravel8/vendor/laravel/framework/src/Illuminate/Database/Connection.php(1100): Illuminate\\Database\\Connection->getPdo()
#8 /var/www/html/backend-legacy-laravel8/vendor/laravel/framework/src/Illuminate/Database/Connection.php(442): Illuminate\\Database\\Connection->getReadPdo()
#9 /var/www/html/backend-legacy-laravel8/vendor/laravel/framework/src/Illuminate/Database/Connection.php(368): Illuminate\\Database\\Connection->getPdoForSelect(true)
#10 /var/www/html/backend-legacy-laravel8/vendor/laravel/framework/src/Illuminate/Database/Connection.php(705): Illuminate\\Database\\Connection->Illuminate\\Database\\{closure}('select * from i...', Array)
#11 /var/www/html/backend-legacy-laravel8/vendor/laravel/framework/src/Illuminate/Database/Connection.php(784): Illuminate\\Database\\Connection->runQueryCallback('select * from i...', Array, Object(Closure))
#12 /var/www/html/backend-legacy-laravel8/vendor/laravel/framework/src/Illuminate/Database/Connection.php(764): Illuminate\\Database\\Connection->tryAgainIfCausedByLostConnection(Object(Illuminate\\Database\\QueryException), 'select * from i...', Array, Object(Closure))
#13 /var/www/html/backend-legacy-laravel8/vendor/laravel/framework/src/Illuminate/Database/Connection.php(675): Illuminate\\Database\\Connection->handleQueryException(Object(Illuminate\\Database\\QueryException), 'select * from i...', Array, Object(Closure))
#14 /var/www/html/backend-legacy-laravel8/vendor/laravel/framework/src/Illuminate/Database/Connection.php(376): Illuminate\\Database\\Connection->run('select * from i...', Array, Object(Closure))
#15 /var/www/html/backend-legacy-laravel8/vendor/laravel/framework/src/Illuminate/Database/Schema/MySqlBuilder.php(44): Illuminate\\Database\\Connection->select('select * from i...', Array)
#16 /var/www/html/backend-legacy-laravel8/vendor/laravel/framework/src/Illuminate/Database/Migrations/DatabaseMigrationRepository.php(169): Illuminate\\Database\\Schema\\MySqlBuilder->hasTable('migrations')
#17 /var/www/html/backend-legacy-laravel8/vendor/laravel/framework/src/Illuminate/Database/Migrations/Migrator.php(673): Illuminate\\Database\\Migrations\\DatabaseMigrationRepository->repositoryExists()
#18 /var/www/html/backend-legacy-laravel8/vendor/laravel/framework/src/Illuminate/Database/Console/Migrations/MigrateCommand.php(110): Illuminate\\Database\\Migrations\\Migrator->repositoryExists()
#19 /var/www/html/backend-legacy-laravel8/vendor/laravel/framework/src/Illuminate/Database/Console/Migrations/MigrateCommand.php(78): Illuminate\\Database\\Console\\Migrations\\MigrateCommand->prepareDatabase()
#20 /var/www/html/backend-legacy-laravel8/vendor/laravel/framework/src/Illuminate/Database/Migrations/Migrator.php(606): Illuminate\\Database\\Console\\Migrations\\MigrateCommand->Illuminate\\Database\\Console\\Migrations\\{closure}()
#21 /var/www/html/backend-legacy-laravel8/vendor/laravel/framework/src/Illuminate/Database/Console/Migrations/MigrateCommand.php(98): Illuminate\\Database\\Migrations\\Migrator->usingConnection(NULL, Object(Closure))
#22 /var/www/html/backend-legacy-laravel8/vendor/laravel/framework/src/Illuminate/Container/BoundMethod.php(36): Illuminate\\Database\\Console\\Migrations\\MigrateCommand->handle()
#23 /var/www/html/backend-legacy-laravel8/vendor/laravel/framework/src/Illuminate/Container/Util.php(40): Illuminate\\Container\\BoundMethod::Illuminate\\Container\\{closure}()
#24 /var/www/html/backend-legacy-laravel8/vendor/laravel/framework/src/Illuminate/Container/BoundMethod.php(93): Illuminate\\Container\\Util::unwrapIfClosure(Object(Closure))
#25 /var/www/html/backend-legacy-laravel8/vendor/laravel/framework/src/Illuminate/Container/BoundMethod.php(37): Illuminate\\Container\\BoundMethod::callBoundMethod(Object(Illuminate\\Foundation\\Application), Array, Object(Closure))
#26 /var/www/html/backend-legacy-laravel8/vendor/laravel/framework/src/Illuminate/Container/Container.php(653): Illuminate\\Container\\BoundMethod::call(Object(Illuminate\\Foundation\\Application), Array, Array, NULL)
#27 /var/www/html/backend-legacy-laravel8/vendor/laravel/framework/src/Illuminate/Console/Command.php(136): Illuminate\\Container\\Container->call(Array)
#28 /var/www/html/backend-legacy-laravel8/vendor/symfony/console/Command/Command.php(298): Illuminate\\Console\\Command->execute(Object(Symfony\\Component\\Console\\Input\\ArgvInput), Object(Illuminate\\Console\\OutputStyle))
#29 /var/www/html/backend-legacy-laravel8/vendor/laravel/framework/src/Illuminate/Console/Command.php(121): Symfony\\Component\\Console\\Command\\Command->run(Object(Symfony\\Component\\Console\\Input\\ArgvInput), Object(Illuminate\\Console\\OutputStyle))
#30 /var/www/html/backend-legacy-laravel8/vendor/symfony/console/Application.php(1040): Illuminate\\Console\\Command->run(Object(Symfony\\Component\\Console\\Input\\ArgvInput), Object(Symfony\\Component\\Console\\Output\\ConsoleOutput))
#31 /var/www/html/backend-legacy-laravel8/vendor/symfony/console/Application.php(301): Symfony\\Component\\Console\\Application->doRunCommand(Object(Illuminate\\Database\\Console\\Migrations\\MigrateCommand), Object(Symfony\\Component\\Console\\Input\\ArgvInput), Object(Symfony\\Component\\Console\\Output\\ConsoleOutput))
#32 /var/www/html/backend-legacy-laravel8/vendor/symfony/console/Application.php(171): Symfony\\Component\\Console\\Application->doRun(Object(Symfony\\Component\\Console\\Input\\ArgvInput), Object(Symfony\\Component\\Console\\Output\\ConsoleOutput))
#33 /var/www/html/backend-legacy-laravel8/vendor/laravel/framework/src/Illuminate/Console/Application.php(94): Symfony\\Component\\Console\\Application->run(Object(Symfony\\Component\\Console\\Input\\ArgvInput), Object(Symfony\\Component\\Console\\Output\\ConsoleOutput))
#34 /var/www/html/backend-legacy-laravel8/vendor/laravel/framework/src/Illuminate/Foundation/Console/Kernel.php(129): Illuminate\\Console\\Application->run(Object(Symfony\\Component\\Console\\Input\\ArgvInput), Object(Symfony\\Component\\Console\\Output\\ConsoleOutput))
#35 /var/www/html/backend-legacy-laravel8/artisan(14): Illuminate\\Foundation\\Console\\Kernel->handle(Object(Symfony\\Component\\Console\\Input\\ArgvInput), Object(Symfony\\Component\\Console\\Output\\ConsoleOutput))
#36 {main}
"} 
[2026-05-18 18:43:36] local.ERROR: SQLSTATE[23000]: Integrity constraint violation: 1062 Duplicate entry 'admin@legacy.test' for key 'users.users_email_unique' (Connection: mysql, SQL: insert into `users` (`name`, `email`, `password`, `api_token`, `created_at`, `updated_at`) values (Admin Legacy, admin@legacy.test, $2y$12$Gl5O1wB3OyFd9Mzf5CExP.4ri7dJS7kQ8.yCBGUlkbJc/an/CYw3a, ?, 2026-05-18 18:43:36, 2026-05-18 18:43:36)) {"exception":"[object] (Illuminate\\Database\\UniqueConstraintViolationException(code: 23000): SQLSTATE[23000]: Integrity constraint violation: 1062 Duplicate entry 'admin@legacy.test' for key 'users.users_email_unique' (Connection: mysql, SQL: insert into `users` (`name`, `email`, `password`, `api_token`, `created_at`, `updated_at`) values (Admin Legacy, admin@legacy.test, $2y$12$Gl5O1wB3OyFd9Mzf5CExP.4ri7dJS7kQ8.yCBGUlkbJc/an/CYw3a, ?, 2026-05-18 18:43:36, 2026-05-18 18:43:36)) at /var/www/html/backend-legacy-laravel8/vendor/laravel/framework/src/Illuminate/Database/Connection.php:820)
[stacktrace]
#0 /var/www/html/backend-legacy-laravel8/vendor/laravel/framework/src/Illuminate/Database/Connection.php(779): Illuminate\\Database\\Connection->runQueryCallback('insert into `us...', Array, Object(Closure))
#1 /var/www/html/backend-legacy-laravel8/vendor/laravel/framework/src/Illuminate/Database/MySqlConnection.php(42): Illuminate\\Database\\Connection->run('insert into `us...', Array, Object(Closure))
#2 /var/www/html/backend-legacy-laravel8/vendor/laravel/framework/src/Illuminate/Database/Query/Builder.php(3717): Illuminate\\Database\\MySqlConnection->insert('insert into `us...', Array)
#3 /var/www/html/backend-legacy-laravel8/database/seeders/DatabaseSeeder.php(14): Illuminate\\Database\\Query\\Builder->insert(Array)
#4 /var/www/html/backend-legacy-laravel8/vendor/laravel/framework/src/Illuminate/Container/BoundMethod.php(36): Database\\Seeders\\DatabaseSeeder->run()
#5 /var/www/html/backend-legacy-laravel8/vendor/laravel/framework/src/Illuminate/Container/Util.php(43): Illuminate\\Container\\BoundMethod::Illuminate\\Container\\{closure}()
#6 /var/www/html/backend-legacy-laravel8/vendor/laravel/framework/src/Illuminate/Container/BoundMethod.php(95): Illuminate\\Container\\Util::unwrapIfClosure(Object(Closure))
#7 /var/www/html/backend-legacy-laravel8/vendor/laravel/framework/src/Illuminate/Container/BoundMethod.php(35): Illuminate\\Container\\BoundMethod::callBoundMethod(Object(Illuminate\\Foundation\\Application), Array, Object(Closure))
#8 /var/www/html/backend-legacy-laravel8/vendor/laravel/framework/src/Illuminate/Container/Container.php(696): Illuminate\\Container\\BoundMethod::call(Object(Illuminate\\Foundation\\Application), Array, Array, NULL)
#9 /var/www/html/backend-legacy-laravel8/vendor/laravel/framework/src/Illuminate/Database/Seeder.php(188): Illuminate\\Container\\Container->call(Array, Array)
#10 /var/www/html/backend-legacy-laravel8/vendor/laravel/framework/src/Illuminate/Database/Seeder.php(197): Illuminate\\Database\\Seeder->Illuminate\\Database\\{closure}()
#11 /var/www/html/backend-legacy-laravel8/vendor/laravel/framework/src/Illuminate/Database/Console/Seeds/SeedCommand.php(70): Illuminate\\Database\\Seeder->__invoke()
#12 /var/www/html/backend-legacy-laravel8/vendor/laravel/framework/src/Illuminate/Database/Eloquent/Concerns/GuardsAttributes.php(155): Illuminate\\Database\\Console\\Seeds\\SeedCommand->Illuminate\\Database\\Console\\Seeds\\{closure}()
#13 /var/www/html/backend-legacy-laravel8/vendor/laravel/framework/src/Illuminate/Database/Console/Seeds/SeedCommand.php(69): Illuminate\\Database\\Eloquent\\Model::unguarded(Object(Closure))
#14 /var/www/html/backend-legacy-laravel8/vendor/laravel/framework/src/Illuminate/Container/BoundMethod.php(36): Illuminate\\Database\\Console\\Seeds\\SeedCommand->handle()
#15 /var/www/html/backend-legacy-laravel8/vendor/laravel/framework/src/Illuminate/Container/Util.php(43): Illuminate\\Container\\BoundMethod::Illuminate\\Container\\{closure}()
#16 /var/www/html/backend-legacy-laravel8/vendor/laravel/framework/src/Illuminate/Container/BoundMethod.php(95): Illuminate\\Container\\Util::unwrapIfClosure(Object(Closure))
#17 /var/www/html/backend-legacy-laravel8/vendor/laravel/framework/src/Illuminate/Container/BoundMethod.php(35): Illuminate\\Container\\BoundMethod::callBoundMethod(Object(Illuminate\\Foundation\\Application), Array, Object(Closure))
#18 /var/www/html/backend-legacy-laravel8/vendor/laravel/framework/src/Illuminate/Container/Container.php(696): Illuminate\\Container\\BoundMethod::call(Object(Illuminate\\Foundation\\Application), Array, Array, NULL)
#19 /var/www/html/backend-legacy-laravel8/vendor/laravel/framework/src/Illuminate/Console/Command.php(213): Illuminate\\Container\\Container->call(Array)
#20 /var/www/html/backend-legacy-laravel8/vendor/symfony/console/Command/Command.php(341): Illuminate\\Console\\Command->execute(Object(Symfony\\Component\\Console\\Input\\ArrayInput), Object(Illuminate\\Console\\OutputStyle))
#21 /var/www/html/backend-legacy-laravel8/vendor/laravel/framework/src/Illuminate/Console/Command.php(182): Symfony\\Component\\Console\\Command\\Command->run(Object(Symfony\\Component\\Console\\Input\\ArrayInput), Object(Illuminate\\Console\\OutputStyle))
#22 /var/www/html/backend-legacy-laravel8/vendor/laravel/framework/src/Illuminate/Console/Concerns/CallsCommands.php(68): Illuminate\\Console\\Command->run(Object(Symfony\\Component\\Console\\Input\\ArrayInput), Object(Illuminate\\Console\\OutputStyle))
#23 /var/www/html/backend-legacy-laravel8/vendor/laravel/framework/src/Illuminate/Console/Concerns/CallsCommands.php(29): Illuminate\\Console\\Command->runCommand('db:seed', Array, Object(Illuminate\\Console\\OutputStyle))
#24 /var/www/html/backend-legacy-laravel8/vendor/laravel/framework/src/Illuminate/Database/Console/Migrations/MigrateCommand.php(126): Illuminate\\Console\\Command->call('db:seed', Array)
#25 /var/www/html/backend-legacy-laravel8/vendor/laravel/framework/src/Illuminate/Database/Migrations/Migrator.php(658): Illuminate\\Database\\Console\\Migrations\\MigrateCommand->Illuminate\\Database\\Console\\Migrations\\{closure}()
#26 /var/www/html/backend-legacy-laravel8/vendor/laravel/framework/src/Illuminate/Database/Console/Migrations/MigrateCommand.php(110): Illuminate\\Database\\Migrations\\Migrator->usingConnection(NULL, Object(Closure))
#27 /var/www/html/backend-legacy-laravel8/vendor/laravel/framework/src/Illuminate/Database/Console/Migrations/MigrateCommand.php(89): Illuminate\\Database\\Console\\Migrations\\MigrateCommand->runMigrations()
#28 /var/www/html/backend-legacy-laravel8/vendor/laravel/framework/src/Illuminate/Container/BoundMethod.php(36): Illuminate\\Database\\Console\\Migrations\\MigrateCommand->handle()
#29 /var/www/html/backend-legacy-laravel8/vendor/laravel/framework/src/Illuminate/Container/Util.php(43): Illuminate\\Container\\BoundMethod::Illuminate\\Container\\{closure}()
#30 /var/www/html/backend-legacy-laravel8/vendor/laravel/framework/src/Illuminate/Container/BoundMethod.php(95): Illuminate\\Container\\Util::unwrapIfClosure(Object(Closure))
#31 /var/www/html/backend-legacy-laravel8/vendor/laravel/framework/src/Illuminate/Container/BoundMethod.php(35): Illuminate\\Container\\BoundMethod::callBoundMethod(Object(Illuminate\\Foundation\\Application), Array, Object(Closure))
#32 /var/www/html/backend-legacy-laravel8/vendor/laravel/framework/src/Illuminate/Container/Container.php(696): Illuminate\\Container\\BoundMethod::call(Object(Illuminate\\Foundation\\Application), Array, Array, NULL)
#33 /var/www/html/backend-legacy-laravel8/vendor/laravel/framework/src/Illuminate/Console/Command.php(213): Illuminate\\Container\\Container->call(Array)
#34 /var/www/html/backend-legacy-laravel8/vendor/symfony/console/Command/Command.php(341): Illuminate\\Console\\Command->execute(Object(Symfony\\Component\\Console\\Input\\ArgvInput), Object(Illuminate\\Console\\OutputStyle))
#35 /var/www/html/backend-legacy-laravel8/vendor/laravel/framework/src/Illuminate/Console/Command.php(182): Symfony\\Component\\Console\\Command\\Command->run(Object(Symfony\\Component\\Console\\Input\\ArgvInput), Object(Illuminate\\Console\\OutputStyle))
#36 /var/www/html/backend-legacy-laravel8/vendor/symfony/console/Application.php(1117): Illuminate\\Console\\Command->run(Object(Symfony\\Component\\Console\\Input\\ArgvInput), Object(Symfony\\Component\\Console\\Output\\ConsoleOutput))
#37 /var/www/html/backend-legacy-laravel8/vendor/symfony/console/Application.php(356): Symfony\\Component\\Console\\Application->doRunCommand(Object(Illuminate\\Database\\Console\\Migrations\\MigrateCommand), Object(Symfony\\Component\\Console\\Input\\ArgvInput), Object(Symfony\\Component\\Console\\Output\\ConsoleOutput))
#38 /var/www/html/backend-legacy-laravel8/vendor/symfony/console/Application.php(195): Symfony\\Component\\Console\\Application->doRun(Object(Symfony\\Component\\Console\\Input\\ArgvInput), Object(Symfony\\Component\\Console\\Output\\ConsoleOutput))
#39 /var/www/html/backend-legacy-laravel8/vendor/laravel/framework/src/Illuminate/Foundation/Console/Kernel.php(198): Symfony\\Component\\Console\\Application->run(Object(Symfony\\Component\\Console\\Input\\ArgvInput), Object(Symfony\\Component\\Console\\Output\\ConsoleOutput))
#40 /var/www/html/backend-legacy-laravel8/artisan(12): Illuminate\\Foundation\\Console\\Kernel->handle(Object(Symfony\\Component\\Console\\Input\\ArgvInput), Object(Symfony\\Component\\Console\\Output\\ConsoleOutput))
#41 {main}

[previous exception] [object] (PDOException(code: 23000): SQLSTATE[23000]: Integrity constraint violation: 1062 Duplicate entry 'admin@legacy.test' for key 'users.users_email_unique' at /var/www/html/backend-legacy-laravel8/vendor/laravel/framework/src/Illuminate/Database/MySqlConnection.php:53)
[stacktrace]
#0 /var/www/html/backend-legacy-laravel8/vendor/laravel/framework/src/Illuminate/Database/MySqlConnection.php(53): PDOStatement->execute()
#1 /var/www/html/backend-legacy-laravel8/vendor/laravel/framework/src/Illuminate/Database/Connection.php(812): Illuminate\\Database\\MySqlConnection->Illuminate\\Database\\{closure}('insert into `us...', Array)
#2 /var/www/html/backend-legacy-laravel8/vendor/laravel/framework/src/Illuminate/Database/Connection.php(779): Illuminate\\Database\\Connection->runQueryCallback('insert into `us...', Array, Object(Closure))
#3 /var/www/html/backend-legacy-laravel8/vendor/laravel/framework/src/Illuminate/Database/MySqlConnection.php(42): Illuminate\\Database\\Connection->run('insert into `us...', Array, Object(Closure))
#4 /var/www/html/backend-legacy-laravel8/vendor/laravel/framework/src/Illuminate/Database/Query/Builder.php(3717): Illuminate\\Database\\MySqlConnection->insert('insert into `us...', Array)
#5 /var/www/html/backend-legacy-laravel8/database/seeders/DatabaseSeeder.php(14): Illuminate\\Database\\Query\\Builder->insert(Array)
#6 /var/www/html/backend-legacy-laravel8/vendor/laravel/framework/src/Illuminate/Container/BoundMethod.php(36): Database\\Seeders\\DatabaseSeeder->run()
#7 /var/www/html/backend-legacy-laravel8/vendor/laravel/framework/src/Illuminate/Container/Util.php(43): Illuminate\\Container\\BoundMethod::Illuminate\\Container\\{closure}()
#8 /var/www/html/backend-legacy-laravel8/vendor/laravel/framework/src/Illuminate/Container/BoundMethod.php(95): Illuminate\\Container\\Util::unwrapIfClosure(Object(Closure))
#9 /var/www/html/backend-legacy-laravel8/vendor/laravel/framework/src/Illuminate/Container/BoundMethod.php(35): Illuminate\\Container\\BoundMethod::callBoundMethod(Object(Illuminate\\Foundation\\Application), Array, Object(Closure))
#10 /var/www/html/backend-legacy-laravel8/vendor/laravel/framework/src/Illuminate/Container/Container.php(696): Illuminate\\Container\\BoundMethod::call(Object(Illuminate\\Foundation\\Application), Array, Array, NULL)
#11 /var/www/html/backend-legacy-laravel8/vendor/laravel/framework/src/Illuminate/Database/Seeder.php(188): Illuminate\\Container\\Container->call(Array, Array)
#12 /var/www/html/backend-legacy-laravel8/vendor/laravel/framework/src/Illuminate/Database/Seeder.php(197): Illuminate\\Database\\Seeder->Illuminate\\Database\\{closure}()
#13 /var/www/html/backend-legacy-laravel8/vendor/laravel/framework/src/Illuminate/Database/Console/Seeds/SeedCommand.php(70): Illuminate\\Database\\Seeder->__invoke()
#14 /var/www/html/backend-legacy-laravel8/vendor/laravel/framework/src/Illuminate/Database/Eloquent/Concerns/GuardsAttributes.php(155): Illuminate\\Database\\Console\\Seeds\\SeedCommand->Illuminate\\Database\\Console\\Seeds\\{closure}()
#15 /var/www/html/backend-legacy-laravel8/vendor/laravel/framework/src/Illuminate/Database/Console/Seeds/SeedCommand.php(69): Illuminate\\Database\\Eloquent\\Model::unguarded(Object(Closure))
#16 /var/www/html/backend-legacy-laravel8/vendor/laravel/framework/src/Illuminate/Container/BoundMethod.php(36): Illuminate\\Database\\Console\\Seeds\\SeedCommand->handle()
#17 /var/www/html/backend-legacy-laravel8/vendor/laravel/framework/src/Illuminate/Container/Util.php(43): Illuminate\\Container\\BoundMethod::Illuminate\\Container\\{closure}()
#18 /var/www/html/backend-legacy-laravel8/vendor/laravel/framework/src/Illuminate/Container/BoundMethod.php(95): Illuminate\\Container\\Util::unwrapIfClosure(Object(Closure))
#19 /var/www/html/backend-legacy-laravel8/vendor/laravel/framework/src/Illuminate/Container/BoundMethod.php(35): Illuminate\\Container\\BoundMethod::callBoundMethod(Object(Illuminate\\Foundation\\Application), Array, Object(Closure))
#20 /var/www/html/backend-legacy-laravel8/vendor/laravel/framework/src/Illuminate/Container/Container.php(696): Illuminate\\Container\\BoundMethod::call(Object(Illuminate\\Foundation\\Application), Array, Array, NULL)
#21 /var/www/html/backend-legacy-laravel8/vendor/laravel/framework/src/Illuminate/Console/Command.php(213): Illuminate\\Container\\Container->call(Array)
#22 /var/www/html/backend-legacy-laravel8/vendor/symfony/console/Command/Command.php(341): Illuminate\\Console\\Command->execute(Object(Symfony\\Component\\Console\\Input\\ArrayInput), Object(Illuminate\\Console\\OutputStyle))
#23 /var/www/html/backend-legacy-laravel8/vendor/laravel/framework/src/Illuminate/Console/Command.php(182): Symfony\\Component\\Console\\Command\\Command->run(Object(Symfony\\Component\\Console\\Input\\ArrayInput), Object(Illuminate\\Console\\OutputStyle))
#24 /var/www/html/backend-legacy-laravel8/vendor/laravel/framework/src/Illuminate/Console/Concerns/CallsCommands.php(68): Illuminate\\Console\\Command->run(Object(Symfony\\Component\\Console\\Input\\ArrayInput), Object(Illuminate\\Console\\OutputStyle))
#25 /var/www/html/backend-legacy-laravel8/vendor/laravel/framework/src/Illuminate/Console/Concerns/CallsCommands.php(29): Illuminate\\Console\\Command->runCommand('db:seed', Array, Object(Illuminate\\Console\\OutputStyle))
#26 /var/www/html/backend-legacy-laravel8/vendor/laravel/framework/src/Illuminate/Database/Console/Migrations/MigrateCommand.php(126): Illuminate\\Console\\Command->call('db:seed', Array)
#27 /var/www/html/backend-legacy-laravel8/vendor/laravel/framework/src/Illuminate/Database/Migrations/Migrator.php(658): Illuminate\\Database\\Console\\Migrations\\MigrateCommand->Illuminate\\Database\\Console\\Migrations\\{closure}()
#28 /var/www/html/backend-legacy-laravel8/vendor/laravel/framework/src/Illuminate/Database/Console/Migrations/MigrateCommand.php(110): Illuminate\\Database\\Migrations\\Migrator->usingConnection(NULL, Object(Closure))
#29 /var/www/html/backend-legacy-laravel8/vendor/laravel/framework/src/Illuminate/Database/Console/Migrations/MigrateCommand.php(89): Illuminate\\Database\\Console\\Migrations\\MigrateCommand->runMigrations()
#30 /var/www/html/backend-legacy-laravel8/vendor/laravel/framework/src/Illuminate/Container/BoundMethod.php(36): Illuminate\\Database\\Console\\Migrations\\MigrateCommand->handle()
#31 /var/www/html/backend-legacy-laravel8/vendor/laravel/framework/src/Illuminate/Container/Util.php(43): Illuminate\\Container\\BoundMethod::Illuminate\\Container\\{closure}()
#32 /var/www/html/backend-legacy-laravel8/vendor/laravel/framework/src/Illuminate/Container/BoundMethod.php(95): Illuminate\\Container\\Util::unwrapIfClosure(Object(Closure))
#33 /var/www/html/backend-legacy-laravel8/vendor/laravel/framework/src/Illuminate/Container/BoundMethod.php(35): Illuminate\\Container\\BoundMethod::callBoundMethod(Object(Illuminate\\Foundation\\Application), Array, Object(Closure))
#34 /var/www/html/backend-legacy-laravel8/vendor/laravel/framework/src/Illuminate/Container/Container.php(696): Illuminate\\Container\\BoundMethod::call(Object(Illuminate\\Foundation\\Application), Array, Array, NULL)
#35 /var/www/html/backend-legacy-laravel8/vendor/laravel/framework/src/Illuminate/Console/Command.php(213): Illuminate\\Container\\Container->call(Array)
#36 /var/www/html/backend-legacy-laravel8/vendor/symfony/console/Command/Command.php(341): Illuminate\\Console\\Command->execute(Object(Symfony\\Component\\Console\\Input\\ArgvInput), Object(Illuminate\\Console\\OutputStyle))
#37 /var/www/html/backend-legacy-laravel8/vendor/laravel/framework/src/Illuminate/Console/Command.php(182): Symfony\\Component\\Console\\Command\\Command->run(Object(Symfony\\Component\\Console\\Input\\ArgvInput), Object(Illuminate\\Console\\OutputStyle))
#38 /var/www/html/backend-legacy-laravel8/vendor/symfony/console/Application.php(1117): Illuminate\\Console\\Command->run(Object(Symfony\\Component\\Console\\Input\\ArgvInput), Object(Symfony\\Component\\Console\\Output\\ConsoleOutput))
#39 /var/www/html/backend-legacy-laravel8/vendor/symfony/console/Application.php(356): Symfony\\Component\\Console\\Application->doRunCommand(Object(Illuminate\\Database\\Console\\Migrations\\MigrateCommand), Object(Symfony\\Component\\Console\\Input\\ArgvInput), Object(Symfony\\Component\\Console\\Output\\ConsoleOutput))
#40 /var/www/html/backend-legacy-laravel8/vendor/symfony/console/Application.php(195): Symfony\\Component\\Console\\Application->doRun(Object(Symfony\\Component\\Console\\Input\\ArgvInput), Object(Symfony\\Component\\Console\\Output\\ConsoleOutput))
#41 /var/www/html/backend-legacy-laravel8/vendor/laravel/framework/src/Illuminate/Foundation/Console/Kernel.php(198): Symfony\\Component\\Console\\Application->run(Object(Symfony\\Component\\Console\\Input\\ArgvInput), Object(Symfony\\Component\\Console\\Output\\ConsoleOutput))
#42 /var/www/html/backend-legacy-laravel8/artisan(12): Illuminate\\Foundation\\Console\\Kernel->handle(Object(Symfony\\Component\\Console\\Input\\ArgvInput), Object(Symfony\\Component\\Console\\Output\\ConsoleOutput))
#43 {main}
"} 
[2026-05-18 18:47:03] local.ERROR: SQLSTATE[23000]: Integrity constraint violation: 1062 Duplicate entry 'admin@legacy.test' for key 'users.users_email_unique' (Connection: mysql, SQL: insert into `users` (`name`, `email`, `password`, `api_token`, `created_at`, `updated_at`) values (Admin Legacy, admin@legacy.test, $2y$12$edip0mcydVb8aIB.kmJwjul8ZaZGoWN/.0.VEG/Ok.urBzfG/FKU6, ?, 2026-05-18 18:47:03, 2026-05-18 18:47:03)) {"exception":"[object] (Illuminate\\Database\\UniqueConstraintViolationException(code: 23000): SQLSTATE[23000]: Integrity constraint violation: 1062 Duplicate entry 'admin@legacy.test' for key 'users.users_email_unique' (Connection: mysql, SQL: insert into `users` (`name`, `email`, `password`, `api_token`, `created_at`, `updated_at`) values (Admin Legacy, admin@legacy.test, $2y$12$edip0mcydVb8aIB.kmJwjul8ZaZGoWN/.0.VEG/Ok.urBzfG/FKU6, ?, 2026-05-18 18:47:03, 2026-05-18 18:47:03)) at /var/www/html/backend-legacy-laravel8/vendor/laravel/framework/src/Illuminate/Database/Connection.php:820)
[stacktrace]
#0 /var/www/html/backend-legacy-laravel8/vendor/laravel/framework/src/Illuminate/Database/Connection.php(779): Illuminate\\Database\\Connection->runQueryCallback('insert into `us...', Array, Object(Closure))
#1 /var/www/html/backend-legacy-laravel8/vendor/laravel/framework/src/Illuminate/Database/MySqlConnection.php(42): Illuminate\\Database\\Connection->run('insert into `us...', Array, Object(Closure))
#2 /var/www/html/backend-legacy-laravel8/vendor/laravel/framework/src/Illuminate/Database/Query/Builder.php(3717): Illuminate\\Database\\MySqlConnection->insert('insert into `us...', Array)
#3 /var/www/html/backend-legacy-laravel8/database/seeders/DatabaseSeeder.php(14): Illuminate\\Database\\Query\\Builder->insert(Array)
#4 /var/www/html/backend-legacy-laravel8/vendor/laravel/framework/src/Illuminate/Container/BoundMethod.php(36): Database\\Seeders\\DatabaseSeeder->run()
#5 /var/www/html/backend-legacy-laravel8/vendor/laravel/framework/src/Illuminate/Container/Util.php(43): Illuminate\\Container\\BoundMethod::Illuminate\\Container\\{closure}()
#6 /var/www/html/backend-legacy-laravel8/vendor/laravel/framework/src/Illuminate/Container/BoundMethod.php(95): Illuminate\\Container\\Util::unwrapIfClosure(Object(Closure))
#7 /var/www/html/backend-legacy-laravel8/vendor/laravel/framework/src/Illuminate/Container/BoundMethod.php(35): Illuminate\\Container\\BoundMethod::callBoundMethod(Object(Illuminate\\Foundation\\Application), Array, Object(Closure))
#8 /var/www/html/backend-legacy-laravel8/vendor/laravel/framework/src/Illuminate/Container/Container.php(696): Illuminate\\Container\\BoundMethod::call(Object(Illuminate\\Foundation\\Application), Array, Array, NULL)
#9 /var/www/html/backend-legacy-laravel8/vendor/laravel/framework/src/Illuminate/Database/Seeder.php(188): Illuminate\\Container\\Container->call(Array, Array)
#10 /var/www/html/backend-legacy-laravel8/vendor/laravel/framework/src/Illuminate/Database/Seeder.php(197): Illuminate\\Database\\Seeder->Illuminate\\Database\\{closure}()
#11 /var/www/html/backend-legacy-laravel8/vendor/laravel/framework/src/Illuminate/Database/Console/Seeds/SeedCommand.php(70): Illuminate\\Database\\Seeder->__invoke()
#12 /var/www/html/backend-legacy-laravel8/vendor/laravel/framework/src/Illuminate/Database/Eloquent/Concerns/GuardsAttributes.php(155): Illuminate\\Database\\Console\\Seeds\\SeedCommand->Illuminate\\Database\\Console\\Seeds\\{closure}()
#13 /var/www/html/backend-legacy-laravel8/vendor/laravel/framework/src/Illuminate/Database/Console/Seeds/SeedCommand.php(69): Illuminate\\Database\\Eloquent\\Model::unguarded(Object(Closure))
#14 /var/www/html/backend-legacy-laravel8/vendor/laravel/framework/src/Illuminate/Container/BoundMethod.php(36): Illuminate\\Database\\Console\\Seeds\\SeedCommand->handle()
#15 /var/www/html/backend-legacy-laravel8/vendor/laravel/framework/src/Illuminate/Container/Util.php(43): Illuminate\\Container\\BoundMethod::Illuminate\\Container\\{closure}()
#16 /var/www/html/backend-legacy-laravel8/vendor/laravel/framework/src/Illuminate/Container/BoundMethod.php(95): Illuminate\\Container\\Util::unwrapIfClosure(Object(Closure))
#17 /var/www/html/backend-legacy-laravel8/vendor/laravel/framework/src/Illuminate/Container/BoundMethod.php(35): Illuminate\\Container\\BoundMethod::callBoundMethod(Object(Illuminate\\Foundation\\Application), Array, Object(Closure))
#18 /var/www/html/backend-legacy-laravel8/vendor/laravel/framework/src/Illuminate/Container/Container.php(696): Illuminate\\Container\\BoundMethod::call(Object(Illuminate\\Foundation\\Application), Array, Array, NULL)
#19 /var/www/html/backend-legacy-laravel8/vendor/laravel/framework/src/Illuminate/Console/Command.php(213): Illuminate\\Container\\Container->call(Array)
#20 /var/www/html/backend-legacy-laravel8/vendor/symfony/console/Command/Command.php(341): Illuminate\\Console\\Command->execute(Object(Symfony\\Component\\Console\\Input\\ArrayInput), Object(Illuminate\\Console\\OutputStyle))
#21 /var/www/html/backend-legacy-laravel8/vendor/laravel/framework/src/Illuminate/Console/Command.php(182): Symfony\\Component\\Console\\Command\\Command->run(Object(Symfony\\Component\\Console\\Input\\ArrayInput), Object(Illuminate\\Console\\OutputStyle))
#22 /var/www/html/backend-legacy-laravel8/vendor/laravel/framework/src/Illuminate/Console/Concerns/CallsCommands.php(68): Illuminate\\Console\\Command->run(Object(Symfony\\Component\\Console\\Input\\ArrayInput), Object(Illuminate\\Console\\OutputStyle))
#23 /var/www/html/backend-legacy-laravel8/vendor/laravel/framework/src/Illuminate/Console/Concerns/CallsCommands.php(29): Illuminate\\Console\\Command->runCommand('db:seed', Array, Object(Illuminate\\Console\\OutputStyle))
#24 /var/www/html/backend-legacy-laravel8/vendor/laravel/framework/src/Illuminate/Database/Console/Migrations/MigrateCommand.php(126): Illuminate\\Console\\Command->call('db:seed', Array)
#25 /var/www/html/backend-legacy-laravel8/vendor/laravel/framework/src/Illuminate/Database/Migrations/Migrator.php(658): Illuminate\\Database\\Console\\Migrations\\MigrateCommand->Illuminate\\Database\\Console\\Migrations\\{closure}()
#26 /var/www/html/backend-legacy-laravel8/vendor/laravel/framework/src/Illuminate/Database/Console/Migrations/MigrateCommand.php(110): Illuminate\\Database\\Migrations\\Migrator->usingConnection(NULL, Object(Closure))
#27 /var/www/html/backend-legacy-laravel8/vendor/laravel/framework/src/Illuminate/Database/Console/Migrations/MigrateCommand.php(89): Illuminate\\Database\\Console\\Migrations\\MigrateCommand->runMigrations()
#28 /var/www/html/backend-legacy-laravel8/vendor/laravel/framework/src/Illuminate/Container/BoundMethod.php(36): Illuminate\\Database\\Console\\Migrations\\MigrateCommand->handle()
#29 /var/www/html/backend-legacy-laravel8/vendor/laravel/framework/src/Illuminate/Container/Util.php(43): Illuminate\\Container\\BoundMethod::Illuminate\\Container\\{closure}()
#30 /var/www/html/backend-legacy-laravel8/vendor/laravel/framework/src/Illuminate/Container/BoundMethod.php(95): Illuminate\\Container\\Util::unwrapIfClosure(Object(Closure))
#31 /var/www/html/backend-legacy-laravel8/vendor/laravel/framework/src/Illuminate/Container/BoundMethod.php(35): Illuminate\\Container\\BoundMethod::callBoundMethod(Object(Illuminate\\Foundation\\Application), Array, Object(Closure))
#32 /var/www/html/backend-legacy-laravel8/vendor/laravel/framework/src/Illuminate/Container/Container.php(696): Illuminate\\Container\\BoundMethod::call(Object(Illuminate\\Foundation\\Application), Array, Array, NULL)
#33 /var/www/html/backend-legacy-laravel8/vendor/laravel/framework/src/Illuminate/Console/Command.php(213): Illuminate\\Container\\Container->call(Array)
#34 /var/www/html/backend-legacy-laravel8/vendor/symfony/console/Command/Command.php(341): Illuminate\\Console\\Command->execute(Object(Symfony\\Component\\Console\\Input\\ArgvInput), Object(Illuminate\\Console\\OutputStyle))
#35 /var/www/html/backend-legacy-laravel8/vendor/laravel/framework/src/Illuminate/Console/Command.php(182): Symfony\\Component\\Console\\Command\\Command->run(Object(Symfony\\Component\\Console\\Input\\ArgvInput), Object(Illuminate\\Console\\OutputStyle))
#36 /var/www/html/backend-legacy-laravel8/vendor/symfony/console/Application.php(1117): Illuminate\\Console\\Command->run(Object(Symfony\\Component\\Console\\Input\\ArgvInput), Object(Symfony\\Component\\Console\\Output\\ConsoleOutput))
#37 /var/www/html/backend-legacy-laravel8/vendor/symfony/console/Application.php(356): Symfony\\Component\\Console\\Application->doRunCommand(Object(Illuminate\\Database\\Console\\Migrations\\MigrateCommand), Object(Symfony\\Component\\Console\\Input\\ArgvInput), Object(Symfony\\Component\\Console\\Output\\ConsoleOutput))
#38 /var/www/html/backend-legacy-laravel8/vendor/symfony/console/Application.php(195): Symfony\\Component\\Console\\Application->doRun(Object(Symfony\\Component\\Console\\Input\\ArgvInput), Object(Symfony\\Component\\Console\\Output\\ConsoleOutput))
#39 /var/www/html/backend-legacy-laravel8/vendor/laravel/framework/src/Illuminate/Foundation/Console/Kernel.php(198): Symfony\\Component\\Console\\Application->run(Object(Symfony\\Component\\Console\\Input\\ArgvInput), Object(Symfony\\Component\\Console\\Output\\ConsoleOutput))
#40 /var/www/html/backend-legacy-laravel8/artisan(12): Illuminate\\Foundation\\Console\\Kernel->handle(Object(Symfony\\Component\\Console\\Input\\ArgvInput), Object(Symfony\\Component\\Console\\Output\\ConsoleOutput))
#41 {main}

[previous exception] [object] (PDOException(code: 23000): SQLSTATE[23000]: Integrity constraint violation: 1062 Duplicate entry 'admin@legacy.test' for key 'users.users_email_unique' at /var/www/html/backend-legacy-laravel8/vendor/laravel/framework/src/Illuminate/Database/MySqlConnection.php:53)
[stacktrace]
#0 /var/www/html/backend-legacy-laravel8/vendor/laravel/framework/src/Illuminate/Database/MySqlConnection.php(53): PDOStatement->execute()
#1 /var/www/html/backend-legacy-laravel8/vendor/laravel/framework/src/Illuminate/Database/Connection.php(812): Illuminate\\Database\\MySqlConnection->Illuminate\\Database\\{closure}('insert into `us...', Array)
#2 /var/www/html/backend-legacy-laravel8/vendor/laravel/framework/src/Illuminate/Database/Connection.php(779): Illuminate\\Database\\Connection->runQueryCallback('insert into `us...', Array, Object(Closure))
#3 /var/www/html/backend-legacy-laravel8/vendor/laravel/framework/src/Illuminate/Database/MySqlConnection.php(42): Illuminate\\Database\\Connection->run('insert into `us...', Array, Object(Closure))
#4 /var/www/html/backend-legacy-laravel8/vendor/laravel/framework/src/Illuminate/Database/Query/Builder.php(3717): Illuminate\\Database\\MySqlConnection->insert('insert into `us...', Array)
#5 /var/www/html/backend-legacy-laravel8/database/seeders/DatabaseSeeder.php(14): Illuminate\\Database\\Query\\Builder->insert(Array)
#6 /var/www/html/backend-legacy-laravel8/vendor/laravel/framework/src/Illuminate/Container/BoundMethod.php(36): Database\\Seeders\\DatabaseSeeder->run()
#7 /var/www/html/backend-legacy-laravel8/vendor/laravel/framework/src/Illuminate/Container/Util.php(43): Illuminate\\Container\\BoundMethod::Illuminate\\Container\\{closure}()
#8 /var/www/html/backend-legacy-laravel8/vendor/laravel/framework/src/Illuminate/Container/BoundMethod.php(95): Illuminate\\Container\\Util::unwrapIfClosure(Object(Closure))
#9 /var/www/html/backend-legacy-laravel8/vendor/laravel/framework/src/Illuminate/Container/BoundMethod.php(35): Illuminate\\Container\\BoundMethod::callBoundMethod(Object(Illuminate\\Foundation\\Application), Array, Object(Closure))
#10 /var/www/html/backend-legacy-laravel8/vendor/laravel/framework/src/Illuminate/Container/Container.php(696): Illuminate\\Container\\BoundMethod::call(Object(Illuminate\\Foundation\\Application), Array, Array, NULL)
#11 /var/www/html/backend-legacy-laravel8/vendor/laravel/framework/src/Illuminate/Database/Seeder.php(188): Illuminate\\Container\\Container->call(Array, Array)
#12 /var/www/html/backend-legacy-laravel8/vendor/laravel/framework/src/Illuminate/Database/Seeder.php(197): Illuminate\\Database\\Seeder->Illuminate\\Database\\{closure}()
#13 /var/www/html/backend-legacy-laravel8/vendor/laravel/framework/src/Illuminate/Database/Console/Seeds/SeedCommand.php(70): Illuminate\\Database\\Seeder->__invoke()
#14 /var/www/html/backend-legacy-laravel8/vendor/laravel/framework/src/Illuminate/Database/Eloquent/Concerns/GuardsAttributes.php(155): Illuminate\\Database\\Console\\Seeds\\SeedCommand->Illuminate\\Database\\Console\\Seeds\\{closure}()
#15 /var/www/html/backend-legacy-laravel8/vendor/laravel/framework/src/Illuminate/Database/Console/Seeds/SeedCommand.php(69): Illuminate\\Database\\Eloquent\\Model::unguarded(Object(Closure))
#16 /var/www/html/backend-legacy-laravel8/vendor/laravel/framework/src/Illuminate/Container/BoundMethod.php(36): Illuminate\\Database\\Console\\Seeds\\SeedCommand->handle()
#17 /var/www/html/backend-legacy-laravel8/vendor/laravel/framework/src/Illuminate/Container/Util.php(43): Illuminate\\Container\\BoundMethod::Illuminate\\Container\\{closure}()
#18 /var/www/html/backend-legacy-laravel8/vendor/laravel/framework/src/Illuminate/Container/BoundMethod.php(95): Illuminate\\Container\\Util::unwrapIfClosure(Object(Closure))
#19 /var/www/html/backend-legacy-laravel8/vendor/laravel/framework/src/Illuminate/Container/BoundMethod.php(35): Illuminate\\Container\\BoundMethod::callBoundMethod(Object(Illuminate\\Foundation\\Application), Array, Object(Closure))
#20 /var/www/html/backend-legacy-laravel8/vendor/laravel/framework/src/Illuminate/Container/Container.php(696): Illuminate\\Container\\BoundMethod::call(Object(Illuminate\\Foundation\\Application), Array, Array, NULL)
#21 /var/www/html/backend-legacy-laravel8/vendor/laravel/framework/src/Illuminate/Console/Command.php(213): Illuminate\\Container\\Container->call(Array)
#22 /var/www/html/backend-legacy-laravel8/vendor/symfony/console/Command/Command.php(341): Illuminate\\Console\\Command->execute(Object(Symfony\\Component\\Console\\Input\\ArrayInput), Object(Illuminate\\Console\\OutputStyle))
#23 /var/www/html/backend-legacy-laravel8/vendor/laravel/framework/src/Illuminate/Console/Command.php(182): Symfony\\Component\\Console\\Command\\Command->run(Object(Symfony\\Component\\Console\\Input\\ArrayInput), Object(Illuminate\\Console\\OutputStyle))
#24 /var/www/html/backend-legacy-laravel8/vendor/laravel/framework/src/Illuminate/Console/Concerns/CallsCommands.php(68): Illuminate\\Console\\Command->run(Object(Symfony\\Component\\Console\\Input\\ArrayInput), Object(Illuminate\\Console\\OutputStyle))
#25 /var/www/html/backend-legacy-laravel8/vendor/laravel/framework/src/Illuminate/Console/Concerns/CallsCommands.php(29): Illuminate\\Console\\Command->runCommand('db:seed', Array, Object(Illuminate\\Console\\OutputStyle))
#26 /var/www/html/backend-legacy-laravel8/vendor/laravel/framework/src/Illuminate/Database/Console/Migrations/MigrateCommand.php(126): Illuminate\\Console\\Command->call('db:seed', Array)
#27 /var/www/html/backend-legacy-laravel8/vendor/laravel/framework/src/Illuminate/Database/Migrations/Migrator.php(658): Illuminate\\Database\\Console\\Migrations\\MigrateCommand->Illuminate\\Database\\Console\\Migrations\\{closure}()
#28 /var/www/html/backend-legacy-laravel8/vendor/laravel/framework/src/Illuminate/Database/Console/Migrations/MigrateCommand.php(110): Illuminate\\Database\\Migrations\\Migrator->usingConnection(NULL, Object(Closure))
#29 /var/www/html/backend-legacy-laravel8/vendor/laravel/framework/src/Illuminate/Database/Console/Migrations/MigrateCommand.php(89): Illuminate\\Database\\Console\\Migrations\\MigrateCommand->runMigrations()
#30 /var/www/html/backend-legacy-laravel8/vendor/laravel/framework/src/Illuminate/Container/BoundMethod.php(36): Illuminate\\Database\\Console\\Migrations\\MigrateCommand->handle()
#31 /var/www/html/backend-legacy-laravel8/vendor/laravel/framework/src/Illuminate/Container/Util.php(43): Illuminate\\Container\\BoundMethod::Illuminate\\Container\\{closure}()
#32 /var/www/html/backend-legacy-laravel8/vendor/laravel/framework/src/Illuminate/Container/BoundMethod.php(95): Illuminate\\Container\\Util::unwrapIfClosure(Object(Closure))
#33 /var/www/html/backend-legacy-laravel8/vendor/laravel/framework/src/Illuminate/Container/BoundMethod.php(35): Illuminate\\Container\\BoundMethod::callBoundMethod(Object(Illuminate\\Foundation\\Application), Array, Object(Closure))
#34 /var/www/html/backend-legacy-laravel8/vendor/laravel/framework/src/Illuminate/Container/Container.php(696): Illuminate\\Container\\BoundMethod::call(Object(Illuminate\\Foundation\\Application), Array, Array, NULL)
#35 /var/www/html/backend-legacy-laravel8/vendor/laravel/framework/src/Illuminate/Console/Command.php(213): Illuminate\\Container\\Container->call(Array)
#36 /var/www/html/backend-legacy-laravel8/vendor/symfony/console/Command/Command.php(341): Illuminate\\Console\\Command->execute(Object(Symfony\\Component\\Console\\Input\\ArgvInput), Object(Illuminate\\Console\\OutputStyle))
#37 /var/www/html/backend-legacy-laravel8/vendor/laravel/framework/src/Illuminate/Console/Command.php(182): Symfony\\Component\\Console\\Command\\Command->run(Object(Symfony\\Component\\Console\\Input\\ArgvInput), Object(Illuminate\\Console\\OutputStyle))
#38 /var/www/html/backend-legacy-laravel8/vendor/symfony/console/Application.php(1117): Illuminate\\Console\\Command->run(Object(Symfony\\Component\\Console\\Input\\ArgvInput), Object(Symfony\\Component\\Console\\Output\\ConsoleOutput))
#39 /var/www/html/backend-legacy-laravel8/vendor/symfony/console/Application.php(356): Symfony\\Component\\Console\\Application->doRunCommand(Object(Illuminate\\Database\\Console\\Migrations\\MigrateCommand), Object(Symfony\\Component\\Console\\Input\\ArgvInput), Object(Symfony\\Component\\Console\\Output\\ConsoleOutput))
#40 /var/www/html/backend-legacy-laravel8/vendor/symfony/console/Application.php(195): Symfony\\Component\\Console\\Application->doRun(Object(Symfony\\Component\\Console\\Input\\ArgvInput), Object(Symfony\\Component\\Console\\Output\\ConsoleOutput))
#41 /var/www/html/backend-legacy-laravel8/vendor/laravel/framework/src/Illuminate/Foundation/Console/Kernel.php(198): Symfony\\Component\\Console\\Application->run(Object(Symfony\\Component\\Console\\Input\\ArgvInput), Object(Symfony\\Component\\Console\\Output\\ConsoleOutput))
#42 /var/www/html/backend-legacy-laravel8/artisan(12): Illuminate\\Foundation\\Console\\Kernel->handle(Object(Symfony\\Component\\Console\\Input\\ArgvInput), Object(Symfony\\Component\\Console\\Output\\ConsoleOutput))
#43 {main}
"} 
[2026-05-18 18:47:32] local.INFO: Category updated {"category_id":100} 
[2026-05-18 18:47:39] local.INFO: Category updated {"category_id":100} 
[2026-05-18 18:51:07] local.ERROR: SQLSTATE[23000]: Integrity constraint violation: 1062 Duplicate entry 'admin@legacy.test' for key 'users.users_email_unique' (Connection: mysql, SQL: insert into `users` (`name`, `email`, `password`, `api_token`, `created_at`, `updated_at`) values (Admin Legacy, admin@legacy.test, $2y$12$T3bqI5xUNULlHCE5uWSEzOjD4FPLCA8rh0mzFVWwFs5W6auwfaJi2, ?, 2026-05-18 18:51:07, 2026-05-18 18:51:07)) {"exception":"[object] (Illuminate\\Database\\UniqueConstraintViolationException(code: 23000): SQLSTATE[23000]: Integrity constraint violation: 1062 Duplicate entry 'admin@legacy.test' for key 'users.users_email_unique' (Connection: mysql, SQL: insert into `users` (`name`, `email`, `password`, `api_token`, `created_at`, `updated_at`) values (Admin Legacy, admin@legacy.test, $2y$12$T3bqI5xUNULlHCE5uWSEzOjD4FPLCA8rh0mzFVWwFs5W6auwfaJi2, ?, 2026-05-18 18:51:07, 2026-05-18 18:51:07)) at /var/www/html/backend-legacy-laravel8/vendor/laravel/framework/src/Illuminate/Database/Connection.php:820)
[stacktrace]
#0 /var/www/html/backend-legacy-laravel8/vendor/laravel/framework/src/Illuminate/Database/Connection.php(779): Illuminate\\Database\\Connection->runQueryCallback('insert into `us...', Array, Object(Closure))
#1 /var/www/html/backend-legacy-laravel8/vendor/laravel/framework/src/Illuminate/Database/MySqlConnection.php(42): Illuminate\\Database\\Connection->run('insert into `us...', Array, Object(Closure))
#2 /var/www/html/backend-legacy-laravel8/vendor/laravel/framework/src/Illuminate/Database/Query/Builder.php(3717): Illuminate\\Database\\MySqlConnection->insert('insert into `us...', Array)
#3 /var/www/html/backend-legacy-laravel8/database/seeders/DatabaseSeeder.php(14): Illuminate\\Database\\Query\\Builder->insert(Array)
#4 /var/www/html/backend-legacy-laravel8/vendor/laravel/framework/src/Illuminate/Container/BoundMethod.php(36): Database\\Seeders\\DatabaseSeeder->run()
#5 /var/www/html/backend-legacy-laravel8/vendor/laravel/framework/src/Illuminate/Container/Util.php(43): Illuminate\\Container\\BoundMethod::Illuminate\\Container\\{closure}()
#6 /var/www/html/backend-legacy-laravel8/vendor/laravel/framework/src/Illuminate/Container/BoundMethod.php(95): Illuminate\\Container\\Util::unwrapIfClosure(Object(Closure))
#7 /var/www/html/backend-legacy-laravel8/vendor/laravel/framework/src/Illuminate/Container/BoundMethod.php(35): Illuminate\\Container\\BoundMethod::callBoundMethod(Object(Illuminate\\Foundation\\Application), Array, Object(Closure))
#8 /var/www/html/backend-legacy-laravel8/vendor/laravel/framework/src/Illuminate/Container/Container.php(696): Illuminate\\Container\\BoundMethod::call(Object(Illuminate\\Foundation\\Application), Array, Array, NULL)
#9 /var/www/html/backend-legacy-laravel8/vendor/laravel/framework/src/Illuminate/Database/Seeder.php(188): Illuminate\\Container\\Container->call(Array, Array)
#10 /var/www/html/backend-legacy-laravel8/vendor/laravel/framework/src/Illuminate/Database/Seeder.php(197): Illuminate\\Database\\Seeder->Illuminate\\Database\\{closure}()
#11 /var/www/html/backend-legacy-laravel8/vendor/laravel/framework/src/Illuminate/Database/Console/Seeds/SeedCommand.php(70): Illuminate\\Database\\Seeder->__invoke()
#12 /var/www/html/backend-legacy-laravel8/vendor/laravel/framework/src/Illuminate/Database/Eloquent/Concerns/GuardsAttributes.php(155): Illuminate\\Database\\Console\\Seeds\\SeedCommand->Illuminate\\Database\\Console\\Seeds\\{closure}()
#13 /var/www/html/backend-legacy-laravel8/vendor/laravel/framework/src/Illuminate/Database/Console/Seeds/SeedCommand.php(69): Illuminate\\Database\\Eloquent\\Model::unguarded(Object(Closure))
#14 /var/www/html/backend-legacy-laravel8/vendor/laravel/framework/src/Illuminate/Container/BoundMethod.php(36): Illuminate\\Database\\Console\\Seeds\\SeedCommand->handle()
#15 /var/www/html/backend-legacy-laravel8/vendor/laravel/framework/src/Illuminate/Container/Util.php(43): Illuminate\\Container\\BoundMethod::Illuminate\\Container\\{closure}()
#16 /var/www/html/backend-legacy-laravel8/vendor/laravel/framework/src/Illuminate/Container/BoundMethod.php(95): Illuminate\\Container\\Util::unwrapIfClosure(Object(Closure))
#17 /var/www/html/backend-legacy-laravel8/vendor/laravel/framework/src/Illuminate/Container/BoundMethod.php(35): Illuminate\\Container\\BoundMethod::callBoundMethod(Object(Illuminate\\Foundation\\Application), Array, Object(Closure))
#18 /var/www/html/backend-legacy-laravel8/vendor/laravel/framework/src/Illuminate/Container/Container.php(696): Illuminate\\Container\\BoundMethod::call(Object(Illuminate\\Foundation\\Application), Array, Array, NULL)
#19 /var/www/html/backend-legacy-laravel8/vendor/laravel/framework/src/Illuminate/Console/Command.php(213): Illuminate\\Container\\Container->call(Array)
#20 /var/www/html/backend-legacy-laravel8/vendor/symfony/console/Command/Command.php(341): Illuminate\\Console\\Command->execute(Object(Symfony\\Component\\Console\\Input\\ArrayInput), Object(Illuminate\\Console\\OutputStyle))
#21 /var/www/html/backend-legacy-laravel8/vendor/laravel/framework/src/Illuminate/Console/Command.php(182): Symfony\\Component\\Console\\Command\\Command->run(Object(Symfony\\Component\\Console\\Input\\ArrayInput), Object(Illuminate\\Console\\OutputStyle))
#22 /var/www/html/backend-legacy-laravel8/vendor/laravel/framework/src/Illuminate/Console/Concerns/CallsCommands.php(68): Illuminate\\Console\\Command->run(Object(Symfony\\Component\\Console\\Input\\ArrayInput), Object(Illuminate\\Console\\OutputStyle))
#23 /var/www/html/backend-legacy-laravel8/vendor/laravel/framework/src/Illuminate/Console/Concerns/CallsCommands.php(29): Illuminate\\Console\\Command->runCommand('db:seed', Array, Object(Illuminate\\Console\\OutputStyle))
#24 /var/www/html/backend-legacy-laravel8/vendor/laravel/framework/src/Illuminate/Database/Console/Migrations/MigrateCommand.php(126): Illuminate\\Console\\Command->call('db:seed', Array)
#25 /var/www/html/backend-legacy-laravel8/vendor/laravel/framework/src/Illuminate/Database/Migrations/Migrator.php(658): Illuminate\\Database\\Console\\Migrations\\MigrateCommand->Illuminate\\Database\\Console\\Migrations\\{closure}()
#26 /var/www/html/backend-legacy-laravel8/vendor/laravel/framework/src/Illuminate/Database/Console/Migrations/MigrateCommand.php(110): Illuminate\\Database\\Migrations\\Migrator->usingConnection(NULL, Object(Closure))
#27 /var/www/html/backend-legacy-laravel8/vendor/laravel/framework/src/Illuminate/Database/Console/Migrations/MigrateCommand.php(89): Illuminate\\Database\\Console\\Migrations\\MigrateCommand->runMigrations()
#28 /var/www/html/backend-legacy-laravel8/vendor/laravel/framework/src/Illuminate/Container/BoundMethod.php(36): Illuminate\\Database\\Console\\Migrations\\MigrateCommand->handle()
#29 /var/www/html/backend-legacy-laravel8/vendor/laravel/framework/src/Illuminate/Container/Util.php(43): Illuminate\\Container\\BoundMethod::Illuminate\\Container\\{closure}()
#30 /var/www/html/backend-legacy-laravel8/vendor/laravel/framework/src/Illuminate/Container/BoundMethod.php(95): Illuminate\\Container\\Util::unwrapIfClosure(Object(Closure))
#31 /var/www/html/backend-legacy-laravel8/vendor/laravel/framework/src/Illuminate/Container/BoundMethod.php(35): Illuminate\\Container\\BoundMethod::callBoundMethod(Object(Illuminate\\Foundation\\Application), Array, Object(Closure))
#32 /var/www/html/backend-legacy-laravel8/vendor/laravel/framework/src/Illuminate/Container/Container.php(696): Illuminate\\Container\\BoundMethod::call(Object(Illuminate\\Foundation\\Application), Array, Array, NULL)
#33 /var/www/html/backend-legacy-laravel8/vendor/laravel/framework/src/Illuminate/Console/Command.php(213): Illuminate\\Container\\Container->call(Array)
#34 /var/www/html/backend-legacy-laravel8/vendor/symfony/console/Command/Command.php(341): Illuminate\\Console\\Command->execute(Object(Symfony\\Component\\Console\\Input\\ArgvInput), Object(Illuminate\\Console\\OutputStyle))
#35 /var/www/html/backend-legacy-laravel8/vendor/laravel/framework/src/Illuminate/Console/Command.php(182): Symfony\\Component\\Console\\Command\\Command->run(Object(Symfony\\Component\\Console\\Input\\ArgvInput), Object(Illuminate\\Console\\OutputStyle))
#36 /var/www/html/backend-legacy-laravel8/vendor/symfony/console/Application.php(1117): Illuminate\\Console\\Command->run(Object(Symfony\\Component\\Console\\Input\\ArgvInput), Object(Symfony\\Component\\Console\\Output\\ConsoleOutput))
#37 /var/www/html/backend-legacy-laravel8/vendor/symfony/console/Application.php(356): Symfony\\Component\\Console\\Application->doRunCommand(Object(Illuminate\\Database\\Console\\Migrations\\MigrateCommand), Object(Symfony\\Component\\Console\\Input\\ArgvInput), Object(Symfony\\Component\\Console\\Output\\ConsoleOutput))
#38 /var/www/html/backend-legacy-laravel8/vendor/symfony/console/Application.php(195): Symfony\\Component\\Console\\Application->doRun(Object(Symfony\\Component\\Console\\Input\\ArgvInput), Object(Symfony\\Component\\Console\\Output\\ConsoleOutput))
#39 /var/www/html/backend-legacy-laravel8/vendor/laravel/framework/src/Illuminate/Foundation/Console/Kernel.php(198): Symfony\\Component\\Console\\Application->run(Object(Symfony\\Component\\Console\\Input\\ArgvInput), Object(Symfony\\Component\\Console\\Output\\ConsoleOutput))
#40 /var/www/html/backend-legacy-laravel8/artisan(12): Illuminate\\Foundation\\Console\\Kernel->handle(Object(Symfony\\Component\\Console\\Input\\ArgvInput), Object(Symfony\\Component\\Console\\Output\\ConsoleOutput))
#41 {main}

[previous exception] [object] (PDOException(code: 23000): SQLSTATE[23000]: Integrity constraint violation: 1062 Duplicate entry 'admin@legacy.test' for key 'users.users_email_unique' at /var/www/html/backend-legacy-laravel8/vendor/laravel/framework/src/Illuminate/Database/MySqlConnection.php:53)
[stacktrace]
#0 /var/www/html/backend-legacy-laravel8/vendor/laravel/framework/src/Illuminate/Database/MySqlConnection.php(53): PDOStatement->execute()
#1 /var/www/html/backend-legacy-laravel8/vendor/laravel/framework/src/Illuminate/Database/Connection.php(812): Illuminate\\Database\\MySqlConnection->Illuminate\\Database\\{closure}('insert into `us...', Array)
#2 /var/www/html/backend-legacy-laravel8/vendor/laravel/framework/src/Illuminate/Database/Connection.php(779): Illuminate\\Database\\Connection->runQueryCallback('insert into `us...', Array, Object(Closure))
#3 /var/www/html/backend-legacy-laravel8/vendor/laravel/framework/src/Illuminate/Database/MySqlConnection.php(42): Illuminate\\Database\\Connection->run('insert into `us...', Array, Object(Closure))
#4 /var/www/html/backend-legacy-laravel8/vendor/laravel/framework/src/Illuminate/Database/Query/Builder.php(3717): Illuminate\\Database\\MySqlConnection->insert('insert into `us...', Array)
#5 /var/www/html/backend-legacy-laravel8/database/seeders/DatabaseSeeder.php(14): Illuminate\\Database\\Query\\Builder->insert(Array)
#6 /var/www/html/backend-legacy-laravel8/vendor/laravel/framework/src/Illuminate/Container/BoundMethod.php(36): Database\\Seeders\\DatabaseSeeder->run()
#7 /var/www/html/backend-legacy-laravel8/vendor/laravel/framework/src/Illuminate/Container/Util.php(43): Illuminate\\Container\\BoundMethod::Illuminate\\Container\\{closure}()
#8 /var/www/html/backend-legacy-laravel8/vendor/laravel/framework/src/Illuminate/Container/BoundMethod.php(95): Illuminate\\Container\\Util::unwrapIfClosure(Object(Closure))
#9 /var/www/html/backend-legacy-laravel8/vendor/laravel/framework/src/Illuminate/Container/BoundMethod.php(35): Illuminate\\Container\\BoundMethod::callBoundMethod(Object(Illuminate\\Foundation\\Application), Array, Object(Closure))
#10 /var/www/html/backend-legacy-laravel8/vendor/laravel/framework/src/Illuminate/Container/Container.php(696): Illuminate\\Container\\BoundMethod::call(Object(Illuminate\\Foundation\\Application), Array, Array, NULL)
#11 /var/www/html/backend-legacy-laravel8/vendor/laravel/framework/src/Illuminate/Database/Seeder.php(188): Illuminate\\Container\\Container->call(Array, Array)
#12 /var/www/html/backend-legacy-laravel8/vendor/laravel/framework/src/Illuminate/Database/Seeder.php(197): Illuminate\\Database\\Seeder->Illuminate\\Database\\{closure}()
#13 /var/www/html/backend-legacy-laravel8/vendor/laravel/framework/src/Illuminate/Database/Console/Seeds/SeedCommand.php(70): Illuminate\\Database\\Seeder->__invoke()
#14 /var/www/html/backend-legacy-laravel8/vendor/laravel/framework/src/Illuminate/Database/Eloquent/Concerns/GuardsAttributes.php(155): Illuminate\\Database\\Console\\Seeds\\SeedCommand->Illuminate\\Database\\Console\\Seeds\\{closure}()
#15 /var/www/html/backend-legacy-laravel8/vendor/laravel/framework/src/Illuminate/Database/Console/Seeds/SeedCommand.php(69): Illuminate\\Database\\Eloquent\\Model::unguarded(Object(Closure))
#16 /var/www/html/backend-legacy-laravel8/vendor/laravel/framework/src/Illuminate/Container/BoundMethod.php(36): Illuminate\\Database\\Console\\Seeds\\SeedCommand->handle()
#17 /var/www/html/backend-legacy-laravel8/vendor/laravel/framework/src/Illuminate/Container/Util.php(43): Illuminate\\Container\\BoundMethod::Illuminate\\Container\\{closure}()
#18 /var/www/html/backend-legacy-laravel8/vendor/laravel/framework/src/Illuminate/Container/BoundMethod.php(95): Illuminate\\Container\\Util::unwrapIfClosure(Object(Closure))
#19 /var/www/html/backend-legacy-laravel8/vendor/laravel/framework/src/Illuminate/Container/BoundMethod.php(35): Illuminate\\Container\\BoundMethod::callBoundMethod(Object(Illuminate\\Foundation\\Application), Array, Object(Closure))
#20 /var/www/html/backend-legacy-laravel8/vendor/laravel/framework/src/Illuminate/Container/Container.php(696): Illuminate\\Container\\BoundMethod::call(Object(Illuminate\\Foundation\\Application), Array, Array, NULL)
#21 /var/www/html/backend-legacy-laravel8/vendor/laravel/framework/src/Illuminate/Console/Command.php(213): Illuminate\\Container\\Container->call(Array)
#22 /var/www/html/backend-legacy-laravel8/vendor/symfony/console/Command/Command.php(341): Illuminate\\Console\\Command->execute(Object(Symfony\\Component\\Console\\Input\\ArrayInput), Object(Illuminate\\Console\\OutputStyle))
#23 /var/www/html/backend-legacy-laravel8/vendor/laravel/framework/src/Illuminate/Console/Command.php(182): Symfony\\Component\\Console\\Command\\Command->run(Object(Symfony\\Component\\Console\\Input\\ArrayInput), Object(Illuminate\\Console\\OutputStyle))
#24 /var/www/html/backend-legacy-laravel8/vendor/laravel/framework/src/Illuminate/Console/Concerns/CallsCommands.php(68): Illuminate\\Console\\Command->run(Object(Symfony\\Component\\Console\\Input\\ArrayInput), Object(Illuminate\\Console\\OutputStyle))
#25 /var/www/html/backend-legacy-laravel8/vendor/laravel/framework/src/Illuminate/Console/Concerns/CallsCommands.php(29): Illuminate\\Console\\Command->runCommand('db:seed', Array, Object(Illuminate\\Console\\OutputStyle))
#26 /var/www/html/backend-legacy-laravel8/vendor/laravel/framework/src/Illuminate/Database/Console/Migrations/MigrateCommand.php(126): Illuminate\\Console\\Command->call('db:seed', Array)
#27 /var/www/html/backend-legacy-laravel8/vendor/laravel/framework/src/Illuminate/Database/Migrations/Migrator.php(658): Illuminate\\Database\\Console\\Migrations\\MigrateCommand->Illuminate\\Database\\Console\\Migrations\\{closure}()
#28 /var/www/html/backend-legacy-laravel8/vendor/laravel/framework/src/Illuminate/Database/Console/Migrations/MigrateCommand.php(110): Illuminate\\Database\\Migrations\\Migrator->usingConnection(NULL, Object(Closure))
#29 /var/www/html/backend-legacy-laravel8/vendor/laravel/framework/src/Illuminate/Database/Console/Migrations/MigrateCommand.php(89): Illuminate\\Database\\Console\\Migrations\\MigrateCommand->runMigrations()
#30 /var/www/html/backend-legacy-laravel8/vendor/laravel/framework/src/Illuminate/Container/BoundMethod.php(36): Illuminate\\Database\\Console\\Migrations\\MigrateCommand->handle()
#31 /var/www/html/backend-legacy-laravel8/vendor/laravel/framework/src/Illuminate/Container/Util.php(43): Illuminate\\Container\\BoundMethod::Illuminate\\Container\\{closure}()
#32 /var/www/html/backend-legacy-laravel8/vendor/laravel/framework/src/Illuminate/Container/BoundMethod.php(95): Illuminate\\Container\\Util::unwrapIfClosure(Object(Closure))
#33 /var/www/html/backend-legacy-laravel8/vendor/laravel/framework/src/Illuminate/Container/BoundMethod.php(35): Illuminate\\Container\\BoundMethod::callBoundMethod(Object(Illuminate\\Foundation\\Application), Array, Object(Closure))
#34 /var/www/html/backend-legacy-laravel8/vendor/laravel/framework/src/Illuminate/Container/Container.php(696): Illuminate\\Container\\BoundMethod::call(Object(Illuminate\\Foundation\\Application), Array, Array, NULL)
#35 /var/www/html/backend-legacy-laravel8/vendor/laravel/framework/src/Illuminate/Console/Command.php(213): Illuminate\\Container\\Container->call(Array)
#36 /var/www/html/backend-legacy-laravel8/vendor/symfony/console/Command/Command.php(341): Illuminate\\Console\\Command->execute(Object(Symfony\\Component\\Console\\Input\\ArgvInput), Object(Illuminate\\Console\\OutputStyle))
#37 /var/www/html/backend-legacy-laravel8/vendor/laravel/framework/src/Illuminate/Console/Command.php(182): Symfony\\Component\\Console\\Command\\Command->run(Object(Symfony\\Component\\Console\\Input\\ArgvInput), Object(Illuminate\\Console\\OutputStyle))
#38 /var/www/html/backend-legacy-laravel8/vendor/symfony/console/Application.php(1117): Illuminate\\Console\\Command->run(Object(Symfony\\Component\\Console\\Input\\ArgvInput), Object(Symfony\\Component\\Console\\Output\\ConsoleOutput))
#39 /var/www/html/backend-legacy-laravel8/vendor/symfony/console/Application.php(356): Symfony\\Component\\Console\\Application->doRunCommand(Object(Illuminate\\Database\\Console\\Migrations\\MigrateCommand), Object(Symfony\\Component\\Console\\Input\\ArgvInput), Object(Symfony\\Component\\Console\\Output\\ConsoleOutput))
#40 /var/www/html/backend-legacy-laravel8/vendor/symfony/console/Application.php(195): Symfony\\Component\\Console\\Application->doRun(Object(Symfony\\Component\\Console\\Input\\ArgvInput), Object(Symfony\\Component\\Console\\Output\\ConsoleOutput))
#41 /var/www/html/backend-legacy-laravel8/vendor/laravel/framework/src/Illuminate/Foundation/Console/Kernel.php(198): Symfony\\Component\\Console\\Application->run(Object(Symfony\\Component\\Console\\Input\\ArgvInput), Object(Symfony\\Component\\Console\\Output\\ConsoleOutput))
#42 /var/www/html/backend-legacy-laravel8/artisan(12): Illuminate\\Foundation\\Console\\Kernel->handle(Object(Symfony\\Component\\Console\\Input\\ArgvInput), Object(Symfony\\Component\\Console\\Output\\ConsoleOutput))
#43 {main}
"} 
[2026-05-18 18:58:19] local.ERROR: SQLSTATE[HY000] [2002] Connection refused (Connection: mysql, SQL: select exists (select 1 from information_schema.tables where table_schema = 'legacy_products' and table_name = 'migrations' and table_type in ('BASE TABLE', 'SYSTEM VERSIONED')) as `exists`) {"exception":"[object] (Illuminate\\Database\\QueryException(code: 2002): SQLSTATE[HY000] [2002] Connection refused (Connection: mysql, SQL: select exists (select 1 from information_schema.tables where table_schema = 'legacy_products' and table_name = 'migrations' and table_type in ('BASE TABLE', 'SYSTEM VERSIONED')) as `exists`) at /var/www/html/backend-legacy-laravel8/vendor/laravel/framework/src/Illuminate/Database/Connection.php:825)
[stacktrace]
#0 /var/www/html/backend-legacy-laravel8/vendor/laravel/framework/src/Illuminate/Database/Connection.php(979): Illuminate\\Database\\Connection->runQueryCallback('select exists (...', Array, Object(Closure))
#1 /var/www/html/backend-legacy-laravel8/vendor/laravel/framework/src/Illuminate/Database/Connection.php(958): Illuminate\\Database\\Connection->tryAgainIfCausedByLostConnection(Object(Illuminate\\Database\\QueryException), 'select exists (...', Array, Object(Closure))
#2 /var/www/html/backend-legacy-laravel8/vendor/laravel/framework/src/Illuminate/Database/Connection.php(781): Illuminate\\Database\\Connection->handleQueryException(Object(Illuminate\\Database\\QueryException), 'select exists (...', Array, Object(Closure))
#3 /var/www/html/backend-legacy-laravel8/vendor/laravel/framework/src/Illuminate/Database/Connection.php(398): Illuminate\\Database\\Connection->run('select exists (...', Array, Object(Closure))
#4 /var/www/html/backend-legacy-laravel8/vendor/laravel/framework/src/Illuminate/Database/Connection.php(344): Illuminate\\Database\\Connection->select('select exists (...', Array, true)
#5 /var/www/html/backend-legacy-laravel8/vendor/laravel/framework/src/Illuminate/Database/Connection.php(361): Illuminate\\Database\\Connection->selectOne('select exists (...', Array, true)
#6 /var/www/html/backend-legacy-laravel8/vendor/laravel/framework/src/Illuminate/Database/Schema/MySqlBuilder.php(45): Illuminate\\Database\\Connection->scalar('select exists (...')
#7 /var/www/html/backend-legacy-laravel8/vendor/laravel/framework/src/Illuminate/Database/Migrations/DatabaseMigrationRepository.php(184): Illuminate\\Database\\Schema\\MySqlBuilder->hasTable('migrations')
#8 /var/www/html/backend-legacy-laravel8/vendor/laravel/framework/src/Illuminate/Database/Migrations/Migrator.php(742): Illuminate\\Database\\Migrations\\DatabaseMigrationRepository->repositoryExists()
#9 /var/www/html/backend-legacy-laravel8/vendor/laravel/framework/src/Illuminate/Database/Console/Migrations/MigrateCommand.php(165): Illuminate\\Database\\Migrations\\Migrator->repositoryExists()
#10 /var/www/html/backend-legacy-laravel8/vendor/laravel/framework/src/Illuminate/Support/helpers.php(338): Illuminate\\Database\\Console\\Migrations\\MigrateCommand->Illuminate\\Database\\Console\\Migrations\\{closure}(1)
#11 /var/www/html/backend-legacy-laravel8/vendor/laravel/framework/src/Illuminate/Database/Console/Migrations/MigrateCommand.php(165): retry(1, Object(Closure), 0, Object(Closure))
#12 /var/www/html/backend-legacy-laravel8/vendor/laravel/framework/src/Illuminate/Database/Console/Migrations/MigrateCommand.php(141): Illuminate\\Database\\Console\\Migrations\\MigrateCommand->repositoryExists()
#13 /var/www/html/backend-legacy-laravel8/vendor/laravel/framework/src/Illuminate/Database/Console/Migrations/MigrateCommand.php(111): Illuminate\\Database\\Console\\Migrations\\MigrateCommand->prepareDatabase()
#14 /var/www/html/backend-legacy-laravel8/vendor/laravel/framework/src/Illuminate/Database/Migrations/Migrator.php(658): Illuminate\\Database\\Console\\Migrations\\MigrateCommand->Illuminate\\Database\\Console\\Migrations\\{closure}()
#15 /var/www/html/backend-legacy-laravel8/vendor/laravel/framework/src/Illuminate/Database/Console/Migrations/MigrateCommand.php(110): Illuminate\\Database\\Migrations\\Migrator->usingConnection(NULL, Object(Closure))
#16 /var/www/html/backend-legacy-laravel8/vendor/laravel/framework/src/Illuminate/Database/Console/Migrations/MigrateCommand.php(89): Illuminate\\Database\\Console\\Migrations\\MigrateCommand->runMigrations()
#17 /var/www/html/backend-legacy-laravel8/vendor/laravel/framework/src/Illuminate/Container/BoundMethod.php(36): Illuminate\\Database\\Console\\Migrations\\MigrateCommand->handle()
#18 /var/www/html/backend-legacy-laravel8/vendor/laravel/framework/src/Illuminate/Container/Util.php(43): Illuminate\\Container\\BoundMethod::Illuminate\\Container\\{closure}()
#19 /var/www/html/backend-legacy-laravel8/vendor/laravel/framework/src/Illuminate/Container/BoundMethod.php(95): Illuminate\\Container\\Util::unwrapIfClosure(Object(Closure))
#20 /var/www/html/backend-legacy-laravel8/vendor/laravel/framework/src/Illuminate/Container/BoundMethod.php(35): Illuminate\\Container\\BoundMethod::callBoundMethod(Object(Illuminate\\Foundation\\Application), Array, Object(Closure))
#21 /var/www/html/backend-legacy-laravel8/vendor/laravel/framework/src/Illuminate/Container/Container.php(696): Illuminate\\Container\\BoundMethod::call(Object(Illuminate\\Foundation\\Application), Array, Array, NULL)
#22 /var/www/html/backend-legacy-laravel8/vendor/laravel/framework/src/Illuminate/Console/Command.php(213): Illuminate\\Container\\Container->call(Array)
#23 /var/www/html/backend-legacy-laravel8/vendor/symfony/console/Command/Command.php(341): Illuminate\\Console\\Command->execute(Object(Symfony\\Component\\Console\\Input\\ArgvInput), Object(Illuminate\\Console\\OutputStyle))
#24 /var/www/html/backend-legacy-laravel8/vendor/laravel/framework/src/Illuminate/Console/Command.php(182): Symfony\\Component\\Console\\Command\\Command->run(Object(Symfony\\Component\\Console\\Input\\ArgvInput), Object(Illuminate\\Console\\OutputStyle))
#25 /var/www/html/backend-legacy-laravel8/vendor/symfony/console/Application.php(1117): Illuminate\\Console\\Command->run(Object(Symfony\\Component\\Console\\Input\\ArgvInput), Object(Symfony\\Component\\Console\\Output\\ConsoleOutput))
#26 /var/www/html/backend-legacy-laravel8/vendor/symfony/console/Application.php(356): Symfony\\Component\\Console\\Application->doRunCommand(Object(Illuminate\\Database\\Console\\Migrations\\MigrateCommand), Object(Symfony\\Component\\Console\\Input\\ArgvInput), Object(Symfony\\Component\\Console\\Output\\ConsoleOutput))
#27 /var/www/html/backend-legacy-laravel8/vendor/symfony/console/Application.php(195): Symfony\\Component\\Console\\Application->doRun(Object(Symfony\\Component\\Console\\Input\\ArgvInput), Object(Symfony\\Component\\Console\\Output\\ConsoleOutput))
#28 /var/www/html/backend-legacy-laravel8/vendor/laravel/framework/src/Illuminate/Foundation/Console/Kernel.php(198): Symfony\\Component\\Console\\Application->run(Object(Symfony\\Component\\Console\\Input\\ArgvInput), Object(Symfony\\Component\\Console\\Output\\ConsoleOutput))
#29 /var/www/html/backend-legacy-laravel8/artisan(12): Illuminate\\Foundation\\Console\\Kernel->handle(Object(Symfony\\Component\\Console\\Input\\ArgvInput), Object(Symfony\\Component\\Console\\Output\\ConsoleOutput))
#30 {main}

[previous exception] [object] (PDOException(code: 2002): SQLSTATE[HY000] [2002] Connection refused at /var/www/html/backend-legacy-laravel8/vendor/laravel/framework/src/Illuminate/Database/Connectors/Connector.php:66)
[stacktrace]
#0 /var/www/html/backend-legacy-laravel8/vendor/laravel/framework/src/Illuminate/Database/Connectors/Connector.php(66): PDO->__construct('mysql:host=mysq...', 'root', Object(SensitiveParameterValue), Array)
#1 /var/www/html/backend-legacy-laravel8/vendor/laravel/framework/src/Illuminate/Database/Connectors/Connector.php(85): Illuminate\\Database\\Connectors\\Connector->createPdoConnection('mysql:host=mysq...', 'root', Object(SensitiveParameterValue), Array)
#2 /var/www/html/backend-legacy-laravel8/vendor/laravel/framework/src/Illuminate/Database/Connectors/Connector.php(48): Illuminate\\Database\\Connectors\\Connector->tryAgainIfCausedByLostConnection(Object(PDOException), 'mysql:host=mysq...', 'root', Object(SensitiveParameterValue), Array)
#3 /var/www/html/backend-legacy-laravel8/vendor/laravel/framework/src/Illuminate/Database/Connectors/MySqlConnector.php(24): Illuminate\\Database\\Connectors\\Connector->createConnection('mysql:host=mysq...', Array, Array)
#4 /var/www/html/backend-legacy-laravel8/vendor/laravel/framework/src/Illuminate/Database/Connectors/ConnectionFactory.php(185): Illuminate\\Database\\Connectors\\MySqlConnector->connect(Array)
#5 [internal function]: Illuminate\\Database\\Connectors\\ConnectionFactory->Illuminate\\Database\\Connectors\\{closure}()
#6 /var/www/html/backend-legacy-laravel8/vendor/laravel/framework/src/Illuminate/Database/Connection.php(1231): call_user_func(Object(Closure))
#7 /var/www/html/backend-legacy-laravel8/vendor/laravel/framework/src/Illuminate/Database/Connection.php(1267): Illuminate\\Database\\Connection->getPdo()
#8 /var/www/html/backend-legacy-laravel8/vendor/laravel/framework/src/Illuminate/Database/Connection.php(512): Illuminate\\Database\\Connection->getReadPdo()
#9 /var/www/html/backend-legacy-laravel8/vendor/laravel/framework/src/Illuminate/Database/Connection.php(407): Illuminate\\Database\\Connection->getPdoForSelect(true)
#10 /var/www/html/backend-legacy-laravel8/vendor/laravel/framework/src/Illuminate/Database/Connection.php(812): Illuminate\\Database\\Connection->Illuminate\\Database\\{closure}('select exists (...', Array)
#11 /var/www/html/backend-legacy-laravel8/vendor/laravel/framework/src/Illuminate/Database/Connection.php(979): Illuminate\\Database\\Connection->runQueryCallback('select exists (...', Array, Object(Closure))
#12 /var/www/html/backend-legacy-laravel8/vendor/laravel/framework/src/Illuminate/Database/Connection.php(958): Illuminate\\Database\\Connection->tryAgainIfCausedByLostConnection(Object(Illuminate\\Database\\QueryException), 'select exists (...', Array, Object(Closure))
#13 /var/www/html/backend-legacy-laravel8/vendor/laravel/framework/src/Illuminate/Database/Connection.php(781): Illuminate\\Database\\Connection->handleQueryException(Object(Illuminate\\Database\\QueryException), 'select exists (...', Array, Object(Closure))
#14 /var/www/html/backend-legacy-laravel8/vendor/laravel/framework/src/Illuminate/Database/Connection.php(398): Illuminate\\Database\\Connection->run('select exists (...', Array, Object(Closure))
#15 /var/www/html/backend-legacy-laravel8/vendor/laravel/framework/src/Illuminate/Database/Connection.php(344): Illuminate\\Database\\Connection->select('select exists (...', Array, true)
#16 /var/www/html/backend-legacy-laravel8/vendor/laravel/framework/src/Illuminate/Database/Connection.php(361): Illuminate\\Database\\Connection->selectOne('select exists (...', Array, true)
#17 /var/www/html/backend-legacy-laravel8/vendor/laravel/framework/src/Illuminate/Database/Schema/MySqlBuilder.php(45): Illuminate\\Database\\Connection->scalar('select exists (...')
#18 /var/www/html/backend-legacy-laravel8/vendor/laravel/framework/src/Illuminate/Database/Migrations/DatabaseMigrationRepository.php(184): Illuminate\\Database\\Schema\\MySqlBuilder->hasTable('migrations')
#19 /var/www/html/backend-legacy-laravel8/vendor/laravel/framework/src/Illuminate/Database/Migrations/Migrator.php(742): Illuminate\\Database\\Migrations\\DatabaseMigrationRepository->repositoryExists()
#20 /var/www/html/backend-legacy-laravel8/vendor/laravel/framework/src/Illuminate/Database/Console/Migrations/MigrateCommand.php(165): Illuminate\\Database\\Migrations\\Migrator->repositoryExists()
#21 /var/www/html/backend-legacy-laravel8/vendor/laravel/framework/src/Illuminate/Support/helpers.php(338): Illuminate\\Database\\Console\\Migrations\\MigrateCommand->Illuminate\\Database\\Console\\Migrations\\{closure}(1)
#22 /var/www/html/backend-legacy-laravel8/vendor/laravel/framework/src/Illuminate/Database/Console/Migrations/MigrateCommand.php(165): retry(1, Object(Closure), 0, Object(Closure))
#23 /var/www/html/backend-legacy-laravel8/vendor/laravel/framework/src/Illuminate/Database/Console/Migrations/MigrateCommand.php(141): Illuminate\\Database\\Console\\Migrations\\MigrateCommand->repositoryExists()
#24 /var/www/html/backend-legacy-laravel8/vendor/laravel/framework/src/Illuminate/Database/Console/Migrations/MigrateCommand.php(111): Illuminate\\Database\\Console\\Migrations\\MigrateCommand->prepareDatabase()
#25 /var/www/html/backend-legacy-laravel8/vendor/laravel/framework/src/Illuminate/Database/Migrations/Migrator.php(658): Illuminate\\Database\\Console\\Migrations\\MigrateCommand->Illuminate\\Database\\Console\\Migrations\\{closure}()
#26 /var/www/html/backend-legacy-laravel8/vendor/laravel/framework/src/Illuminate/Database/Console/Migrations/MigrateCommand.php(110): Illuminate\\Database\\Migrations\\Migrator->usingConnection(NULL, Object(Closure))
#27 /var/www/html/backend-legacy-laravel8/vendor/laravel/framework/src/Illuminate/Database/Console/Migrations/MigrateCommand.php(89): Illuminate\\Database\\Console\\Migrations\\MigrateCommand->runMigrations()
#28 /var/www/html/backend-legacy-laravel8/vendor/laravel/framework/src/Illuminate/Container/BoundMethod.php(36): Illuminate\\Database\\Console\\Migrations\\MigrateCommand->handle()
#29 /var/www/html/backend-legacy-laravel8/vendor/laravel/framework/src/Illuminate/Container/Util.php(43): Illuminate\\Container\\BoundMethod::Illuminate\\Container\\{closure}()
#30 /var/www/html/backend-legacy-laravel8/vendor/laravel/framework/src/Illuminate/Container/BoundMethod.php(95): Illuminate\\Container\\Util::unwrapIfClosure(Object(Closure))
#31 /var/www/html/backend-legacy-laravel8/vendor/laravel/framework/src/Illuminate/Container/BoundMethod.php(35): Illuminate\\Container\\BoundMethod::callBoundMethod(Object(Illuminate\\Foundation\\Application), Array, Object(Closure))
#32 /var/www/html/backend-legacy-laravel8/vendor/laravel/framework/src/Illuminate/Container/Container.php(696): Illuminate\\Container\\BoundMethod::call(Object(Illuminate\\Foundation\\Application), Array, Array, NULL)
#33 /var/www/html/backend-legacy-laravel8/vendor/laravel/framework/src/Illuminate/Console/Command.php(213): Illuminate\\Container\\Container->call(Array)
#34 /var/www/html/backend-legacy-laravel8/vendor/symfony/console/Command/Command.php(341): Illuminate\\Console\\Command->execute(Object(Symfony\\Component\\Console\\Input\\ArgvInput), Object(Illuminate\\Console\\OutputStyle))
#35 /var/www/html/backend-legacy-laravel8/vendor/laravel/framework/src/Illuminate/Console/Command.php(182): Symfony\\Component\\Console\\Command\\Command->run(Object(Symfony\\Component\\Console\\Input\\ArgvInput), Object(Illuminate\\Console\\OutputStyle))
#36 /var/www/html/backend-legacy-laravel8/vendor/symfony/console/Application.php(1117): Illuminate\\Console\\Command->run(Object(Symfony\\Component\\Console\\Input\\ArgvInput), Object(Symfony\\Component\\Console\\Output\\ConsoleOutput))
#37 /var/www/html/backend-legacy-laravel8/vendor/symfony/console/Application.php(356): Symfony\\Component\\Console\\Application->doRunCommand(Object(Illuminate\\Database\\Console\\Migrations\\MigrateCommand), Object(Symfony\\Component\\Console\\Input\\ArgvInput), Object(Symfony\\Component\\Console\\Output\\ConsoleOutput))
#38 /var/www/html/backend-legacy-laravel8/vendor/symfony/console/Application.php(195): Symfony\\Component\\Console\\Application->doRun(Object(Symfony\\Component\\Console\\Input\\ArgvInput), Object(Symfony\\Component\\Console\\Output\\ConsoleOutput))
#39 /var/www/html/backend-legacy-laravel8/vendor/laravel/framework/src/Illuminate/Foundation/Console/Kernel.php(198): Symfony\\Component\\Console\\Application->run(Object(Symfony\\Component\\Console\\Input\\ArgvInput), Object(Symfony\\Component\\Console\\Output\\ConsoleOutput))
#40 /var/www/html/backend-legacy-laravel8/artisan(12): Illuminate\\Foundation\\Console\\Kernel->handle(Object(Symfony\\Component\\Console\\Input\\ArgvInput), Object(Symfony\\Component\\Console\\Output\\ConsoleOutput))
#41 {main}
"} 
[2026-05-18 19:05:48] local.ERROR: SQLSTATE[HY000] [2002] Connection refused (Connection: mysql, SQL: select exists (select 1 from information_schema.tables where table_schema = 'legacy_products' and table_name = 'migrations' and table_type in ('BASE TABLE', 'SYSTEM VERSIONED')) as `exists`) {"exception":"[object] (Illuminate\\Database\\QueryException(code: 2002): SQLSTATE[HY000] [2002] Connection refused (Connection: mysql, SQL: select exists (select 1 from information_schema.tables where table_schema = 'legacy_products' and table_name = 'migrations' and table_type in ('BASE TABLE', 'SYSTEM VERSIONED')) as `exists`) at /var/www/html/backend-legacy-laravel8/vendor/laravel/framework/src/Illuminate/Database/Connection.php:825)
[stacktrace]
#0 /var/www/html/backend-legacy-laravel8/vendor/laravel/framework/src/Illuminate/Database/Connection.php(979): Illuminate\\Database\\Connection->runQueryCallback('select exists (...', Array, Object(Closure))
#1 /var/www/html/backend-legacy-laravel8/vendor/laravel/framework/src/Illuminate/Database/Connection.php(958): Illuminate\\Database\\Connection->tryAgainIfCausedByLostConnection(Object(Illuminate\\Database\\QueryException), 'select exists (...', Array, Object(Closure))
#2 /var/www/html/backend-legacy-laravel8/vendor/laravel/framework/src/Illuminate/Database/Connection.php(781): Illuminate\\Database\\Connection->handleQueryException(Object(Illuminate\\Database\\QueryException), 'select exists (...', Array, Object(Closure))
#3 /var/www/html/backend-legacy-laravel8/vendor/laravel/framework/src/Illuminate/Database/Connection.php(398): Illuminate\\Database\\Connection->run('select exists (...', Array, Object(Closure))
#4 /var/www/html/backend-legacy-laravel8/vendor/laravel/framework/src/Illuminate/Database/Connection.php(344): Illuminate\\Database\\Connection->select('select exists (...', Array, true)
#5 /var/www/html/backend-legacy-laravel8/vendor/laravel/framework/src/Illuminate/Database/Connection.php(361): Illuminate\\Database\\Connection->selectOne('select exists (...', Array, true)
#6 /var/www/html/backend-legacy-laravel8/vendor/laravel/framework/src/Illuminate/Database/Schema/MySqlBuilder.php(45): Illuminate\\Database\\Connection->scalar('select exists (...')
#7 /var/www/html/backend-legacy-laravel8/vendor/laravel/framework/src/Illuminate/Database/Migrations/DatabaseMigrationRepository.php(184): Illuminate\\Database\\Schema\\MySqlBuilder->hasTable('migrations')
#8 /var/www/html/backend-legacy-laravel8/vendor/laravel/framework/src/Illuminate/Database/Migrations/Migrator.php(742): Illuminate\\Database\\Migrations\\DatabaseMigrationRepository->repositoryExists()
#9 /var/www/html/backend-legacy-laravel8/vendor/laravel/framework/src/Illuminate/Database/Console/Migrations/MigrateCommand.php(165): Illuminate\\Database\\Migrations\\Migrator->repositoryExists()
#10 /var/www/html/backend-legacy-laravel8/vendor/laravel/framework/src/Illuminate/Support/helpers.php(338): Illuminate\\Database\\Console\\Migrations\\MigrateCommand->Illuminate\\Database\\Console\\Migrations\\{closure}(1)
#11 /var/www/html/backend-legacy-laravel8/vendor/laravel/framework/src/Illuminate/Database/Console/Migrations/MigrateCommand.php(165): retry(1, Object(Closure), 0, Object(Closure))
#12 /var/www/html/backend-legacy-laravel8/vendor/laravel/framework/src/Illuminate/Database/Console/Migrations/MigrateCommand.php(141): Illuminate\\Database\\Console\\Migrations\\MigrateCommand->repositoryExists()
#13 /var/www/html/backend-legacy-laravel8/vendor/laravel/framework/src/Illuminate/Database/Console/Migrations/MigrateCommand.php(111): Illuminate\\Database\\Console\\Migrations\\MigrateCommand->prepareDatabase()
#14 /var/www/html/backend-legacy-laravel8/vendor/laravel/framework/src/Illuminate/Database/Migrations/Migrator.php(658): Illuminate\\Database\\Console\\Migrations\\MigrateCommand->Illuminate\\Database\\Console\\Migrations\\{closure}()
#15 /var/www/html/backend-legacy-laravel8/vendor/laravel/framework/src/Illuminate/Database/Console/Migrations/MigrateCommand.php(110): Illuminate\\Database\\Migrations\\Migrator->usingConnection(NULL, Object(Closure))
#16 /var/www/html/backend-legacy-laravel8/vendor/laravel/framework/src/Illuminate/Database/Console/Migrations/MigrateCommand.php(89): Illuminate\\Database\\Console\\Migrations\\MigrateCommand->runMigrations()
#17 /var/www/html/backend-legacy-laravel8/vendor/laravel/framework/src/Illuminate/Container/BoundMethod.php(36): Illuminate\\Database\\Console\\Migrations\\MigrateCommand->handle()
#18 /var/www/html/backend-legacy-laravel8/vendor/laravel/framework/src/Illuminate/Container/Util.php(43): Illuminate\\Container\\BoundMethod::Illuminate\\Container\\{closure}()
#19 /var/www/html/backend-legacy-laravel8/vendor/laravel/framework/src/Illuminate/Container/BoundMethod.php(95): Illuminate\\Container\\Util::unwrapIfClosure(Object(Closure))
#20 /var/www/html/backend-legacy-laravel8/vendor/laravel/framework/src/Illuminate/Container/BoundMethod.php(35): Illuminate\\Container\\BoundMethod::callBoundMethod(Object(Illuminate\\Foundation\\Application), Array, Object(Closure))
#21 /var/www/html/backend-legacy-laravel8/vendor/laravel/framework/src/Illuminate/Container/Container.php(696): Illuminate\\Container\\BoundMethod::call(Object(Illuminate\\Foundation\\Application), Array, Array, NULL)
#22 /var/www/html/backend-legacy-laravel8/vendor/laravel/framework/src/Illuminate/Console/Command.php(213): Illuminate\\Container\\Container->call(Array)
#23 /var/www/html/backend-legacy-laravel8/vendor/symfony/console/Command/Command.php(341): Illuminate\\Console\\Command->execute(Object(Symfony\\Component\\Console\\Input\\ArgvInput), Object(Illuminate\\Console\\OutputStyle))
#24 /var/www/html/backend-legacy-laravel8/vendor/laravel/framework/src/Illuminate/Console/Command.php(182): Symfony\\Component\\Console\\Command\\Command->run(Object(Symfony\\Component\\Console\\Input\\ArgvInput), Object(Illuminate\\Console\\OutputStyle))
#25 /var/www/html/backend-legacy-laravel8/vendor/symfony/console/Application.php(1117): Illuminate\\Console\\Command->run(Object(Symfony\\Component\\Console\\Input\\ArgvInput), Object(Symfony\\Component\\Console\\Output\\ConsoleOutput))
#26 /var/www/html/backend-legacy-laravel8/vendor/symfony/console/Application.php(356): Symfony\\Component\\Console\\Application->doRunCommand(Object(Illuminate\\Database\\Console\\Migrations\\MigrateCommand), Object(Symfony\\Component\\Console\\Input\\ArgvInput), Object(Symfony\\Component\\Console\\Output\\ConsoleOutput))
#27 /var/www/html/backend-legacy-laravel8/vendor/symfony/console/Application.php(195): Symfony\\Component\\Console\\Application->doRun(Object(Symfony\\Component\\Console\\Input\\ArgvInput), Object(Symfony\\Component\\Console\\Output\\ConsoleOutput))
#28 /var/www/html/backend-legacy-laravel8/vendor/laravel/framework/src/Illuminate/Foundation/Console/Kernel.php(198): Symfony\\Component\\Console\\Application->run(Object(Symfony\\Component\\Console\\Input\\ArgvInput), Object(Symfony\\Component\\Console\\Output\\ConsoleOutput))
#29 /var/www/html/backend-legacy-laravel8/artisan(12): Illuminate\\Foundation\\Console\\Kernel->handle(Object(Symfony\\Component\\Console\\Input\\ArgvInput), Object(Symfony\\Component\\Console\\Output\\ConsoleOutput))
#30 {main}

[previous exception] [object] (PDOException(code: 2002): SQLSTATE[HY000] [2002] Connection refused at /var/www/html/backend-legacy-laravel8/vendor/laravel/framework/src/Illuminate/Database/Connectors/Connector.php:66)
[stacktrace]
#0 /var/www/html/backend-legacy-laravel8/vendor/laravel/framework/src/Illuminate/Database/Connectors/Connector.php(66): PDO->__construct('mysql:host=mysq...', 'root', Object(SensitiveParameterValue), Array)
#1 /var/www/html/backend-legacy-laravel8/vendor/laravel/framework/src/Illuminate/Database/Connectors/Connector.php(85): Illuminate\\Database\\Connectors\\Connector->createPdoConnection('mysql:host=mysq...', 'root', Object(SensitiveParameterValue), Array)
#2 /var/www/html/backend-legacy-laravel8/vendor/laravel/framework/src/Illuminate/Database/Connectors/Connector.php(48): Illuminate\\Database\\Connectors\\Connector->tryAgainIfCausedByLostConnection(Object(PDOException), 'mysql:host=mysq...', 'root', Object(SensitiveParameterValue), Array)
#3 /var/www/html/backend-legacy-laravel8/vendor/laravel/framework/src/Illuminate/Database/Connectors/MySqlConnector.php(24): Illuminate\\Database\\Connectors\\Connector->createConnection('mysql:host=mysq...', Array, Array)
#4 /var/www/html/backend-legacy-laravel8/vendor/laravel/framework/src/Illuminate/Database/Connectors/ConnectionFactory.php(185): Illuminate\\Database\\Connectors\\MySqlConnector->connect(Array)
#5 [internal function]: Illuminate\\Database\\Connectors\\ConnectionFactory->Illuminate\\Database\\Connectors\\{closure}()
#6 /var/www/html/backend-legacy-laravel8/vendor/laravel/framework/src/Illuminate/Database/Connection.php(1231): call_user_func(Object(Closure))
#7 /var/www/html/backend-legacy-laravel8/vendor/laravel/framework/src/Illuminate/Database/Connection.php(1267): Illuminate\\Database\\Connection->getPdo()
#8 /var/www/html/backend-legacy-laravel8/vendor/laravel/framework/src/Illuminate/Database/Connection.php(512): Illuminate\\Database\\Connection->getReadPdo()
#9 /var/www/html/backend-legacy-laravel8/vendor/laravel/framework/src/Illuminate/Database/Connection.php(407): Illuminate\\Database\\Connection->getPdoForSelect(true)
#10 /var/www/html/backend-legacy-laravel8/vendor/laravel/framework/src/Illuminate/Database/Connection.php(812): Illuminate\\Database\\Connection->Illuminate\\Database\\{closure}('select exists (...', Array)
#11 /var/www/html/backend-legacy-laravel8/vendor/laravel/framework/src/Illuminate/Database/Connection.php(979): Illuminate\\Database\\Connection->runQueryCallback('select exists (...', Array, Object(Closure))
#12 /var/www/html/backend-legacy-laravel8/vendor/laravel/framework/src/Illuminate/Database/Connection.php(958): Illuminate\\Database\\Connection->tryAgainIfCausedByLostConnection(Object(Illuminate\\Database\\QueryException), 'select exists (...', Array, Object(Closure))
#13 /var/www/html/backend-legacy-laravel8/vendor/laravel/framework/src/Illuminate/Database/Connection.php(781): Illuminate\\Database\\Connection->handleQueryException(Object(Illuminate\\Database\\QueryException), 'select exists (...', Array, Object(Closure))
#14 /var/www/html/backend-legacy-laravel8/vendor/laravel/framework/src/Illuminate/Database/Connection.php(398): Illuminate\\Database\\Connection->run('select exists (...', Array, Object(Closure))
#15 /var/www/html/backend-legacy-laravel8/vendor/laravel/framework/src/Illuminate/Database/Connection.php(344): Illuminate\\Database\\Connection->select('select exists (...', Array, true)
#16 /var/www/html/backend-legacy-laravel8/vendor/laravel/framework/src/Illuminate/Database/Connection.php(361): Illuminate\\Database\\Connection->selectOne('select exists (...', Array, true)
#17 /var/www/html/backend-legacy-laravel8/vendor/laravel/framework/src/Illuminate/Database/Schema/MySqlBuilder.php(45): Illuminate\\Database\\Connection->scalar('select exists (...')
#18 /var/www/html/backend-legacy-laravel8/vendor/laravel/framework/src/Illuminate/Database/Migrations/DatabaseMigrationRepository.php(184): Illuminate\\Database\\Schema\\MySqlBuilder->hasTable('migrations')
#19 /var/www/html/backend-legacy-laravel8/vendor/laravel/framework/src/Illuminate/Database/Migrations/Migrator.php(742): Illuminate\\Database\\Migrations\\DatabaseMigrationRepository->repositoryExists()
#20 /var/www/html/backend-legacy-laravel8/vendor/laravel/framework/src/Illuminate/Database/Console/Migrations/MigrateCommand.php(165): Illuminate\\Database\\Migrations\\Migrator->repositoryExists()
#21 /var/www/html/backend-legacy-laravel8/vendor/laravel/framework/src/Illuminate/Support/helpers.php(338): Illuminate\\Database\\Console\\Migrations\\MigrateCommand->Illuminate\\Database\\Console\\Migrations\\{closure}(1)
#22 /var/www/html/backend-legacy-laravel8/vendor/laravel/framework/src/Illuminate/Database/Console/Migrations/MigrateCommand.php(165): retry(1, Object(Closure), 0, Object(Closure))
#23 /var/www/html/backend-legacy-laravel8/vendor/laravel/framework/src/Illuminate/Database/Console/Migrations/MigrateCommand.php(141): Illuminate\\Database\\Console\\Migrations\\MigrateCommand->repositoryExists()
#24 /var/www/html/backend-legacy-laravel8/vendor/laravel/framework/src/Illuminate/Database/Console/Migrations/MigrateCommand.php(111): Illuminate\\Database\\Console\\Migrations\\MigrateCommand->prepareDatabase()
#25 /var/www/html/backend-legacy-laravel8/vendor/laravel/framework/src/Illuminate/Database/Migrations/Migrator.php(658): Illuminate\\Database\\Console\\Migrations\\MigrateCommand->Illuminate\\Database\\Console\\Migrations\\{closure}()
#26 /var/www/html/backend-legacy-laravel8/vendor/laravel/framework/src/Illuminate/Database/Console/Migrations/MigrateCommand.php(110): Illuminate\\Database\\Migrations\\Migrator->usingConnection(NULL, Object(Closure))
#27 /var/www/html/backend-legacy-laravel8/vendor/laravel/framework/src/Illuminate/Database/Console/Migrations/MigrateCommand.php(89): Illuminate\\Database\\Console\\Migrations\\MigrateCommand->runMigrations()
#28 /var/www/html/backend-legacy-laravel8/vendor/laravel/framework/src/Illuminate/Container/BoundMethod.php(36): Illuminate\\Database\\Console\\Migrations\\MigrateCommand->handle()
#29 /var/www/html/backend-legacy-laravel8/vendor/laravel/framework/src/Illuminate/Container/Util.php(43): Illuminate\\Container\\BoundMethod::Illuminate\\Container\\{closure}()
#30 /var/www/html/backend-legacy-laravel8/vendor/laravel/framework/src/Illuminate/Container/BoundMethod.php(95): Illuminate\\Container\\Util::unwrapIfClosure(Object(Closure))
#31 /var/www/html/backend-legacy-laravel8/vendor/laravel/framework/src/Illuminate/Container/BoundMethod.php(35): Illuminate\\Container\\BoundMethod::callBoundMethod(Object(Illuminate\\Foundation\\Application), Array, Object(Closure))
#32 /var/www/html/backend-legacy-laravel8/vendor/laravel/framework/src/Illuminate/Container/Container.php(696): Illuminate\\Container\\BoundMethod::call(Object(Illuminate\\Foundation\\Application), Array, Array, NULL)
#33 /var/www/html/backend-legacy-laravel8/vendor/laravel/framework/src/Illuminate/Console/Command.php(213): Illuminate\\Container\\Container->call(Array)
#34 /var/www/html/backend-legacy-laravel8/vendor/symfony/console/Command/Command.php(341): Illuminate\\Console\\Command->execute(Object(Symfony\\Component\\Console\\Input\\ArgvInput), Object(Illuminate\\Console\\OutputStyle))
#35 /var/www/html/backend-legacy-laravel8/vendor/laravel/framework/src/Illuminate/Console/Command.php(182): Symfony\\Component\\Console\\Command\\Command->run(Object(Symfony\\Component\\Console\\Input\\ArgvInput), Object(Illuminate\\Console\\OutputStyle))
#36 /var/www/html/backend-legacy-laravel8/vendor/symfony/console/Application.php(1117): Illuminate\\Console\\Command->run(Object(Symfony\\Component\\Console\\Input\\ArgvInput), Object(Symfony\\Component\\Console\\Output\\ConsoleOutput))
#37 /var/www/html/backend-legacy-laravel8/vendor/symfony/console/Application.php(356): Symfony\\Component\\Console\\Application->doRunCommand(Object(Illuminate\\Database\\Console\\Migrations\\MigrateCommand), Object(Symfony\\Component\\Console\\Input\\ArgvInput), Object(Symfony\\Component\\Console\\Output\\ConsoleOutput))
#38 /var/www/html/backend-legacy-laravel8/vendor/symfony/console/Application.php(195): Symfony\\Component\\Console\\Application->doRun(Object(Symfony\\Component\\Console\\Input\\ArgvInput), Object(Symfony\\Component\\Console\\Output\\ConsoleOutput))
#39 /var/www/html/backend-legacy-laravel8/vendor/laravel/framework/src/Illuminate/Foundation/Console/Kernel.php(198): Symfony\\Component\\Console\\Application->run(Object(Symfony\\Component\\Console\\Input\\ArgvInput), Object(Symfony\\Component\\Console\\Output\\ConsoleOutput))
#40 /var/www/html/backend-legacy-laravel8/artisan(12): Illuminate\\Foundation\\Console\\Kernel->handle(Object(Symfony\\Component\\Console\\Input\\ArgvInput), Object(Symfony\\Component\\Console\\Output\\ConsoleOutput))
#41 {main}
"} 
[2026-05-18 19:07:40] local.ERROR: SQLSTATE[42S02]: Base table or view not found: 1146 Table 'legacy_products.audit_logs' doesn't exist (Connection: mysql, SQL: insert into `audit_logs` (`user_id`, `action`, `model_type`, `model_id`, `old_values`, `new_values`, `ip_address`, `created_at`, `updated_at`) values (1, create, App\Models\Product, 9045, ?, {"name":"gfsdgsdg","description":"sdgsdgfsdf","price":340,"stock":20,"category_id":1,"status":1,"updated_at":"2026-05-18 19:07:40","created_at":"2026-05-18 19:07:40","id":9045}, 172.18.0.1, 2026-05-18 19:07:40, 2026-05-18 19:07:40)) {"exception":"[object] (Illuminate\\Database\\QueryException(code: 42S02): SQLSTATE[42S02]: Base table or view not found: 1146 Table 'legacy_products.audit_logs' doesn't exist (Connection: mysql, SQL: insert into `audit_logs` (`user_id`, `action`, `model_type`, `model_id`, `old_values`, `new_values`, `ip_address`, `created_at`, `updated_at`) values (1, create, App\\Models\\Product, 9045, ?, {\"name\":\"gfsdgsdg\",\"description\":\"sdgsdgfsdf\",\"price\":340,\"stock\":20,\"category_id\":1,\"status\":1,\"updated_at\":\"2026-05-18 19:07:40\",\"created_at\":\"2026-05-18 19:07:40\",\"id\":9045}, 172.18.0.1, 2026-05-18 19:07:40, 2026-05-18 19:07:40)) at /var/www/html/backend-legacy-laravel8/vendor/laravel/framework/src/Illuminate/Database/Connection.php:825)
[stacktrace]
#0 /var/www/html/backend-legacy-laravel8/vendor/laravel/framework/src/Illuminate/Database/Connection.php(779): Illuminate\\Database\\Connection->runQueryCallback('insert into `au...', Array, Object(Closure))
#1 /var/www/html/backend-legacy-laravel8/vendor/laravel/framework/src/Illuminate/Database/MySqlConnection.php(42): Illuminate\\Database\\Connection->run('insert into `au...', Array, Object(Closure))
#2 /var/www/html/backend-legacy-laravel8/vendor/laravel/framework/src/Illuminate/Database/Query/Builder.php(3717): Illuminate\\Database\\MySqlConnection->insert('insert into `au...', Array)
#3 /var/www/html/backend-legacy-laravel8/app/Traits/Auditable.php(43): Illuminate\\Database\\Query\\Builder->insert(Array)
#4 /var/www/html/backend-legacy-laravel8/app/Traits/Auditable.php(12): App\\Models\\Product::logAudit('create', Object(App\\Models\\Product))
#5 /var/www/html/backend-legacy-laravel8/vendor/laravel/framework/src/Illuminate/Events/Dispatcher.php(459): App\\Models\\Product::App\\Traits\\{closure}(Object(App\\Models\\Product))
#6 /var/www/html/backend-legacy-laravel8/vendor/laravel/framework/src/Illuminate/Events/Dispatcher.php(287): Illuminate\\Events\\Dispatcher->Illuminate\\Events\\{closure}('eloquent.create...', Array)
#7 /var/www/html/backend-legacy-laravel8/vendor/laravel/framework/src/Illuminate/Events/Dispatcher.php(267): Illuminate\\Events\\Dispatcher->invokeListeners('eloquent.create...', Array, false)
#8 /var/www/html/backend-legacy-laravel8/vendor/laravel/framework/src/Illuminate/Database/Eloquent/Concerns/HasEvents.php(224): Illuminate\\Events\\Dispatcher->dispatch('eloquent.create...', Array)
#9 /var/www/html/backend-legacy-laravel8/vendor/laravel/framework/src/Illuminate/Database/Eloquent/Model.php(1345): Illuminate\\Database\\Eloquent\\Model->fireModelEvent('created', false)
#10 /var/www/html/backend-legacy-laravel8/vendor/laravel/framework/src/Illuminate/Database/Eloquent/Model.php(1163): Illuminate\\Database\\Eloquent\\Model->performInsert(Object(Illuminate\\Database\\Eloquent\\Builder))
#11 /var/www/html/backend-legacy-laravel8/vendor/laravel/framework/src/Illuminate/Database/Eloquent/Builder.php(1128): Illuminate\\Database\\Eloquent\\Model->save()
#12 /var/www/html/backend-legacy-laravel8/vendor/laravel/framework/src/Illuminate/Support/helpers.php(399): Illuminate\\Database\\Eloquent\\Builder->Illuminate\\Database\\Eloquent\\{closure}(Object(App\\Models\\Product))
#13 /var/www/html/backend-legacy-laravel8/vendor/laravel/framework/src/Illuminate/Database/Eloquent/Builder.php(1127): tap(Object(App\\Models\\Product), Object(Closure))
#14 /var/www/html/backend-legacy-laravel8/vendor/laravel/framework/src/Illuminate/Support/Traits/ForwardsCalls.php(23): Illuminate\\Database\\Eloquent\\Builder->create(Array)
#15 /var/www/html/backend-legacy-laravel8/vendor/laravel/framework/src/Illuminate/Database/Eloquent/Model.php(2372): Illuminate\\Database\\Eloquent\\Model->forwardCallTo(Object(Illuminate\\Database\\Eloquent\\Builder), 'create', Array)
#16 /var/www/html/backend-legacy-laravel8/vendor/laravel/framework/src/Illuminate/Database/Eloquent/Model.php(2384): Illuminate\\Database\\Eloquent\\Model->__call('create', Array)
#17 /var/www/html/backend-legacy-laravel8/app/Services/ProductService.php(33): Illuminate\\Database\\Eloquent\\Model::__callStatic('create', Array)
#18 /var/www/html/backend-legacy-laravel8/app/Http/Controllers/ProductController.php(41): App\\Services\\ProductService->createProduct(Array)
#19 /var/www/html/backend-legacy-laravel8/vendor/laravel/framework/src/Illuminate/Routing/Controller.php(54): App\\Http\\Controllers\\ProductController->store(Object(App\\Http\\Requests\\StoreProductRequest))
#20 /var/www/html/backend-legacy-laravel8/vendor/laravel/framework/src/Illuminate/Routing/ControllerDispatcher.php(44): Illuminate\\Routing\\Controller->callAction('store', Array)
#21 /var/www/html/backend-legacy-laravel8/vendor/laravel/framework/src/Illuminate/Routing/Route.php(266): Illuminate\\Routing\\ControllerDispatcher->dispatch(Object(Illuminate\\Routing\\Route), Object(App\\Http\\Controllers\\ProductController), 'store')
#22 /var/www/html/backend-legacy-laravel8/vendor/laravel/framework/src/Illuminate/Routing/Route.php(212): Illuminate\\Routing\\Route->runController()
#23 /var/www/html/backend-legacy-laravel8/vendor/laravel/framework/src/Illuminate/Routing/Router.php(808): Illuminate\\Routing\\Route->run()
#24 /var/www/html/backend-legacy-laravel8/vendor/laravel/framework/src/Illuminate/Pipeline/Pipeline.php(170): Illuminate\\Routing\\Router->Illuminate\\Routing\\{closure}(Object(Illuminate\\Http\\Request))
#25 /var/www/html/backend-legacy-laravel8/app/Http/Middleware/LegacyTokenAuth.php(26): Illuminate\\Pipeline\\Pipeline->Illuminate\\Pipeline\\{closure}(Object(Illuminate\\Http\\Request))
#26 /var/www/html/backend-legacy-laravel8/vendor/laravel/framework/src/Illuminate/Pipeline/Pipeline.php(209): App\\Http\\Middleware\\LegacyTokenAuth->handle(Object(Illuminate\\Http\\Request), Object(Closure))
#27 /var/www/html/backend-legacy-laravel8/vendor/laravel/framework/src/Illuminate/Routing/Middleware/SubstituteBindings.php(51): Illuminate\\Pipeline\\Pipeline->Illuminate\\Pipeline\\{closure}(Object(Illuminate\\Http\\Request))
#28 /var/www/html/backend-legacy-laravel8/vendor/laravel/framework/src/Illuminate/Pipeline/Pipeline.php(209): Illuminate\\Routing\\Middleware\\SubstituteBindings->handle(Object(Illuminate\\Http\\Request), Object(Closure))
#29 /var/www/html/backend-legacy-laravel8/vendor/laravel/framework/src/Illuminate/Pipeline/Pipeline.php(127): Illuminate\\Pipeline\\Pipeline->Illuminate\\Pipeline\\{closure}(Object(Illuminate\\Http\\Request))
#30 /var/www/html/backend-legacy-laravel8/vendor/laravel/framework/src/Illuminate/Routing/Router.php(807): Illuminate\\Pipeline\\Pipeline->then(Object(Closure))
#31 /var/www/html/backend-legacy-laravel8/vendor/laravel/framework/src/Illuminate/Routing/Router.php(786): Illuminate\\Routing\\Router->runRouteWithinStack(Object(Illuminate\\Routing\\Route), Object(Illuminate\\Http\\Request))
#32 /var/www/html/backend-legacy-laravel8/vendor/laravel/framework/src/Illuminate/Routing/Router.php(750): Illuminate\\Routing\\Router->runRoute(Object(Illuminate\\Http\\Request), Object(Illuminate\\Routing\\Route))
#33 /var/www/html/backend-legacy-laravel8/vendor/laravel/framework/src/Illuminate/Routing/Router.php(739): Illuminate\\Routing\\Router->dispatchToRoute(Object(Illuminate\\Http\\Request))
#34 /var/www/html/backend-legacy-laravel8/vendor/laravel/framework/src/Illuminate/Foundation/Http/Kernel.php(201): Illuminate\\Routing\\Router->dispatch(Object(Illuminate\\Http\\Request))
#35 /var/www/html/backend-legacy-laravel8/vendor/laravel/framework/src/Illuminate/Pipeline/Pipeline.php(170): Illuminate\\Foundation\\Http\\Kernel->Illuminate\\Foundation\\Http\\{closure}(Object(Illuminate\\Http\\Request))
#36 /var/www/html/backend-legacy-laravel8/vendor/laravel/framework/src/Illuminate/Foundation/Http/Middleware/TransformsRequest.php(21): Illuminate\\Pipeline\\Pipeline->Illuminate\\Pipeline\\{closure}(Object(Illuminate\\Http\\Request))
#37 /var/www/html/backend-legacy-laravel8/vendor/laravel/framework/src/Illuminate/Foundation/Http/Middleware/ConvertEmptyStringsToNull.php(31): Illuminate\\Foundation\\Http\\Middleware\\TransformsRequest->handle(Object(Illuminate\\Http\\Request), Object(Closure))
#38 /var/www/html/backend-legacy-laravel8/vendor/laravel/framework/src/Illuminate/Pipeline/Pipeline.php(209): Illuminate\\Foundation\\Http\\Middleware\\ConvertEmptyStringsToNull->handle(Object(Illuminate\\Http\\Request), Object(Closure))
#39 /var/www/html/backend-legacy-laravel8/vendor/laravel/framework/src/Illuminate/Foundation/Http/Middleware/TransformsRequest.php(21): Illuminate\\Pipeline\\Pipeline->Illuminate\\Pipeline\\{closure}(Object(Illuminate\\Http\\Request))
#40 /var/www/html/backend-legacy-laravel8/vendor/laravel/framework/src/Illuminate/Foundation/Http/Middleware/TrimStrings.php(51): Illuminate\\Foundation\\Http\\Middleware\\TransformsRequest->handle(Object(Illuminate\\Http\\Request), Object(Closure))
#41 /var/www/html/backend-legacy-laravel8/vendor/laravel/framework/src/Illuminate/Pipeline/Pipeline.php(209): Illuminate\\Foundation\\Http\\Middleware\\TrimStrings->handle(Object(Illuminate\\Http\\Request), Object(Closure))
#42 /var/www/html/backend-legacy-laravel8/vendor/laravel/framework/src/Illuminate/Http/Middleware/ValidatePostSize.php(27): Illuminate\\Pipeline\\Pipeline->Illuminate\\Pipeline\\{closure}(Object(Illuminate\\Http\\Request))
#43 /var/www/html/backend-legacy-laravel8/vendor/laravel/framework/src/Illuminate/Pipeline/Pipeline.php(209): Illuminate\\Http\\Middleware\\ValidatePostSize->handle(Object(Illuminate\\Http\\Request), Object(Closure))
#44 /var/www/html/backend-legacy-laravel8/vendor/laravel/framework/src/Illuminate/Foundation/Http/Middleware/PreventRequestsDuringMaintenance.php(110): Illuminate\\Pipeline\\Pipeline->Illuminate\\Pipeline\\{closure}(Object(Illuminate\\Http\\Request))
#45 /var/www/html/backend-legacy-laravel8/vendor/laravel/framework/src/Illuminate/Pipeline/Pipeline.php(209): Illuminate\\Foundation\\Http\\Middleware\\PreventRequestsDuringMaintenance->handle(Object(Illuminate\\Http\\Request), Object(Closure))
#46 /var/www/html/backend-legacy-laravel8/vendor/laravel/framework/src/Illuminate/Http/Middleware/HandleCors.php(62): Illuminate\\Pipeline\\Pipeline->Illuminate\\Pipeline\\{closure}(Object(Illuminate\\Http\\Request))
#47 /var/www/html/backend-legacy-laravel8/vendor/laravel/framework/src/Illuminate/Pipeline/Pipeline.php(209): Illuminate\\Http\\Middleware\\HandleCors->handle(Object(Illuminate\\Http\\Request), Object(Closure))
#48 /var/www/html/backend-legacy-laravel8/vendor/laravel/framework/src/Illuminate/Http/Middleware/TrustProxies.php(58): Illuminate\\Pipeline\\Pipeline->Illuminate\\Pipeline\\{closure}(Object(Illuminate\\Http\\Request))
#49 /var/www/html/backend-legacy-laravel8/vendor/laravel/framework/src/Illuminate/Pipeline/Pipeline.php(209): Illuminate\\Http\\Middleware\\TrustProxies->handle(Object(Illuminate\\Http\\Request), Object(Closure))
#50 /var/www/html/backend-legacy-laravel8/vendor/laravel/framework/src/Illuminate/Foundation/Http/Middleware/InvokeDeferredCallbacks.php(22): Illuminate\\Pipeline\\Pipeline->Illuminate\\Pipeline\\{closure}(Object(Illuminate\\Http\\Request))
#51 /var/www/html/backend-legacy-laravel8/vendor/laravel/framework/src/Illuminate/Pipeline/Pipeline.php(209): Illuminate\\Foundation\\Http\\Middleware\\InvokeDeferredCallbacks->handle(Object(Illuminate\\Http\\Request), Object(Closure))
#52 /var/www/html/backend-legacy-laravel8/vendor/laravel/framework/src/Illuminate/Pipeline/Pipeline.php(127): Illuminate\\Pipeline\\Pipeline->Illuminate\\Pipeline\\{closure}(Object(Illuminate\\Http\\Request))
#53 /var/www/html/backend-legacy-laravel8/vendor/laravel/framework/src/Illuminate/Foundation/Http/Kernel.php(176): Illuminate\\Pipeline\\Pipeline->then(Object(Closure))
#54 /var/www/html/backend-legacy-laravel8/vendor/laravel/framework/src/Illuminate/Foundation/Http/Kernel.php(145): Illuminate\\Foundation\\Http\\Kernel->sendRequestThroughRouter(Object(Illuminate\\Http\\Request))
#55 /var/www/html/backend-legacy-laravel8/public/index.php(11): Illuminate\\Foundation\\Http\\Kernel->handle(Object(Illuminate\\Http\\Request))
#56 {main}

[previous exception] [object] (PDOException(code: 42S02): SQLSTATE[42S02]: Base table or view not found: 1146 Table 'legacy_products.audit_logs' doesn't exist at /var/www/html/backend-legacy-laravel8/vendor/laravel/framework/src/Illuminate/Database/MySqlConnection.php:47)
[stacktrace]
#0 /var/www/html/backend-legacy-laravel8/vendor/laravel/framework/src/Illuminate/Database/MySqlConnection.php(47): PDO->prepare('insert into `au...')
#1 /var/www/html/backend-legacy-laravel8/vendor/laravel/framework/src/Illuminate/Database/Connection.php(812): Illuminate\\Database\\MySqlConnection->Illuminate\\Database\\{closure}('insert into `au...', Array)
#2 /var/www/html/backend-legacy-laravel8/vendor/laravel/framework/src/Illuminate/Database/Connection.php(779): Illuminate\\Database\\Connection->runQueryCallback('insert into `au...', Array, Object(Closure))
#3 /var/www/html/backend-legacy-laravel8/vendor/laravel/framework/src/Illuminate/Database/MySqlConnection.php(42): Illuminate\\Database\\Connection->run('insert into `au...', Array, Object(Closure))
#4 /var/www/html/backend-legacy-laravel8/vendor/laravel/framework/src/Illuminate/Database/Query/Builder.php(3717): Illuminate\\Database\\MySqlConnection->insert('insert into `au...', Array)
#5 /var/www/html/backend-legacy-laravel8/app/Traits/Auditable.php(43): Illuminate\\Database\\Query\\Builder->insert(Array)
#6 /var/www/html/backend-legacy-laravel8/app/Traits/Auditable.php(12): App\\Models\\Product::logAudit('create', Object(App\\Models\\Product))
#7 /var/www/html/backend-legacy-laravel8/vendor/laravel/framework/src/Illuminate/Events/Dispatcher.php(459): App\\Models\\Product::App\\Traits\\{closure}(Object(App\\Models\\Product))
#8 /var/www/html/backend-legacy-laravel8/vendor/laravel/framework/src/Illuminate/Events/Dispatcher.php(287): Illuminate\\Events\\Dispatcher->Illuminate\\Events\\{closure}('eloquent.create...', Array)
#9 /var/www/html/backend-legacy-laravel8/vendor/laravel/framework/src/Illuminate/Events/Dispatcher.php(267): Illuminate\\Events\\Dispatcher->invokeListeners('eloquent.create...', Array, false)
#10 /var/www/html/backend-legacy-laravel8/vendor/laravel/framework/src/Illuminate/Database/Eloquent/Concerns/HasEvents.php(224): Illuminate\\Events\\Dispatcher->dispatch('eloquent.create...', Array)
#11 /var/www/html/backend-legacy-laravel8/vendor/laravel/framework/src/Illuminate/Database/Eloquent/Model.php(1345): Illuminate\\Database\\Eloquent\\Model->fireModelEvent('created', false)
#12 /var/www/html/backend-legacy-laravel8/vendor/laravel/framework/src/Illuminate/Database/Eloquent/Model.php(1163): Illuminate\\Database\\Eloquent\\Model->performInsert(Object(Illuminate\\Database\\Eloquent\\Builder))
#13 /var/www/html/backend-legacy-laravel8/vendor/laravel/framework/src/Illuminate/Database/Eloquent/Builder.php(1128): Illuminate\\Database\\Eloquent\\Model->save()
#14 /var/www/html/backend-legacy-laravel8/vendor/laravel/framework/src/Illuminate/Support/helpers.php(399): Illuminate\\Database\\Eloquent\\Builder->Illuminate\\Database\\Eloquent\\{closure}(Object(App\\Models\\Product))
#15 /var/www/html/backend-legacy-laravel8/vendor/laravel/framework/src/Illuminate/Database/Eloquent/Builder.php(1127): tap(Object(App\\Models\\Product), Object(Closure))
#16 /var/www/html/backend-legacy-laravel8/vendor/laravel/framework/src/Illuminate/Support/Traits/ForwardsCalls.php(23): Illuminate\\Database\\Eloquent\\Builder->create(Array)
#17 /var/www/html/backend-legacy-laravel8/vendor/laravel/framework/src/Illuminate/Database/Eloquent/Model.php(2372): Illuminate\\Database\\Eloquent\\Model->forwardCallTo(Object(Illuminate\\Database\\Eloquent\\Builder), 'create', Array)
#18 /var/www/html/backend-legacy-laravel8/vendor/laravel/framework/src/Illuminate/Database/Eloquent/Model.php(2384): Illuminate\\Database\\Eloquent\\Model->__call('create', Array)
#19 /var/www/html/backend-legacy-laravel8/app/Services/ProductService.php(33): Illuminate\\Database\\Eloquent\\Model::__callStatic('create', Array)
#20 /var/www/html/backend-legacy-laravel8/app/Http/Controllers/ProductController.php(41): App\\Services\\ProductService->createProduct(Array)
#21 /var/www/html/backend-legacy-laravel8/vendor/laravel/framework/src/Illuminate/Routing/Controller.php(54): App\\Http\\Controllers\\ProductController->store(Object(App\\Http\\Requests\\StoreProductRequest))
#22 /var/www/html/backend-legacy-laravel8/vendor/laravel/framework/src/Illuminate/Routing/ControllerDispatcher.php(44): Illuminate\\Routing\\Controller->callAction('store', Array)
#23 /var/www/html/backend-legacy-laravel8/vendor/laravel/framework/src/Illuminate/Routing/Route.php(266): Illuminate\\Routing\\ControllerDispatcher->dispatch(Object(Illuminate\\Routing\\Route), Object(App\\Http\\Controllers\\ProductController), 'store')
#24 /var/www/html/backend-legacy-laravel8/vendor/laravel/framework/src/Illuminate/Routing/Route.php(212): Illuminate\\Routing\\Route->runController()
#25 /var/www/html/backend-legacy-laravel8/vendor/laravel/framework/src/Illuminate/Routing/Router.php(808): Illuminate\\Routing\\Route->run()
#26 /var/www/html/backend-legacy-laravel8/vendor/laravel/framework/src/Illuminate/Pipeline/Pipeline.php(170): Illuminate\\Routing\\Router->Illuminate\\Routing\\{closure}(Object(Illuminate\\Http\\Request))
#27 /var/www/html/backend-legacy-laravel8/app/Http/Middleware/LegacyTokenAuth.php(26): Illuminate\\Pipeline\\Pipeline->Illuminate\\Pipeline\\{closure}(Object(Illuminate\\Http\\Request))
#28 /var/www/html/backend-legacy-laravel8/vendor/laravel/framework/src/Illuminate/Pipeline/Pipeline.php(209): App\\Http\\Middleware\\LegacyTokenAuth->handle(Object(Illuminate\\Http\\Request), Object(Closure))
#29 /var/www/html/backend-legacy-laravel8/vendor/laravel/framework/src/Illuminate/Routing/Middleware/SubstituteBindings.php(51): Illuminate\\Pipeline\\Pipeline->Illuminate\\Pipeline\\{closure}(Object(Illuminate\\Http\\Request))
#30 /var/www/html/backend-legacy-laravel8/vendor/laravel/framework/src/Illuminate/Pipeline/Pipeline.php(209): Illuminate\\Routing\\Middleware\\SubstituteBindings->handle(Object(Illuminate\\Http\\Request), Object(Closure))
#31 /var/www/html/backend-legacy-laravel8/vendor/laravel/framework/src/Illuminate/Pipeline/Pipeline.php(127): Illuminate\\Pipeline\\Pipeline->Illuminate\\Pipeline\\{closure}(Object(Illuminate\\Http\\Request))
#32 /var/www/html/backend-legacy-laravel8/vendor/laravel/framework/src/Illuminate/Routing/Router.php(807): Illuminate\\Pipeline\\Pipeline->then(Object(Closure))
#33 /var/www/html/backend-legacy-laravel8/vendor/laravel/framework/src/Illuminate/Routing/Router.php(786): Illuminate\\Routing\\Router->runRouteWithinStack(Object(Illuminate\\Routing\\Route), Object(Illuminate\\Http\\Request))
#34 /var/www/html/backend-legacy-laravel8/vendor/laravel/framework/src/Illuminate/Routing/Router.php(750): Illuminate\\Routing\\Router->runRoute(Object(Illuminate\\Http\\Request), Object(Illuminate\\Routing\\Route))
#35 /var/www/html/backend-legacy-laravel8/vendor/laravel/framework/src/Illuminate/Routing/Router.php(739): Illuminate\\Routing\\Router->dispatchToRoute(Object(Illuminate\\Http\\Request))
#36 /var/www/html/backend-legacy-laravel8/vendor/laravel/framework/src/Illuminate/Foundation/Http/Kernel.php(201): Illuminate\\Routing\\Router->dispatch(Object(Illuminate\\Http\\Request))
#37 /var/www/html/backend-legacy-laravel8/vendor/laravel/framework/src/Illuminate/Pipeline/Pipeline.php(170): Illuminate\\Foundation\\Http\\Kernel->Illuminate\\Foundation\\Http\\{closure}(Object(Illuminate\\Http\\Request))
#38 /var/www/html/backend-legacy-laravel8/vendor/laravel/framework/src/Illuminate/Foundation/Http/Middleware/TransformsRequest.php(21): Illuminate\\Pipeline\\Pipeline->Illuminate\\Pipeline\\{closure}(Object(Illuminate\\Http\\Request))
#39 /var/www/html/backend-legacy-laravel8/vendor/laravel/framework/src/Illuminate/Foundation/Http/Middleware/ConvertEmptyStringsToNull.php(31): Illuminate\\Foundation\\Http\\Middleware\\TransformsRequest->handle(Object(Illuminate\\Http\\Request), Object(Closure))
#40 /var/www/html/backend-legacy-laravel8/vendor/laravel/framework/src/Illuminate/Pipeline/Pipeline.php(209): Illuminate\\Foundation\\Http\\Middleware\\ConvertEmptyStringsToNull->handle(Object(Illuminate\\Http\\Request), Object(Closure))
#41 /var/www/html/backend-legacy-laravel8/vendor/laravel/framework/src/Illuminate/Foundation/Http/Middleware/TransformsRequest.php(21): Illuminate\\Pipeline\\Pipeline->Illuminate\\Pipeline\\{closure}(Object(Illuminate\\Http\\Request))
#42 /var/www/html/backend-legacy-laravel8/vendor/laravel/framework/src/Illuminate/Foundation/Http/Middleware/TrimStrings.php(51): Illuminate\\Foundation\\Http\\Middleware\\TransformsRequest->handle(Object(Illuminate\\Http\\Request), Object(Closure))
#43 /var/www/html/backend-legacy-laravel8/vendor/laravel/framework/src/Illuminate/Pipeline/Pipeline.php(209): Illuminate\\Foundation\\Http\\Middleware\\TrimStrings->handle(Object(Illuminate\\Http\\Request), Object(Closure))
#44 /var/www/html/backend-legacy-laravel8/vendor/laravel/framework/src/Illuminate/Http/Middleware/ValidatePostSize.php(27): Illuminate\\Pipeline\\Pipeline->Illuminate\\Pipeline\\{closure}(Object(Illuminate\\Http\\Request))
#45 /var/www/html/backend-legacy-laravel8/vendor/laravel/framework/src/Illuminate/Pipeline/Pipeline.php(209): Illuminate\\Http\\Middleware\\ValidatePostSize->handle(Object(Illuminate\\Http\\Request), Object(Closure))
#46 /var/www/html/backend-legacy-laravel8/vendor/laravel/framework/src/Illuminate/Foundation/Http/Middleware/PreventRequestsDuringMaintenance.php(110): Illuminate\\Pipeline\\Pipeline->Illuminate\\Pipeline\\{closure}(Object(Illuminate\\Http\\Request))
#47 /var/www/html/backend-legacy-laravel8/vendor/laravel/framework/src/Illuminate/Pipeline/Pipeline.php(209): Illuminate\\Foundation\\Http\\Middleware\\PreventRequestsDuringMaintenance->handle(Object(Illuminate\\Http\\Request), Object(Closure))
#48 /var/www/html/backend-legacy-laravel8/vendor/laravel/framework/src/Illuminate/Http/Middleware/HandleCors.php(62): Illuminate\\Pipeline\\Pipeline->Illuminate\\Pipeline\\{closure}(Object(Illuminate\\Http\\Request))
#49 /var/www/html/backend-legacy-laravel8/vendor/laravel/framework/src/Illuminate/Pipeline/Pipeline.php(209): Illuminate\\Http\\Middleware\\HandleCors->handle(Object(Illuminate\\Http\\Request), Object(Closure))
#50 /var/www/html/backend-legacy-laravel8/vendor/laravel/framework/src/Illuminate/Http/Middleware/TrustProxies.php(58): Illuminate\\Pipeline\\Pipeline->Illuminate\\Pipeline\\{closure}(Object(Illuminate\\Http\\Request))
#51 /var/www/html/backend-legacy-laravel8/vendor/laravel/framework/src/Illuminate/Pipeline/Pipeline.php(209): Illuminate\\Http\\Middleware\\TrustProxies->handle(Object(Illuminate\\Http\\Request), Object(Closure))
#52 /var/www/html/backend-legacy-laravel8/vendor/laravel/framework/src/Illuminate/Foundation/Http/Middleware/InvokeDeferredCallbacks.php(22): Illuminate\\Pipeline\\Pipeline->Illuminate\\Pipeline\\{closure}(Object(Illuminate\\Http\\Request))
#53 /var/www/html/backend-legacy-laravel8/vendor/laravel/framework/src/Illuminate/Pipeline/Pipeline.php(209): Illuminate\\Foundation\\Http\\Middleware\\InvokeDeferredCallbacks->handle(Object(Illuminate\\Http\\Request), Object(Closure))
#54 /var/www/html/backend-legacy-laravel8/vendor/laravel/framework/src/Illuminate/Pipeline/Pipeline.php(127): Illuminate\\Pipeline\\Pipeline->Illuminate\\Pipeline\\{closure}(Object(Illuminate\\Http\\Request))
#55 /var/www/html/backend-legacy-laravel8/vendor/laravel/framework/src/Illuminate/Foundation/Http/Kernel.php(176): Illuminate\\Pipeline\\Pipeline->then(Object(Closure))
#56 /var/www/html/backend-legacy-laravel8/vendor/laravel/framework/src/Illuminate/Foundation/Http/Kernel.php(145): Illuminate\\Foundation\\Http\\Kernel->sendRequestThroughRouter(Object(Illuminate\\Http\\Request))
#57 /var/www/html/backend-legacy-laravel8/public/index.php(11): Illuminate\\Foundation\\Http\\Kernel->handle(Object(Illuminate\\Http\\Request))
#58 {main}
"} 
[2026-05-18 19:08:17] local.ERROR: SQLSTATE[42S02]: Base table or view not found: 1146 Table 'legacy_products.audit_logs' doesn't exist (Connection: mysql, SQL: insert into `audit_logs` (`user_id`, `action`, `model_type`, `model_id`, `old_values`, `new_values`, `ip_address`, `created_at`, `updated_at`) values (1, create, App\Models\Category, 101, ?, {"name":"LINEA BLANCA","description":"DEA","status":1,"updated_at":"2026-05-18 19:08:17","created_at":"2026-05-18 19:08:17","id":101}, 172.18.0.1, 2026-05-18 19:08:17, 2026-05-18 19:08:17)) {"exception":"[object] (Illuminate\\Database\\QueryException(code: 42S02): SQLSTATE[42S02]: Base table or view not found: 1146 Table 'legacy_products.audit_logs' doesn't exist (Connection: mysql, SQL: insert into `audit_logs` (`user_id`, `action`, `model_type`, `model_id`, `old_values`, `new_values`, `ip_address`, `created_at`, `updated_at`) values (1, create, App\\Models\\Category, 101, ?, {\"name\":\"LINEA BLANCA\",\"description\":\"DEA\",\"status\":1,\"updated_at\":\"2026-05-18 19:08:17\",\"created_at\":\"2026-05-18 19:08:17\",\"id\":101}, 172.18.0.1, 2026-05-18 19:08:17, 2026-05-18 19:08:17)) at /var/www/html/backend-legacy-laravel8/vendor/laravel/framework/src/Illuminate/Database/Connection.php:825)
[stacktrace]
#0 /var/www/html/backend-legacy-laravel8/vendor/laravel/framework/src/Illuminate/Database/Connection.php(779): Illuminate\\Database\\Connection->runQueryCallback('insert into `au...', Array, Object(Closure))
#1 /var/www/html/backend-legacy-laravel8/vendor/laravel/framework/src/Illuminate/Database/MySqlConnection.php(42): Illuminate\\Database\\Connection->run('insert into `au...', Array, Object(Closure))
#2 /var/www/html/backend-legacy-laravel8/vendor/laravel/framework/src/Illuminate/Database/Query/Builder.php(3717): Illuminate\\Database\\MySqlConnection->insert('insert into `au...', Array)
#3 /var/www/html/backend-legacy-laravel8/app/Traits/Auditable.php(43): Illuminate\\Database\\Query\\Builder->insert(Array)
#4 /var/www/html/backend-legacy-laravel8/app/Traits/Auditable.php(12): App\\Models\\Category::logAudit('create', Object(App\\Models\\Category))
#5 /var/www/html/backend-legacy-laravel8/vendor/laravel/framework/src/Illuminate/Events/Dispatcher.php(459): App\\Models\\Category::App\\Traits\\{closure}(Object(App\\Models\\Category))
#6 /var/www/html/backend-legacy-laravel8/vendor/laravel/framework/src/Illuminate/Events/Dispatcher.php(287): Illuminate\\Events\\Dispatcher->Illuminate\\Events\\{closure}('eloquent.create...', Array)
#7 /var/www/html/backend-legacy-laravel8/vendor/laravel/framework/src/Illuminate/Events/Dispatcher.php(267): Illuminate\\Events\\Dispatcher->invokeListeners('eloquent.create...', Array, false)
#8 /var/www/html/backend-legacy-laravel8/vendor/laravel/framework/src/Illuminate/Database/Eloquent/Concerns/HasEvents.php(224): Illuminate\\Events\\Dispatcher->dispatch('eloquent.create...', Array)
#9 /var/www/html/backend-legacy-laravel8/vendor/laravel/framework/src/Illuminate/Database/Eloquent/Model.php(1345): Illuminate\\Database\\Eloquent\\Model->fireModelEvent('created', false)
#10 /var/www/html/backend-legacy-laravel8/vendor/laravel/framework/src/Illuminate/Database/Eloquent/Model.php(1163): Illuminate\\Database\\Eloquent\\Model->performInsert(Object(Illuminate\\Database\\Eloquent\\Builder))
#11 /var/www/html/backend-legacy-laravel8/vendor/laravel/framework/src/Illuminate/Database/Eloquent/Builder.php(1128): Illuminate\\Database\\Eloquent\\Model->save()
#12 /var/www/html/backend-legacy-laravel8/vendor/laravel/framework/src/Illuminate/Support/helpers.php(399): Illuminate\\Database\\Eloquent\\Builder->Illuminate\\Database\\Eloquent\\{closure}(Object(App\\Models\\Category))
#13 /var/www/html/backend-legacy-laravel8/vendor/laravel/framework/src/Illuminate/Database/Eloquent/Builder.php(1127): tap(Object(App\\Models\\Category), Object(Closure))
#14 /var/www/html/backend-legacy-laravel8/vendor/laravel/framework/src/Illuminate/Support/Traits/ForwardsCalls.php(23): Illuminate\\Database\\Eloquent\\Builder->create(Array)
#15 /var/www/html/backend-legacy-laravel8/vendor/laravel/framework/src/Illuminate/Database/Eloquent/Model.php(2372): Illuminate\\Database\\Eloquent\\Model->forwardCallTo(Object(Illuminate\\Database\\Eloquent\\Builder), 'create', Array)
#16 /var/www/html/backend-legacy-laravel8/vendor/laravel/framework/src/Illuminate/Database/Eloquent/Model.php(2384): Illuminate\\Database\\Eloquent\\Model->__call('create', Array)
#17 /var/www/html/backend-legacy-laravel8/app/Services/CategoryService.php(30): Illuminate\\Database\\Eloquent\\Model::__callStatic('create', Array)
#18 /var/www/html/backend-legacy-laravel8/app/Http/Controllers/CategoryController.php(36): App\\Services\\CategoryService->createCategory(Array)
#19 /var/www/html/backend-legacy-laravel8/vendor/laravel/framework/src/Illuminate/Routing/Controller.php(54): App\\Http\\Controllers\\CategoryController->store(Object(App\\Http\\Requests\\StoreCategoryRequest))
#20 /var/www/html/backend-legacy-laravel8/vendor/laravel/framework/src/Illuminate/Routing/ControllerDispatcher.php(44): Illuminate\\Routing\\Controller->callAction('store', Array)
#21 /var/www/html/backend-legacy-laravel8/vendor/laravel/framework/src/Illuminate/Routing/Route.php(266): Illuminate\\Routing\\ControllerDispatcher->dispatch(Object(Illuminate\\Routing\\Route), Object(App\\Http\\Controllers\\CategoryController), 'store')
#22 /var/www/html/backend-legacy-laravel8/vendor/laravel/framework/src/Illuminate/Routing/Route.php(212): Illuminate\\Routing\\Route->runController()
#23 /var/www/html/backend-legacy-laravel8/vendor/laravel/framework/src/Illuminate/Routing/Router.php(808): Illuminate\\Routing\\Route->run()
#24 /var/www/html/backend-legacy-laravel8/vendor/laravel/framework/src/Illuminate/Pipeline/Pipeline.php(170): Illuminate\\Routing\\Router->Illuminate\\Routing\\{closure}(Object(Illuminate\\Http\\Request))
#25 /var/www/html/backend-legacy-laravel8/app/Http/Middleware/LegacyTokenAuth.php(26): Illuminate\\Pipeline\\Pipeline->Illuminate\\Pipeline\\{closure}(Object(Illuminate\\Http\\Request))
#26 /var/www/html/backend-legacy-laravel8/vendor/laravel/framework/src/Illuminate/Pipeline/Pipeline.php(209): App\\Http\\Middleware\\LegacyTokenAuth->handle(Object(Illuminate\\Http\\Request), Object(Closure))
#27 /var/www/html/backend-legacy-laravel8/vendor/laravel/framework/src/Illuminate/Routing/Middleware/SubstituteBindings.php(51): Illuminate\\Pipeline\\Pipeline->Illuminate\\Pipeline\\{closure}(Object(Illuminate\\Http\\Request))
#28 /var/www/html/backend-legacy-laravel8/vendor/laravel/framework/src/Illuminate/Pipeline/Pipeline.php(209): Illuminate\\Routing\\Middleware\\SubstituteBindings->handle(Object(Illuminate\\Http\\Request), Object(Closure))
#29 /var/www/html/backend-legacy-laravel8/vendor/laravel/framework/src/Illuminate/Pipeline/Pipeline.php(127): Illuminate\\Pipeline\\Pipeline->Illuminate\\Pipeline\\{closure}(Object(Illuminate\\Http\\Request))
#30 /var/www/html/backend-legacy-laravel8/vendor/laravel/framework/src/Illuminate/Routing/Router.php(807): Illuminate\\Pipeline\\Pipeline->then(Object(Closure))
#31 /var/www/html/backend-legacy-laravel8/vendor/laravel/framework/src/Illuminate/Routing/Router.php(786): Illuminate\\Routing\\Router->runRouteWithinStack(Object(Illuminate\\Routing\\Route), Object(Illuminate\\Http\\Request))
#32 /var/www/html/backend-legacy-laravel8/vendor/laravel/framework/src/Illuminate/Routing/Router.php(750): Illuminate\\Routing\\Router->runRoute(Object(Illuminate\\Http\\Request), Object(Illuminate\\Routing\\Route))
#33 /var/www/html/backend-legacy-laravel8/vendor/laravel/framework/src/Illuminate/Routing/Router.php(739): Illuminate\\Routing\\Router->dispatchToRoute(Object(Illuminate\\Http\\Request))
#34 /var/www/html/backend-legacy-laravel8/vendor/laravel/framework/src/Illuminate/Foundation/Http/Kernel.php(201): Illuminate\\Routing\\Router->dispatch(Object(Illuminate\\Http\\Request))
#35 /var/www/html/backend-legacy-laravel8/vendor/laravel/framework/src/Illuminate/Pipeline/Pipeline.php(170): Illuminate\\Foundation\\Http\\Kernel->Illuminate\\Foundation\\Http\\{closure}(Object(Illuminate\\Http\\Request))
#36 /var/www/html/backend-legacy-laravel8/vendor/laravel/framework/src/Illuminate/Foundation/Http/Middleware/TransformsRequest.php(21): Illuminate\\Pipeline\\Pipeline->Illuminate\\Pipeline\\{closure}(Object(Illuminate\\Http\\Request))
#37 /var/www/html/backend-legacy-laravel8/vendor/laravel/framework/src/Illuminate/Foundation/Http/Middleware/ConvertEmptyStringsToNull.php(31): Illuminate\\Foundation\\Http\\Middleware\\TransformsRequest->handle(Object(Illuminate\\Http\\Request), Object(Closure))
#38 /var/www/html/backend-legacy-laravel8/vendor/laravel/framework/src/Illuminate/Pipeline/Pipeline.php(209): Illuminate\\Foundation\\Http\\Middleware\\ConvertEmptyStringsToNull->handle(Object(Illuminate\\Http\\Request), Object(Closure))
#39 /var/www/html/backend-legacy-laravel8/vendor/laravel/framework/src/Illuminate/Foundation/Http/Middleware/TransformsRequest.php(21): Illuminate\\Pipeline\\Pipeline->Illuminate\\Pipeline\\{closure}(Object(Illuminate\\Http\\Request))
#40 /var/www/html/backend-legacy-laravel8/vendor/laravel/framework/src/Illuminate/Foundation/Http/Middleware/TrimStrings.php(51): Illuminate\\Foundation\\Http\\Middleware\\TransformsRequest->handle(Object(Illuminate\\Http\\Request), Object(Closure))
#41 /var/www/html/backend-legacy-laravel8/vendor/laravel/framework/src/Illuminate/Pipeline/Pipeline.php(209): Illuminate\\Foundation\\Http\\Middleware\\TrimStrings->handle(Object(Illuminate\\Http\\Request), Object(Closure))
#42 /var/www/html/backend-legacy-laravel8/vendor/laravel/framework/src/Illuminate/Http/Middleware/ValidatePostSize.php(27): Illuminate\\Pipeline\\Pipeline->Illuminate\\Pipeline\\{closure}(Object(Illuminate\\Http\\Request))
#43 /var/www/html/backend-legacy-laravel8/vendor/laravel/framework/src/Illuminate/Pipeline/Pipeline.php(209): Illuminate\\Http\\Middleware\\ValidatePostSize->handle(Object(Illuminate\\Http\\Request), Object(Closure))
#44 /var/www/html/backend-legacy-laravel8/vendor/laravel/framework/src/Illuminate/Foundation/Http/Middleware/PreventRequestsDuringMaintenance.php(110): Illuminate\\Pipeline\\Pipeline->Illuminate\\Pipeline\\{closure}(Object(Illuminate\\Http\\Request))
#45 /var/www/html/backend-legacy-laravel8/vendor/laravel/framework/src/Illuminate/Pipeline/Pipeline.php(209): Illuminate\\Foundation\\Http\\Middleware\\PreventRequestsDuringMaintenance->handle(Object(Illuminate\\Http\\Request), Object(Closure))
#46 /var/www/html/backend-legacy-laravel8/vendor/laravel/framework/src/Illuminate/Http/Middleware/HandleCors.php(62): Illuminate\\Pipeline\\Pipeline->Illuminate\\Pipeline\\{closure}(Object(Illuminate\\Http\\Request))
#47 /var/www/html/backend-legacy-laravel8/vendor/laravel/framework/src/Illuminate/Pipeline/Pipeline.php(209): Illuminate\\Http\\Middleware\\HandleCors->handle(Object(Illuminate\\Http\\Request), Object(Closure))
#48 /var/www/html/backend-legacy-laravel8/vendor/laravel/framework/src/Illuminate/Http/Middleware/TrustProxies.php(58): Illuminate\\Pipeline\\Pipeline->Illuminate\\Pipeline\\{closure}(Object(Illuminate\\Http\\Request))
#49 /var/www/html/backend-legacy-laravel8/vendor/laravel/framework/src/Illuminate/Pipeline/Pipeline.php(209): Illuminate\\Http\\Middleware\\TrustProxies->handle(Object(Illuminate\\Http\\Request), Object(Closure))
#50 /var/www/html/backend-legacy-laravel8/vendor/laravel/framework/src/Illuminate/Foundation/Http/Middleware/InvokeDeferredCallbacks.php(22): Illuminate\\Pipeline\\Pipeline->Illuminate\\Pipeline\\{closure}(Object(Illuminate\\Http\\Request))
#51 /var/www/html/backend-legacy-laravel8/vendor/laravel/framework/src/Illuminate/Pipeline/Pipeline.php(209): Illuminate\\Foundation\\Http\\Middleware\\InvokeDeferredCallbacks->handle(Object(Illuminate\\Http\\Request), Object(Closure))
#52 /var/www/html/backend-legacy-laravel8/vendor/laravel/framework/src/Illuminate/Pipeline/Pipeline.php(127): Illuminate\\Pipeline\\Pipeline->Illuminate\\Pipeline\\{closure}(Object(Illuminate\\Http\\Request))
#53 /var/www/html/backend-legacy-laravel8/vendor/laravel/framework/src/Illuminate/Foundation/Http/Kernel.php(176): Illuminate\\Pipeline\\Pipeline->then(Object(Closure))
#54 /var/www/html/backend-legacy-laravel8/vendor/laravel/framework/src/Illuminate/Foundation/Http/Kernel.php(145): Illuminate\\Foundation\\Http\\Kernel->sendRequestThroughRouter(Object(Illuminate\\Http\\Request))
#55 /var/www/html/backend-legacy-laravel8/public/index.php(11): Illuminate\\Foundation\\Http\\Kernel->handle(Object(Illuminate\\Http\\Request))
#56 {main}

[previous exception] [object] (PDOException(code: 42S02): SQLSTATE[42S02]: Base table or view not found: 1146 Table 'legacy_products.audit_logs' doesn't exist at /var/www/html/backend-legacy-laravel8/vendor/laravel/framework/src/Illuminate/Database/MySqlConnection.php:47)
[stacktrace]
#0 /var/www/html/backend-legacy-laravel8/vendor/laravel/framework/src/Illuminate/Database/MySqlConnection.php(47): PDO->prepare('insert into `au...')
#1 /var/www/html/backend-legacy-laravel8/vendor/laravel/framework/src/Illuminate/Database/Connection.php(812): Illuminate\\Database\\MySqlConnection->Illuminate\\Database\\{closure}('insert into `au...', Array)
#2 /var/www/html/backend-legacy-laravel8/vendor/laravel/framework/src/Illuminate/Database/Connection.php(779): Illuminate\\Database\\Connection->runQueryCallback('insert into `au...', Array, Object(Closure))
#3 /var/www/html/backend-legacy-laravel8/vendor/laravel/framework/src/Illuminate/Database/MySqlConnection.php(42): Illuminate\\Database\\Connection->run('insert into `au...', Array, Object(Closure))
#4 /var/www/html/backend-legacy-laravel8/vendor/laravel/framework/src/Illuminate/Database/Query/Builder.php(3717): Illuminate\\Database\\MySqlConnection->insert('insert into `au...', Array)
#5 /var/www/html/backend-legacy-laravel8/app/Traits/Auditable.php(43): Illuminate\\Database\\Query\\Builder->insert(Array)
#6 /var/www/html/backend-legacy-laravel8/app/Traits/Auditable.php(12): App\\Models\\Category::logAudit('create', Object(App\\Models\\Category))
#7 /var/www/html/backend-legacy-laravel8/vendor/laravel/framework/src/Illuminate/Events/Dispatcher.php(459): App\\Models\\Category::App\\Traits\\{closure}(Object(App\\Models\\Category))
#8 /var/www/html/backend-legacy-laravel8/vendor/laravel/framework/src/Illuminate/Events/Dispatcher.php(287): Illuminate\\Events\\Dispatcher->Illuminate\\Events\\{closure}('eloquent.create...', Array)
#9 /var/www/html/backend-legacy-laravel8/vendor/laravel/framework/src/Illuminate/Events/Dispatcher.php(267): Illuminate\\Events\\Dispatcher->invokeListeners('eloquent.create...', Array, false)
#10 /var/www/html/backend-legacy-laravel8/vendor/laravel/framework/src/Illuminate/Database/Eloquent/Concerns/HasEvents.php(224): Illuminate\\Events\\Dispatcher->dispatch('eloquent.create...', Array)
#11 /var/www/html/backend-legacy-laravel8/vendor/laravel/framework/src/Illuminate/Database/Eloquent/Model.php(1345): Illuminate\\Database\\Eloquent\\Model->fireModelEvent('created', false)
#12 /var/www/html/backend-legacy-laravel8/vendor/laravel/framework/src/Illuminate/Database/Eloquent/Model.php(1163): Illuminate\\Database\\Eloquent\\Model->performInsert(Object(Illuminate\\Database\\Eloquent\\Builder))
#13 /var/www/html/backend-legacy-laravel8/vendor/laravel/framework/src/Illuminate/Database/Eloquent/Builder.php(1128): Illuminate\\Database\\Eloquent\\Model->save()
#14 /var/www/html/backend-legacy-laravel8/vendor/laravel/framework/src/Illuminate/Support/helpers.php(399): Illuminate\\Database\\Eloquent\\Builder->Illuminate\\Database\\Eloquent\\{closure}(Object(App\\Models\\Category))
#15 /var/www/html/backend-legacy-laravel8/vendor/laravel/framework/src/Illuminate/Database/Eloquent/Builder.php(1127): tap(Object(App\\Models\\Category), Object(Closure))
#16 /var/www/html/backend-legacy-laravel8/vendor/laravel/framework/src/Illuminate/Support/Traits/ForwardsCalls.php(23): Illuminate\\Database\\Eloquent\\Builder->create(Array)
#17 /var/www/html/backend-legacy-laravel8/vendor/laravel/framework/src/Illuminate/Database/Eloquent/Model.php(2372): Illuminate\\Database\\Eloquent\\Model->forwardCallTo(Object(Illuminate\\Database\\Eloquent\\Builder), 'create', Array)
#18 /var/www/html/backend-legacy-laravel8/vendor/laravel/framework/src/Illuminate/Database/Eloquent/Model.php(2384): Illuminate\\Database\\Eloquent\\Model->__call('create', Array)
#19 /var/www/html/backend-legacy-laravel8/app/Services/CategoryService.php(30): Illuminate\\Database\\Eloquent\\Model::__callStatic('create', Array)
#20 /var/www/html/backend-legacy-laravel8/app/Http/Controllers/CategoryController.php(36): App\\Services\\CategoryService->createCategory(Array)
#21 /var/www/html/backend-legacy-laravel8/vendor/laravel/framework/src/Illuminate/Routing/Controller.php(54): App\\Http\\Controllers\\CategoryController->store(Object(App\\Http\\Requests\\StoreCategoryRequest))
#22 /var/www/html/backend-legacy-laravel8/vendor/laravel/framework/src/Illuminate/Routing/ControllerDispatcher.php(44): Illuminate\\Routing\\Controller->callAction('store', Array)
#23 /var/www/html/backend-legacy-laravel8/vendor/laravel/framework/src/Illuminate/Routing/Route.php(266): Illuminate\\Routing\\ControllerDispatcher->dispatch(Object(Illuminate\\Routing\\Route), Object(App\\Http\\Controllers\\CategoryController), 'store')
#24 /var/www/html/backend-legacy-laravel8/vendor/laravel/framework/src/Illuminate/Routing/Route.php(212): Illuminate\\Routing\\Route->runController()
#25 /var/www/html/backend-legacy-laravel8/vendor/laravel/framework/src/Illuminate/Routing/Router.php(808): Illuminate\\Routing\\Route->run()
#26 /var/www/html/backend-legacy-laravel8/vendor/laravel/framework/src/Illuminate/Pipeline/Pipeline.php(170): Illuminate\\Routing\\Router->Illuminate\\Routing\\{closure}(Object(Illuminate\\Http\\Request))
#27 /var/www/html/backend-legacy-laravel8/app/Http/Middleware/LegacyTokenAuth.php(26): Illuminate\\Pipeline\\Pipeline->Illuminate\\Pipeline\\{closure}(Object(Illuminate\\Http\\Request))
#28 /var/www/html/backend-legacy-laravel8/vendor/laravel/framework/src/Illuminate/Pipeline/Pipeline.php(209): App\\Http\\Middleware\\LegacyTokenAuth->handle(Object(Illuminate\\Http\\Request), Object(Closure))
#29 /var/www/html/backend-legacy-laravel8/vendor/laravel/framework/src/Illuminate/Routing/Middleware/SubstituteBindings.php(51): Illuminate\\Pipeline\\Pipeline->Illuminate\\Pipeline\\{closure}(Object(Illuminate\\Http\\Request))
#30 /var/www/html/backend-legacy-laravel8/vendor/laravel/framework/src/Illuminate/Pipeline/Pipeline.php(209): Illuminate\\Routing\\Middleware\\SubstituteBindings->handle(Object(Illuminate\\Http\\Request), Object(Closure))
#31 /var/www/html/backend-legacy-laravel8/vendor/laravel/framework/src/Illuminate/Pipeline/Pipeline.php(127): Illuminate\\Pipeline\\Pipeline->Illuminate\\Pipeline\\{closure}(Object(Illuminate\\Http\\Request))
#32 /var/www/html/backend-legacy-laravel8/vendor/laravel/framework/src/Illuminate/Routing/Router.php(807): Illuminate\\Pipeline\\Pipeline->then(Object(Closure))
#33 /var/www/html/backend-legacy-laravel8/vendor/laravel/framework/src/Illuminate/Routing/Router.php(786): Illuminate\\Routing\\Router->runRouteWithinStack(Object(Illuminate\\Routing\\Route), Object(Illuminate\\Http\\Request))
#34 /var/www/html/backend-legacy-laravel8/vendor/laravel/framework/src/Illuminate/Routing/Router.php(750): Illuminate\\Routing\\Router->runRoute(Object(Illuminate\\Http\\Request), Object(Illuminate\\Routing\\Route))
#35 /var/www/html/backend-legacy-laravel8/vendor/laravel/framework/src/Illuminate/Routing/Router.php(739): Illuminate\\Routing\\Router->dispatchToRoute(Object(Illuminate\\Http\\Request))
#36 /var/www/html/backend-legacy-laravel8/vendor/laravel/framework/src/Illuminate/Foundation/Http/Kernel.php(201): Illuminate\\Routing\\Router->dispatch(Object(Illuminate\\Http\\Request))
#37 /var/www/html/backend-legacy-laravel8/vendor/laravel/framework/src/Illuminate/Pipeline/Pipeline.php(170): Illuminate\\Foundation\\Http\\Kernel->Illuminate\\Foundation\\Http\\{closure}(Object(Illuminate\\Http\\Request))
#38 /var/www/html/backend-legacy-laravel8/vendor/laravel/framework/src/Illuminate/Foundation/Http/Middleware/TransformsRequest.php(21): Illuminate\\Pipeline\\Pipeline->Illuminate\\Pipeline\\{closure}(Object(Illuminate\\Http\\Request))
#39 /var/www/html/backend-legacy-laravel8/vendor/laravel/framework/src/Illuminate/Foundation/Http/Middleware/ConvertEmptyStringsToNull.php(31): Illuminate\\Foundation\\Http\\Middleware\\TransformsRequest->handle(Object(Illuminate\\Http\\Request), Object(Closure))
#40 /var/www/html/backend-legacy-laravel8/vendor/laravel/framework/src/Illuminate/Pipeline/Pipeline.php(209): Illuminate\\Foundation\\Http\\Middleware\\ConvertEmptyStringsToNull->handle(Object(Illuminate\\Http\\Request), Object(Closure))
#41 /var/www/html/backend-legacy-laravel8/vendor/laravel/framework/src/Illuminate/Foundation/Http/Middleware/TransformsRequest.php(21): Illuminate\\Pipeline\\Pipeline->Illuminate\\Pipeline\\{closure}(Object(Illuminate\\Http\\Request))
#42 /var/www/html/backend-legacy-laravel8/vendor/laravel/framework/src/Illuminate/Foundation/Http/Middleware/TrimStrings.php(51): Illuminate\\Foundation\\Http\\Middleware\\TransformsRequest->handle(Object(Illuminate\\Http\\Request), Object(Closure))
#43 /var/www/html/backend-legacy-laravel8/vendor/laravel/framework/src/Illuminate/Pipeline/Pipeline.php(209): Illuminate\\Foundation\\Http\\Middleware\\TrimStrings->handle(Object(Illuminate\\Http\\Request), Object(Closure))
#44 /var/www/html/backend-legacy-laravel8/vendor/laravel/framework/src/Illuminate/Http/Middleware/ValidatePostSize.php(27): Illuminate\\Pipeline\\Pipeline->Illuminate\\Pipeline\\{closure}(Object(Illuminate\\Http\\Request))
#45 /var/www/html/backend-legacy-laravel8/vendor/laravel/framework/src/Illuminate/Pipeline/Pipeline.php(209): Illuminate\\Http\\Middleware\\ValidatePostSize->handle(Object(Illuminate\\Http\\Request), Object(Closure))
#46 /var/www/html/backend-legacy-laravel8/vendor/laravel/framework/src/Illuminate/Foundation/Http/Middleware/PreventRequestsDuringMaintenance.php(110): Illuminate\\Pipeline\\Pipeline->Illuminate\\Pipeline\\{closure}(Object(Illuminate\\Http\\Request))
#47 /var/www/html/backend-legacy-laravel8/vendor/laravel/framework/src/Illuminate/Pipeline/Pipeline.php(209): Illuminate\\Foundation\\Http\\Middleware\\PreventRequestsDuringMaintenance->handle(Object(Illuminate\\Http\\Request), Object(Closure))
#48 /var/www/html/backend-legacy-laravel8/vendor/laravel/framework/src/Illuminate/Http/Middleware/HandleCors.php(62): Illuminate\\Pipeline\\Pipeline->Illuminate\\Pipeline\\{closure}(Object(Illuminate\\Http\\Request))
#49 /var/www/html/backend-legacy-laravel8/vendor/laravel/framework/src/Illuminate/Pipeline/Pipeline.php(209): Illuminate\\Http\\Middleware\\HandleCors->handle(Object(Illuminate\\Http\\Request), Object(Closure))
#50 /var/www/html/backend-legacy-laravel8/vendor/laravel/framework/src/Illuminate/Http/Middleware/TrustProxies.php(58): Illuminate\\Pipeline\\Pipeline->Illuminate\\Pipeline\\{closure}(Object(Illuminate\\Http\\Request))
#51 /var/www/html/backend-legacy-laravel8/vendor/laravel/framework/src/Illuminate/Pipeline/Pipeline.php(209): Illuminate\\Http\\Middleware\\TrustProxies->handle(Object(Illuminate\\Http\\Request), Object(Closure))
#52 /var/www/html/backend-legacy-laravel8/vendor/laravel/framework/src/Illuminate/Foundation/Http/Middleware/InvokeDeferredCallbacks.php(22): Illuminate\\Pipeline\\Pipeline->Illuminate\\Pipeline\\{closure}(Object(Illuminate\\Http\\Request))
#53 /var/www/html/backend-legacy-laravel8/vendor/laravel/framework/src/Illuminate/Pipeline/Pipeline.php(209): Illuminate\\Foundation\\Http\\Middleware\\InvokeDeferredCallbacks->handle(Object(Illuminate\\Http\\Request), Object(Closure))
#54 /var/www/html/backend-legacy-laravel8/vendor/laravel/framework/src/Illuminate/Pipeline/Pipeline.php(127): Illuminate\\Pipeline\\Pipeline->Illuminate\\Pipeline\\{closure}(Object(Illuminate\\Http\\Request))
#55 /var/www/html/backend-legacy-laravel8/vendor/laravel/framework/src/Illuminate/Foundation/Http/Kernel.php(176): Illuminate\\Pipeline\\Pipeline->then(Object(Closure))
#56 /var/www/html/backend-legacy-laravel8/vendor/laravel/framework/src/Illuminate/Foundation/Http/Kernel.php(145): Illuminate\\Foundation\\Http\\Kernel->sendRequestThroughRouter(Object(Illuminate\\Http\\Request))
#57 /var/www/html/backend-legacy-laravel8/public/index.php(11): Illuminate\\Foundation\\Http\\Kernel->handle(Object(Illuminate\\Http\\Request))
#58 {main}
"} 
[2026-05-18 19:09:58] local.INFO: Product created {"product_id":10001,"payload":{"name":"SDFSAFSADFA","description":"SAFSADFA","price":14,"stock":40,"category_id":1,"status":1,"auth_user_id":1}} 
[2026-05-18 19:10:07] local.INFO: Product updated {"product_id":10001,"payload":{"name":"AVFDSFHGSDF","description":"SAFSADFA","price":14,"stock":40,"category_id":1,"status":1,"auth_user_id":1}} 
[2026-05-18 19:10:24] local.INFO: Stock movement registered {"movement_id":17001} 
[2026-05-18 19:10:43] local.INFO: Product deleted {"product_id":"5883"} 
[2026-05-18 19:11:09] local.INFO: Category created {"category_id":101} 
[2026-05-18 19:11:14] local.INFO: Category deleted {"category_id":"101"} 
[2026-05-18 19:16:25] local.ERROR: SQLSTATE[HY000] [2002] Connection refused (Connection: mysql, SQL: select exists (select 1 from information_schema.tables where table_schema = 'legacy_products' and table_name = 'migrations' and table_type in ('BASE TABLE', 'SYSTEM VERSIONED')) as `exists`) {"exception":"[object] (Illuminate\\Database\\QueryException(code: 2002): SQLSTATE[HY000] [2002] Connection refused (Connection: mysql, SQL: select exists (select 1 from information_schema.tables where table_schema = 'legacy_products' and table_name = 'migrations' and table_type in ('BASE TABLE', 'SYSTEM VERSIONED')) as `exists`) at /var/www/html/backend-legacy-laravel8/vendor/laravel/framework/src/Illuminate/Database/Connection.php:825)
[stacktrace]
#0 /var/www/html/backend-legacy-laravel8/vendor/laravel/framework/src/Illuminate/Database/Connection.php(979): Illuminate\\Database\\Connection->runQueryCallback('select exists (...', Array, Object(Closure))
#1 /var/www/html/backend-legacy-laravel8/vendor/laravel/framework/src/Illuminate/Database/Connection.php(958): Illuminate\\Database\\Connection->tryAgainIfCausedByLostConnection(Object(Illuminate\\Database\\QueryException), 'select exists (...', Array, Object(Closure))
#2 /var/www/html/backend-legacy-laravel8/vendor/laravel/framework/src/Illuminate/Database/Connection.php(781): Illuminate\\Database\\Connection->handleQueryException(Object(Illuminate\\Database\\QueryException), 'select exists (...', Array, Object(Closure))
#3 /var/www/html/backend-legacy-laravel8/vendor/laravel/framework/src/Illuminate/Database/Connection.php(398): Illuminate\\Database\\Connection->run('select exists (...', Array, Object(Closure))
#4 /var/www/html/backend-legacy-laravel8/vendor/laravel/framework/src/Illuminate/Database/Connection.php(344): Illuminate\\Database\\Connection->select('select exists (...', Array, true)
#5 /var/www/html/backend-legacy-laravel8/vendor/laravel/framework/src/Illuminate/Database/Connection.php(361): Illuminate\\Database\\Connection->selectOne('select exists (...', Array, true)
#6 /var/www/html/backend-legacy-laravel8/vendor/laravel/framework/src/Illuminate/Database/Schema/MySqlBuilder.php(45): Illuminate\\Database\\Connection->scalar('select exists (...')
#7 /var/www/html/backend-legacy-laravel8/vendor/laravel/framework/src/Illuminate/Database/Migrations/DatabaseMigrationRepository.php(184): Illuminate\\Database\\Schema\\MySqlBuilder->hasTable('migrations')
#8 /var/www/html/backend-legacy-laravel8/vendor/laravel/framework/src/Illuminate/Database/Migrations/Migrator.php(742): Illuminate\\Database\\Migrations\\DatabaseMigrationRepository->repositoryExists()
#9 /var/www/html/backend-legacy-laravel8/vendor/laravel/framework/src/Illuminate/Database/Console/Migrations/MigrateCommand.php(165): Illuminate\\Database\\Migrations\\Migrator->repositoryExists()
#10 /var/www/html/backend-legacy-laravel8/vendor/laravel/framework/src/Illuminate/Support/helpers.php(338): Illuminate\\Database\\Console\\Migrations\\MigrateCommand->Illuminate\\Database\\Console\\Migrations\\{closure}(1)
#11 /var/www/html/backend-legacy-laravel8/vendor/laravel/framework/src/Illuminate/Database/Console/Migrations/MigrateCommand.php(165): retry(1, Object(Closure), 0, Object(Closure))
#12 /var/www/html/backend-legacy-laravel8/vendor/laravel/framework/src/Illuminate/Database/Console/Migrations/MigrateCommand.php(141): Illuminate\\Database\\Console\\Migrations\\MigrateCommand->repositoryExists()
#13 /var/www/html/backend-legacy-laravel8/vendor/laravel/framework/src/Illuminate/Database/Console/Migrations/MigrateCommand.php(111): Illuminate\\Database\\Console\\Migrations\\MigrateCommand->prepareDatabase()
#14 /var/www/html/backend-legacy-laravel8/vendor/laravel/framework/src/Illuminate/Database/Migrations/Migrator.php(658): Illuminate\\Database\\Console\\Migrations\\MigrateCommand->Illuminate\\Database\\Console\\Migrations\\{closure}()
#15 /var/www/html/backend-legacy-laravel8/vendor/laravel/framework/src/Illuminate/Database/Console/Migrations/MigrateCommand.php(110): Illuminate\\Database\\Migrations\\Migrator->usingConnection(NULL, Object(Closure))
#16 /var/www/html/backend-legacy-laravel8/vendor/laravel/framework/src/Illuminate/Database/Console/Migrations/MigrateCommand.php(89): Illuminate\\Database\\Console\\Migrations\\MigrateCommand->runMigrations()
#17 /var/www/html/backend-legacy-laravel8/vendor/laravel/framework/src/Illuminate/Container/BoundMethod.php(36): Illuminate\\Database\\Console\\Migrations\\MigrateCommand->handle()
#18 /var/www/html/backend-legacy-laravel8/vendor/laravel/framework/src/Illuminate/Container/Util.php(43): Illuminate\\Container\\BoundMethod::Illuminate\\Container\\{closure}()
#19 /var/www/html/backend-legacy-laravel8/vendor/laravel/framework/src/Illuminate/Container/BoundMethod.php(95): Illuminate\\Container\\Util::unwrapIfClosure(Object(Closure))
#20 /var/www/html/backend-legacy-laravel8/vendor/laravel/framework/src/Illuminate/Container/BoundMethod.php(35): Illuminate\\Container\\BoundMethod::callBoundMethod(Object(Illuminate\\Foundation\\Application), Array, Object(Closure))
#21 /var/www/html/backend-legacy-laravel8/vendor/laravel/framework/src/Illuminate/Container/Container.php(696): Illuminate\\Container\\BoundMethod::call(Object(Illuminate\\Foundation\\Application), Array, Array, NULL)
#22 /var/www/html/backend-legacy-laravel8/vendor/laravel/framework/src/Illuminate/Console/Command.php(213): Illuminate\\Container\\Container->call(Array)
#23 /var/www/html/backend-legacy-laravel8/vendor/symfony/console/Command/Command.php(341): Illuminate\\Console\\Command->execute(Object(Symfony\\Component\\Console\\Input\\ArgvInput), Object(Illuminate\\Console\\OutputStyle))
#24 /var/www/html/backend-legacy-laravel8/vendor/laravel/framework/src/Illuminate/Console/Command.php(182): Symfony\\Component\\Console\\Command\\Command->run(Object(Symfony\\Component\\Console\\Input\\ArgvInput), Object(Illuminate\\Console\\OutputStyle))
#25 /var/www/html/backend-legacy-laravel8/vendor/symfony/console/Application.php(1117): Illuminate\\Console\\Command->run(Object(Symfony\\Component\\Console\\Input\\ArgvInput), Object(Symfony\\Component\\Console\\Output\\ConsoleOutput))
#26 /var/www/html/backend-legacy-laravel8/vendor/symfony/console/Application.php(356): Symfony\\Component\\Console\\Application->doRunCommand(Object(Illuminate\\Database\\Console\\Migrations\\MigrateCommand), Object(Symfony\\Component\\Console\\Input\\ArgvInput), Object(Symfony\\Component\\Console\\Output\\ConsoleOutput))
#27 /var/www/html/backend-legacy-laravel8/vendor/symfony/console/Application.php(195): Symfony\\Component\\Console\\Application->doRun(Object(Symfony\\Component\\Console\\Input\\ArgvInput), Object(Symfony\\Component\\Console\\Output\\ConsoleOutput))
#28 /var/www/html/backend-legacy-laravel8/vendor/laravel/framework/src/Illuminate/Foundation/Console/Kernel.php(198): Symfony\\Component\\Console\\Application->run(Object(Symfony\\Component\\Console\\Input\\ArgvInput), Object(Symfony\\Component\\Console\\Output\\ConsoleOutput))
#29 /var/www/html/backend-legacy-laravel8/artisan(12): Illuminate\\Foundation\\Console\\Kernel->handle(Object(Symfony\\Component\\Console\\Input\\ArgvInput), Object(Symfony\\Component\\Console\\Output\\ConsoleOutput))
#30 {main}

[previous exception] [object] (PDOException(code: 2002): SQLSTATE[HY000] [2002] Connection refused at /var/www/html/backend-legacy-laravel8/vendor/laravel/framework/src/Illuminate/Database/Connectors/Connector.php:66)
[stacktrace]
#0 /var/www/html/backend-legacy-laravel8/vendor/laravel/framework/src/Illuminate/Database/Connectors/Connector.php(66): PDO->__construct('mysql:host=mysq...', 'root', Object(SensitiveParameterValue), Array)
#1 /var/www/html/backend-legacy-laravel8/vendor/laravel/framework/src/Illuminate/Database/Connectors/Connector.php(85): Illuminate\\Database\\Connectors\\Connector->createPdoConnection('mysql:host=mysq...', 'root', Object(SensitiveParameterValue), Array)
#2 /var/www/html/backend-legacy-laravel8/vendor/laravel/framework/src/Illuminate/Database/Connectors/Connector.php(48): Illuminate\\Database\\Connectors\\Connector->tryAgainIfCausedByLostConnection(Object(PDOException), 'mysql:host=mysq...', 'root', Object(SensitiveParameterValue), Array)
#3 /var/www/html/backend-legacy-laravel8/vendor/laravel/framework/src/Illuminate/Database/Connectors/MySqlConnector.php(24): Illuminate\\Database\\Connectors\\Connector->createConnection('mysql:host=mysq...', Array, Array)
#4 /var/www/html/backend-legacy-laravel8/vendor/laravel/framework/src/Illuminate/Database/Connectors/ConnectionFactory.php(185): Illuminate\\Database\\Connectors\\MySqlConnector->connect(Array)
#5 [internal function]: Illuminate\\Database\\Connectors\\ConnectionFactory->Illuminate\\Database\\Connectors\\{closure}()
#6 /var/www/html/backend-legacy-laravel8/vendor/laravel/framework/src/Illuminate/Database/Connection.php(1231): call_user_func(Object(Closure))
#7 /var/www/html/backend-legacy-laravel8/vendor/laravel/framework/src/Illuminate/Database/Connection.php(1267): Illuminate\\Database\\Connection->getPdo()
#8 /var/www/html/backend-legacy-laravel8/vendor/laravel/framework/src/Illuminate/Database/Connection.php(512): Illuminate\\Database\\Connection->getReadPdo()
#9 /var/www/html/backend-legacy-laravel8/vendor/laravel/framework/src/Illuminate/Database/Connection.php(407): Illuminate\\Database\\Connection->getPdoForSelect(true)
#10 /var/www/html/backend-legacy-laravel8/vendor/laravel/framework/src/Illuminate/Database/Connection.php(812): Illuminate\\Database\\Connection->Illuminate\\Database\\{closure}('select exists (...', Array)
#11 /var/www/html/backend-legacy-laravel8/vendor/laravel/framework/src/Illuminate/Database/Connection.php(979): Illuminate\\Database\\Connection->runQueryCallback('select exists (...', Array, Object(Closure))
#12 /var/www/html/backend-legacy-laravel8/vendor/laravel/framework/src/Illuminate/Database/Connection.php(958): Illuminate\\Database\\Connection->tryAgainIfCausedByLostConnection(Object(Illuminate\\Database\\QueryException), 'select exists (...', Array, Object(Closure))
#13 /var/www/html/backend-legacy-laravel8/vendor/laravel/framework/src/Illuminate/Database/Connection.php(781): Illuminate\\Database\\Connection->handleQueryException(Object(Illuminate\\Database\\QueryException), 'select exists (...', Array, Object(Closure))
#14 /var/www/html/backend-legacy-laravel8/vendor/laravel/framework/src/Illuminate/Database/Connection.php(398): Illuminate\\Database\\Connection->run('select exists (...', Array, Object(Closure))
#15 /var/www/html/backend-legacy-laravel8/vendor/laravel/framework/src/Illuminate/Database/Connection.php(344): Illuminate\\Database\\Connection->select('select exists (...', Array, true)
#16 /var/www/html/backend-legacy-laravel8/vendor/laravel/framework/src/Illuminate/Database/Connection.php(361): Illuminate\\Database\\Connection->selectOne('select exists (...', Array, true)
#17 /var/www/html/backend-legacy-laravel8/vendor/laravel/framework/src/Illuminate/Database/Schema/MySqlBuilder.php(45): Illuminate\\Database\\Connection->scalar('select exists (...')
#18 /var/www/html/backend-legacy-laravel8/vendor/laravel/framework/src/Illuminate/Database/Migrations/DatabaseMigrationRepository.php(184): Illuminate\\Database\\Schema\\MySqlBuilder->hasTable('migrations')
#19 /var/www/html/backend-legacy-laravel8/vendor/laravel/framework/src/Illuminate/Database/Migrations/Migrator.php(742): Illuminate\\Database\\Migrations\\DatabaseMigrationRepository->repositoryExists()
#20 /var/www/html/backend-legacy-laravel8/vendor/laravel/framework/src/Illuminate/Database/Console/Migrations/MigrateCommand.php(165): Illuminate\\Database\\Migrations\\Migrator->repositoryExists()
#21 /var/www/html/backend-legacy-laravel8/vendor/laravel/framework/src/Illuminate/Support/helpers.php(338): Illuminate\\Database\\Console\\Migrations\\MigrateCommand->Illuminate\\Database\\Console\\Migrations\\{closure}(1)
#22 /var/www/html/backend-legacy-laravel8/vendor/laravel/framework/src/Illuminate/Database/Console/Migrations/MigrateCommand.php(165): retry(1, Object(Closure), 0, Object(Closure))
#23 /var/www/html/backend-legacy-laravel8/vendor/laravel/framework/src/Illuminate/Database/Console/Migrations/MigrateCommand.php(141): Illuminate\\Database\\Console\\Migrations\\MigrateCommand->repositoryExists()
#24 /var/www/html/backend-legacy-laravel8/vendor/laravel/framework/src/Illuminate/Database/Console/Migrations/MigrateCommand.php(111): Illuminate\\Database\\Console\\Migrations\\MigrateCommand->prepareDatabase()
#25 /var/www/html/backend-legacy-laravel8/vendor/laravel/framework/src/Illuminate/Database/Migrations/Migrator.php(658): Illuminate\\Database\\Console\\Migrations\\MigrateCommand->Illuminate\\Database\\Console\\Migrations\\{closure}()
#26 /var/www/html/backend-legacy-laravel8/vendor/laravel/framework/src/Illuminate/Database/Console/Migrations/MigrateCommand.php(110): Illuminate\\Database\\Migrations\\Migrator->usingConnection(NULL, Object(Closure))
#27 /var/www/html/backend-legacy-laravel8/vendor/laravel/framework/src/Illuminate/Database/Console/Migrations/MigrateCommand.php(89): Illuminate\\Database\\Console\\Migrations\\MigrateCommand->runMigrations()
#28 /var/www/html/backend-legacy-laravel8/vendor/laravel/framework/src/Illuminate/Container/BoundMethod.php(36): Illuminate\\Database\\Console\\Migrations\\MigrateCommand->handle()
#29 /var/www/html/backend-legacy-laravel8/vendor/laravel/framework/src/Illuminate/Container/Util.php(43): Illuminate\\Container\\BoundMethod::Illuminate\\Container\\{closure}()
#30 /var/www/html/backend-legacy-laravel8/vendor/laravel/framework/src/Illuminate/Container/BoundMethod.php(95): Illuminate\\Container\\Util::unwrapIfClosure(Object(Closure))
#31 /var/www/html/backend-legacy-laravel8/vendor/laravel/framework/src/Illuminate/Container/BoundMethod.php(35): Illuminate\\Container\\BoundMethod::callBoundMethod(Object(Illuminate\\Foundation\\Application), Array, Object(Closure))
#32 /var/www/html/backend-legacy-laravel8/vendor/laravel/framework/src/Illuminate/Container/Container.php(696): Illuminate\\Container\\BoundMethod::call(Object(Illuminate\\Foundation\\Application), Array, Array, NULL)
#33 /var/www/html/backend-legacy-laravel8/vendor/laravel/framework/src/Illuminate/Console/Command.php(213): Illuminate\\Container\\Container->call(Array)
#34 /var/www/html/backend-legacy-laravel8/vendor/symfony/console/Command/Command.php(341): Illuminate\\Console\\Command->execute(Object(Symfony\\Component\\Console\\Input\\ArgvInput), Object(Illuminate\\Console\\OutputStyle))
#35 /var/www/html/backend-legacy-laravel8/vendor/laravel/framework/src/Illuminate/Console/Command.php(182): Symfony\\Component\\Console\\Command\\Command->run(Object(Symfony\\Component\\Console\\Input\\ArgvInput), Object(Illuminate\\Console\\OutputStyle))
#36 /var/www/html/backend-legacy-laravel8/vendor/symfony/console/Application.php(1117): Illuminate\\Console\\Command->run(Object(Symfony\\Component\\Console\\Input\\ArgvInput), Object(Symfony\\Component\\Console\\Output\\ConsoleOutput))
#37 /var/www/html/backend-legacy-laravel8/vendor/symfony/console/Application.php(356): Symfony\\Component\\Console\\Application->doRunCommand(Object(Illuminate\\Database\\Console\\Migrations\\MigrateCommand), Object(Symfony\\Component\\Console\\Input\\ArgvInput), Object(Symfony\\Component\\Console\\Output\\ConsoleOutput))
#38 /var/www/html/backend-legacy-laravel8/vendor/symfony/console/Application.php(195): Symfony\\Component\\Console\\Application->doRun(Object(Symfony\\Component\\Console\\Input\\ArgvInput), Object(Symfony\\Component\\Console\\Output\\ConsoleOutput))
#39 /var/www/html/backend-legacy-laravel8/vendor/laravel/framework/src/Illuminate/Foundation/Console/Kernel.php(198): Symfony\\Component\\Console\\Application->run(Object(Symfony\\Component\\Console\\Input\\ArgvInput), Object(Symfony\\Component\\Console\\Output\\ConsoleOutput))
#40 /var/www/html/backend-legacy-laravel8/artisan(12): Illuminate\\Foundation\\Console\\Kernel->handle(Object(Symfony\\Component\\Console\\Input\\ArgvInput), Object(Symfony\\Component\\Console\\Output\\ConsoleOutput))
#41 {main}
"} 
[2026-05-18 19:22:11] local.ERROR: SQLSTATE[HY000] [2002] Connection refused (Connection: mysql, SQL: select exists (select 1 from information_schema.tables where table_schema = 'legacy_products' and table_name = 'migrations' and table_type in ('BASE TABLE', 'SYSTEM VERSIONED')) as `exists`) {"exception":"[object] (Illuminate\\Database\\QueryException(code: 2002): SQLSTATE[HY000] [2002] Connection refused (Connection: mysql, SQL: select exists (select 1 from information_schema.tables where table_schema = 'legacy_products' and table_name = 'migrations' and table_type in ('BASE TABLE', 'SYSTEM VERSIONED')) as `exists`) at /var/www/html/backend-legacy-laravel8/vendor/laravel/framework/src/Illuminate/Database/Connection.php:825)
[stacktrace]
#0 /var/www/html/backend-legacy-laravel8/vendor/laravel/framework/src/Illuminate/Database/Connection.php(979): Illuminate\\Database\\Connection->runQueryCallback('select exists (...', Array, Object(Closure))
#1 /var/www/html/backend-legacy-laravel8/vendor/laravel/framework/src/Illuminate/Database/Connection.php(958): Illuminate\\Database\\Connection->tryAgainIfCausedByLostConnection(Object(Illuminate\\Database\\QueryException), 'select exists (...', Array, Object(Closure))
#2 /var/www/html/backend-legacy-laravel8/vendor/laravel/framework/src/Illuminate/Database/Connection.php(781): Illuminate\\Database\\Connection->handleQueryException(Object(Illuminate\\Database\\QueryException), 'select exists (...', Array, Object(Closure))
#3 /var/www/html/backend-legacy-laravel8/vendor/laravel/framework/src/Illuminate/Database/Connection.php(398): Illuminate\\Database\\Connection->run('select exists (...', Array, Object(Closure))
#4 /var/www/html/backend-legacy-laravel8/vendor/laravel/framework/src/Illuminate/Database/Connection.php(344): Illuminate\\Database\\Connection->select('select exists (...', Array, true)
#5 /var/www/html/backend-legacy-laravel8/vendor/laravel/framework/src/Illuminate/Database/Connection.php(361): Illuminate\\Database\\Connection->selectOne('select exists (...', Array, true)
#6 /var/www/html/backend-legacy-laravel8/vendor/laravel/framework/src/Illuminate/Database/Schema/MySqlBuilder.php(45): Illuminate\\Database\\Connection->scalar('select exists (...')
#7 /var/www/html/backend-legacy-laravel8/vendor/laravel/framework/src/Illuminate/Database/Migrations/DatabaseMigrationRepository.php(184): Illuminate\\Database\\Schema\\MySqlBuilder->hasTable('migrations')
#8 /var/www/html/backend-legacy-laravel8/vendor/laravel/framework/src/Illuminate/Database/Migrations/Migrator.php(742): Illuminate\\Database\\Migrations\\DatabaseMigrationRepository->repositoryExists()
#9 /var/www/html/backend-legacy-laravel8/vendor/laravel/framework/src/Illuminate/Database/Console/Migrations/MigrateCommand.php(165): Illuminate\\Database\\Migrations\\Migrator->repositoryExists()
#10 /var/www/html/backend-legacy-laravel8/vendor/laravel/framework/src/Illuminate/Support/helpers.php(338): Illuminate\\Database\\Console\\Migrations\\MigrateCommand->Illuminate\\Database\\Console\\Migrations\\{closure}(1)
#11 /var/www/html/backend-legacy-laravel8/vendor/laravel/framework/src/Illuminate/Database/Console/Migrations/MigrateCommand.php(165): retry(1, Object(Closure), 0, Object(Closure))
#12 /var/www/html/backend-legacy-laravel8/vendor/laravel/framework/src/Illuminate/Database/Console/Migrations/MigrateCommand.php(141): Illuminate\\Database\\Console\\Migrations\\MigrateCommand->repositoryExists()
#13 /var/www/html/backend-legacy-laravel8/vendor/laravel/framework/src/Illuminate/Database/Console/Migrations/MigrateCommand.php(111): Illuminate\\Database\\Console\\Migrations\\MigrateCommand->prepareDatabase()
#14 /var/www/html/backend-legacy-laravel8/vendor/laravel/framework/src/Illuminate/Database/Migrations/Migrator.php(658): Illuminate\\Database\\Console\\Migrations\\MigrateCommand->Illuminate\\Database\\Console\\Migrations\\{closure}()
#15 /var/www/html/backend-legacy-laravel8/vendor/laravel/framework/src/Illuminate/Database/Console/Migrations/MigrateCommand.php(110): Illuminate\\Database\\Migrations\\Migrator->usingConnection(NULL, Object(Closure))
#16 /var/www/html/backend-legacy-laravel8/vendor/laravel/framework/src/Illuminate/Database/Console/Migrations/MigrateCommand.php(89): Illuminate\\Database\\Console\\Migrations\\MigrateCommand->runMigrations()
#17 /var/www/html/backend-legacy-laravel8/vendor/laravel/framework/src/Illuminate/Container/BoundMethod.php(36): Illuminate\\Database\\Console\\Migrations\\MigrateCommand->handle()
#18 /var/www/html/backend-legacy-laravel8/vendor/laravel/framework/src/Illuminate/Container/Util.php(43): Illuminate\\Container\\BoundMethod::Illuminate\\Container\\{closure}()
#19 /var/www/html/backend-legacy-laravel8/vendor/laravel/framework/src/Illuminate/Container/BoundMethod.php(95): Illuminate\\Container\\Util::unwrapIfClosure(Object(Closure))
#20 /var/www/html/backend-legacy-laravel8/vendor/laravel/framework/src/Illuminate/Container/BoundMethod.php(35): Illuminate\\Container\\BoundMethod::callBoundMethod(Object(Illuminate\\Foundation\\Application), Array, Object(Closure))
#21 /var/www/html/backend-legacy-laravel8/vendor/laravel/framework/src/Illuminate/Container/Container.php(696): Illuminate\\Container\\BoundMethod::call(Object(Illuminate\\Foundation\\Application), Array, Array, NULL)
#22 /var/www/html/backend-legacy-laravel8/vendor/laravel/framework/src/Illuminate/Console/Command.php(213): Illuminate\\Container\\Container->call(Array)
#23 /var/www/html/backend-legacy-laravel8/vendor/symfony/console/Command/Command.php(341): Illuminate\\Console\\Command->execute(Object(Symfony\\Component\\Console\\Input\\ArgvInput), Object(Illuminate\\Console\\OutputStyle))
#24 /var/www/html/backend-legacy-laravel8/vendor/laravel/framework/src/Illuminate/Console/Command.php(182): Symfony\\Component\\Console\\Command\\Command->run(Object(Symfony\\Component\\Console\\Input\\ArgvInput), Object(Illuminate\\Console\\OutputStyle))
#25 /var/www/html/backend-legacy-laravel8/vendor/symfony/console/Application.php(1117): Illuminate\\Console\\Command->run(Object(Symfony\\Component\\Console\\Input\\ArgvInput), Object(Symfony\\Component\\Console\\Output\\ConsoleOutput))
#26 /var/www/html/backend-legacy-laravel8/vendor/symfony/console/Application.php(356): Symfony\\Component\\Console\\Application->doRunCommand(Object(Illuminate\\Database\\Console\\Migrations\\MigrateCommand), Object(Symfony\\Component\\Console\\Input\\ArgvInput), Object(Symfony\\Component\\Console\\Output\\ConsoleOutput))
#27 /var/www/html/backend-legacy-laravel8/vendor/symfony/console/Application.php(195): Symfony\\Component\\Console\\Application->doRun(Object(Symfony\\Component\\Console\\Input\\ArgvInput), Object(Symfony\\Component\\Console\\Output\\ConsoleOutput))
#28 /var/www/html/backend-legacy-laravel8/vendor/laravel/framework/src/Illuminate/Foundation/Console/Kernel.php(198): Symfony\\Component\\Console\\Application->run(Object(Symfony\\Component\\Console\\Input\\ArgvInput), Object(Symfony\\Component\\Console\\Output\\ConsoleOutput))
#29 /var/www/html/backend-legacy-laravel8/artisan(12): Illuminate\\Foundation\\Console\\Kernel->handle(Object(Symfony\\Component\\Console\\Input\\ArgvInput), Object(Symfony\\Component\\Console\\Output\\ConsoleOutput))
#30 {main}

[previous exception] [object] (PDOException(code: 2002): SQLSTATE[HY000] [2002] Connection refused at /var/www/html/backend-legacy-laravel8/vendor/laravel/framework/src/Illuminate/Database/Connectors/Connector.php:66)
[stacktrace]
#0 /var/www/html/backend-legacy-laravel8/vendor/laravel/framework/src/Illuminate/Database/Connectors/Connector.php(66): PDO->__construct('mysql:host=mysq...', 'root', Object(SensitiveParameterValue), Array)
#1 /var/www/html/backend-legacy-laravel8/vendor/laravel/framework/src/Illuminate/Database/Connectors/Connector.php(85): Illuminate\\Database\\Connectors\\Connector->createPdoConnection('mysql:host=mysq...', 'root', Object(SensitiveParameterValue), Array)
#2 /var/www/html/backend-legacy-laravel8/vendor/laravel/framework/src/Illuminate/Database/Connectors/Connector.php(48): Illuminate\\Database\\Connectors\\Connector->tryAgainIfCausedByLostConnection(Object(PDOException), 'mysql:host=mysq...', 'root', Object(SensitiveParameterValue), Array)
#3 /var/www/html/backend-legacy-laravel8/vendor/laravel/framework/src/Illuminate/Database/Connectors/MySqlConnector.php(24): Illuminate\\Database\\Connectors\\Connector->createConnection('mysql:host=mysq...', Array, Array)
#4 /var/www/html/backend-legacy-laravel8/vendor/laravel/framework/src/Illuminate/Database/Connectors/ConnectionFactory.php(185): Illuminate\\Database\\Connectors\\MySqlConnector->connect(Array)
#5 [internal function]: Illuminate\\Database\\Connectors\\ConnectionFactory->Illuminate\\Database\\Connectors\\{closure}()
#6 /var/www/html/backend-legacy-laravel8/vendor/laravel/framework/src/Illuminate/Database/Connection.php(1231): call_user_func(Object(Closure))
#7 /var/www/html/backend-legacy-laravel8/vendor/laravel/framework/src/Illuminate/Database/Connection.php(1267): Illuminate\\Database\\Connection->getPdo()
#8 /var/www/html/backend-legacy-laravel8/vendor/laravel/framework/src/Illuminate/Database/Connection.php(512): Illuminate\\Database\\Connection->getReadPdo()
#9 /var/www/html/backend-legacy-laravel8/vendor/laravel/framework/src/Illuminate/Database/Connection.php(407): Illuminate\\Database\\Connection->getPdoForSelect(true)
#10 /var/www/html/backend-legacy-laravel8/vendor/laravel/framework/src/Illuminate/Database/Connection.php(812): Illuminate\\Database\\Connection->Illuminate\\Database\\{closure}('select exists (...', Array)
#11 /var/www/html/backend-legacy-laravel8/vendor/laravel/framework/src/Illuminate/Database/Connection.php(979): Illuminate\\Database\\Connection->runQueryCallback('select exists (...', Array, Object(Closure))
#12 /var/www/html/backend-legacy-laravel8/vendor/laravel/framework/src/Illuminate/Database/Connection.php(958): Illuminate\\Database\\Connection->tryAgainIfCausedByLostConnection(Object(Illuminate\\Database\\QueryException), 'select exists (...', Array, Object(Closure))
#13 /var/www/html/backend-legacy-laravel8/vendor/laravel/framework/src/Illuminate/Database/Connection.php(781): Illuminate\\Database\\Connection->handleQueryException(Object(Illuminate\\Database\\QueryException), 'select exists (...', Array, Object(Closure))
#14 /var/www/html/backend-legacy-laravel8/vendor/laravel/framework/src/Illuminate/Database/Connection.php(398): Illuminate\\Database\\Connection->run('select exists (...', Array, Object(Closure))
#15 /var/www/html/backend-legacy-laravel8/vendor/laravel/framework/src/Illuminate/Database/Connection.php(344): Illuminate\\Database\\Connection->select('select exists (...', Array, true)
#16 /var/www/html/backend-legacy-laravel8/vendor/laravel/framework/src/Illuminate/Database/Connection.php(361): Illuminate\\Database\\Connection->selectOne('select exists (...', Array, true)
#17 /var/www/html/backend-legacy-laravel8/vendor/laravel/framework/src/Illuminate/Database/Schema/MySqlBuilder.php(45): Illuminate\\Database\\Connection->scalar('select exists (...')
#18 /var/www/html/backend-legacy-laravel8/vendor/laravel/framework/src/Illuminate/Database/Migrations/DatabaseMigrationRepository.php(184): Illuminate\\Database\\Schema\\MySqlBuilder->hasTable('migrations')
#19 /var/www/html/backend-legacy-laravel8/vendor/laravel/framework/src/Illuminate/Database/Migrations/Migrator.php(742): Illuminate\\Database\\Migrations\\DatabaseMigrationRepository->repositoryExists()
#20 /var/www/html/backend-legacy-laravel8/vendor/laravel/framework/src/Illuminate/Database/Console/Migrations/MigrateCommand.php(165): Illuminate\\Database\\Migrations\\Migrator->repositoryExists()
#21 /var/www/html/backend-legacy-laravel8/vendor/laravel/framework/src/Illuminate/Support/helpers.php(338): Illuminate\\Database\\Console\\Migrations\\MigrateCommand->Illuminate\\Database\\Console\\Migrations\\{closure}(1)
#22 /var/www/html/backend-legacy-laravel8/vendor/laravel/framework/src/Illuminate/Database/Console/Migrations/MigrateCommand.php(165): retry(1, Object(Closure), 0, Object(Closure))
#23 /var/www/html/backend-legacy-laravel8/vendor/laravel/framework/src/Illuminate/Database/Console/Migrations/MigrateCommand.php(141): Illuminate\\Database\\Console\\Migrations\\MigrateCommand->repositoryExists()
#24 /var/www/html/backend-legacy-laravel8/vendor/laravel/framework/src/Illuminate/Database/Console/Migrations/MigrateCommand.php(111): Illuminate\\Database\\Console\\Migrations\\MigrateCommand->prepareDatabase()
#25 /var/www/html/backend-legacy-laravel8/vendor/laravel/framework/src/Illuminate/Database/Migrations/Migrator.php(658): Illuminate\\Database\\Console\\Migrations\\MigrateCommand->Illuminate\\Database\\Console\\Migrations\\{closure}()
#26 /var/www/html/backend-legacy-laravel8/vendor/laravel/framework/src/Illuminate/Database/Console/Migrations/MigrateCommand.php(110): Illuminate\\Database\\Migrations\\Migrator->usingConnection(NULL, Object(Closure))
#27 /var/www/html/backend-legacy-laravel8/vendor/laravel/framework/src/Illuminate/Database/Console/Migrations/MigrateCommand.php(89): Illuminate\\Database\\Console\\Migrations\\MigrateCommand->runMigrations()
#28 /var/www/html/backend-legacy-laravel8/vendor/laravel/framework/src/Illuminate/Container/BoundMethod.php(36): Illuminate\\Database\\Console\\Migrations\\MigrateCommand->handle()
#29 /var/www/html/backend-legacy-laravel8/vendor/laravel/framework/src/Illuminate/Container/Util.php(43): Illuminate\\Container\\BoundMethod::Illuminate\\Container\\{closure}()
#30 /var/www/html/backend-legacy-laravel8/vendor/laravel/framework/src/Illuminate/Container/BoundMethod.php(95): Illuminate\\Container\\Util::unwrapIfClosure(Object(Closure))
#31 /var/www/html/backend-legacy-laravel8/vendor/laravel/framework/src/Illuminate/Container/BoundMethod.php(35): Illuminate\\Container\\BoundMethod::callBoundMethod(Object(Illuminate\\Foundation\\Application), Array, Object(Closure))
#32 /var/www/html/backend-legacy-laravel8/vendor/laravel/framework/src/Illuminate/Container/Container.php(696): Illuminate\\Container\\BoundMethod::call(Object(Illuminate\\Foundation\\Application), Array, Array, NULL)
#33 /var/www/html/backend-legacy-laravel8/vendor/laravel/framework/src/Illuminate/Console/Command.php(213): Illuminate\\Container\\Container->call(Array)
#34 /var/www/html/backend-legacy-laravel8/vendor/symfony/console/Command/Command.php(341): Illuminate\\Console\\Command->execute(Object(Symfony\\Component\\Console\\Input\\ArgvInput), Object(Illuminate\\Console\\OutputStyle))
#35 /var/www/html/backend-legacy-laravel8/vendor/laravel/framework/src/Illuminate/Console/Command.php(182): Symfony\\Component\\Console\\Command\\Command->run(Object(Symfony\\Component\\Console\\Input\\ArgvInput), Object(Illuminate\\Console\\OutputStyle))
#36 /var/www/html/backend-legacy-laravel8/vendor/symfony/console/Application.php(1117): Illuminate\\Console\\Command->run(Object(Symfony\\Component\\Console\\Input\\ArgvInput), Object(Symfony\\Component\\Console\\Output\\ConsoleOutput))
#37 /var/www/html/backend-legacy-laravel8/vendor/symfony/console/Application.php(356): Symfony\\Component\\Console\\Application->doRunCommand(Object(Illuminate\\Database\\Console\\Migrations\\MigrateCommand), Object(Symfony\\Component\\Console\\Input\\ArgvInput), Object(Symfony\\Component\\Console\\Output\\ConsoleOutput))
#38 /var/www/html/backend-legacy-laravel8/vendor/symfony/console/Application.php(195): Symfony\\Component\\Console\\Application->doRun(Object(Symfony\\Component\\Console\\Input\\ArgvInput), Object(Symfony\\Component\\Console\\Output\\ConsoleOutput))
#39 /var/www/html/backend-legacy-laravel8/vendor/laravel/framework/src/Illuminate/Foundation/Console/Kernel.php(198): Symfony\\Component\\Console\\Application->run(Object(Symfony\\Component\\Console\\Input\\ArgvInput), Object(Symfony\\Component\\Console\\Output\\ConsoleOutput))
#40 /var/www/html/backend-legacy-laravel8/artisan(12): Illuminate\\Foundation\\Console\\Kernel->handle(Object(Symfony\\Component\\Console\\Input\\ArgvInput), Object(Symfony\\Component\\Console\\Output\\ConsoleOutput))
#41 {main}
"} 
[2026-05-18 19:22:11] local.ERROR: SQLSTATE[HY000] [2002] Connection refused (Connection: mysql, SQL: select variable_value as `Value` from performance_schema.session_status where variable_name = 'threads_connected') {"exception":"[object] (Illuminate\\Database\\QueryException(code: 2002): SQLSTATE[HY000] [2002] Connection refused (Connection: mysql, SQL: select variable_value as `Value` from performance_schema.session_status where variable_name = 'threads_connected') at /var/www/html/backend-legacy-laravel8/vendor/laravel/framework/src/Illuminate/Database/Connection.php:825)
[stacktrace]
#0 /var/www/html/backend-legacy-laravel8/vendor/laravel/framework/src/Illuminate/Database/Connection.php(979): Illuminate\\Database\\Connection->runQueryCallback('select variable...', Array, Object(Closure))
#1 /var/www/html/backend-legacy-laravel8/vendor/laravel/framework/src/Illuminate/Database/Connection.php(958): Illuminate\\Database\\Connection->tryAgainIfCausedByLostConnection(Object(Illuminate\\Database\\QueryException), 'select variable...', Array, Object(Closure))
#2 /var/www/html/backend-legacy-laravel8/vendor/laravel/framework/src/Illuminate/Database/Connection.php(781): Illuminate\\Database\\Connection->handleQueryException(Object(Illuminate\\Database\\QueryException), 'select variable...', Array, Object(Closure))
#3 /var/www/html/backend-legacy-laravel8/vendor/laravel/framework/src/Illuminate/Database/Connection.php(398): Illuminate\\Database\\Connection->run('select variable...', Array, Object(Closure))
#4 /var/www/html/backend-legacy-laravel8/vendor/laravel/framework/src/Illuminate/Database/Connection.php(344): Illuminate\\Database\\Connection->select('select variable...', Array, true)
#5 /var/www/html/backend-legacy-laravel8/vendor/laravel/framework/src/Illuminate/Database/Connection.php(361): Illuminate\\Database\\Connection->selectOne('select variable...', Array, true)
#6 /var/www/html/backend-legacy-laravel8/vendor/laravel/framework/src/Illuminate/Database/Connection.php(636): Illuminate\\Database\\Connection->scalar('select variable...')
#7 /var/www/html/backend-legacy-laravel8/vendor/laravel/framework/src/Illuminate/Database/Console/MonitorCommand.php(89): Illuminate\\Database\\Connection->threadCount()
#8 [internal function]: Illuminate\\Database\\Console\\MonitorCommand->Illuminate\\Database\\Console\\{closure}('mysql', 0)
#9 /var/www/html/backend-legacy-laravel8/vendor/laravel/framework/src/Illuminate/Collections/Arr.php(609): array_map(Object(Closure), Array, Array)
#10 /var/www/html/backend-legacy-laravel8/vendor/laravel/framework/src/Illuminate/Collections/Collection.php(799): Illuminate\\Support\\Arr::map(Array, Object(Closure))
#11 /var/www/html/backend-legacy-laravel8/vendor/laravel/framework/src/Illuminate/Database/Console/MonitorCommand.php(82): Illuminate\\Support\\Collection->map(Object(Closure))
#12 /var/www/html/backend-legacy-laravel8/vendor/laravel/framework/src/Illuminate/Database/Console/MonitorCommand.php(65): Illuminate\\Database\\Console\\MonitorCommand->parseDatabases(NULL)
#13 /var/www/html/backend-legacy-laravel8/vendor/laravel/framework/src/Illuminate/Container/BoundMethod.php(36): Illuminate\\Database\\Console\\MonitorCommand->handle()
#14 /var/www/html/backend-legacy-laravel8/vendor/laravel/framework/src/Illuminate/Container/Util.php(43): Illuminate\\Container\\BoundMethod::Illuminate\\Container\\{closure}()
#15 /var/www/html/backend-legacy-laravel8/vendor/laravel/framework/src/Illuminate/Container/BoundMethod.php(95): Illuminate\\Container\\Util::unwrapIfClosure(Object(Closure))
#16 /var/www/html/backend-legacy-laravel8/vendor/laravel/framework/src/Illuminate/Container/BoundMethod.php(35): Illuminate\\Container\\BoundMethod::callBoundMethod(Object(Illuminate\\Foundation\\Application), Array, Object(Closure))
#17 /var/www/html/backend-legacy-laravel8/vendor/laravel/framework/src/Illuminate/Container/Container.php(696): Illuminate\\Container\\BoundMethod::call(Object(Illuminate\\Foundation\\Application), Array, Array, NULL)
#18 /var/www/html/backend-legacy-laravel8/vendor/laravel/framework/src/Illuminate/Console/Command.php(213): Illuminate\\Container\\Container->call(Array)
#19 /var/www/html/backend-legacy-laravel8/vendor/symfony/console/Command/Command.php(341): Illuminate\\Console\\Command->execute(Object(Symfony\\Component\\Console\\Input\\ArgvInput), Object(Illuminate\\Console\\OutputStyle))
#20 /var/www/html/backend-legacy-laravel8/vendor/laravel/framework/src/Illuminate/Console/Command.php(182): Symfony\\Component\\Console\\Command\\Command->run(Object(Symfony\\Component\\Console\\Input\\ArgvInput), Object(Illuminate\\Console\\OutputStyle))
#21 /var/www/html/backend-legacy-laravel8/vendor/symfony/console/Application.php(1117): Illuminate\\Console\\Command->run(Object(Symfony\\Component\\Console\\Input\\ArgvInput), Object(Symfony\\Component\\Console\\Output\\ConsoleOutput))
#22 /var/www/html/backend-legacy-laravel8/vendor/symfony/console/Application.php(356): Symfony\\Component\\Console\\Application->doRunCommand(Object(Illuminate\\Database\\Console\\MonitorCommand), Object(Symfony\\Component\\Console\\Input\\ArgvInput), Object(Symfony\\Component\\Console\\Output\\ConsoleOutput))
#23 /var/www/html/backend-legacy-laravel8/vendor/symfony/console/Application.php(195): Symfony\\Component\\Console\\Application->doRun(Object(Symfony\\Component\\Console\\Input\\ArgvInput), Object(Symfony\\Component\\Console\\Output\\ConsoleOutput))
#24 /var/www/html/backend-legacy-laravel8/vendor/laravel/framework/src/Illuminate/Foundation/Console/Kernel.php(198): Symfony\\Component\\Console\\Application->run(Object(Symfony\\Component\\Console\\Input\\ArgvInput), Object(Symfony\\Component\\Console\\Output\\ConsoleOutput))
#25 /var/www/html/backend-legacy-laravel8/artisan(12): Illuminate\\Foundation\\Console\\Kernel->handle(Object(Symfony\\Component\\Console\\Input\\ArgvInput), Object(Symfony\\Component\\Console\\Output\\ConsoleOutput))
#26 {main}

[previous exception] [object] (PDOException(code: 2002): SQLSTATE[HY000] [2002] Connection refused at /var/www/html/backend-legacy-laravel8/vendor/laravel/framework/src/Illuminate/Database/Connectors/Connector.php:66)
[stacktrace]
#0 /var/www/html/backend-legacy-laravel8/vendor/laravel/framework/src/Illuminate/Database/Connectors/Connector.php(66): PDO->__construct('mysql:host=mysq...', 'root', Object(SensitiveParameterValue), Array)
#1 /var/www/html/backend-legacy-laravel8/vendor/laravel/framework/src/Illuminate/Database/Connectors/Connector.php(85): Illuminate\\Database\\Connectors\\Connector->createPdoConnection('mysql:host=mysq...', 'root', Object(SensitiveParameterValue), Array)
#2 /var/www/html/backend-legacy-laravel8/vendor/laravel/framework/src/Illuminate/Database/Connectors/Connector.php(48): Illuminate\\Database\\Connectors\\Connector->tryAgainIfCausedByLostConnection(Object(PDOException), 'mysql:host=mysq...', 'root', Object(SensitiveParameterValue), Array)
#3 /var/www/html/backend-legacy-laravel8/vendor/laravel/framework/src/Illuminate/Database/Connectors/MySqlConnector.php(24): Illuminate\\Database\\Connectors\\Connector->createConnection('mysql:host=mysq...', Array, Array)
#4 /var/www/html/backend-legacy-laravel8/vendor/laravel/framework/src/Illuminate/Database/Connectors/ConnectionFactory.php(185): Illuminate\\Database\\Connectors\\MySqlConnector->connect(Array)
#5 [internal function]: Illuminate\\Database\\Connectors\\ConnectionFactory->Illuminate\\Database\\Connectors\\{closure}()
#6 /var/www/html/backend-legacy-laravel8/vendor/laravel/framework/src/Illuminate/Database/Connection.php(1231): call_user_func(Object(Closure))
#7 /var/www/html/backend-legacy-laravel8/vendor/laravel/framework/src/Illuminate/Database/Connection.php(1267): Illuminate\\Database\\Connection->getPdo()
#8 /var/www/html/backend-legacy-laravel8/vendor/laravel/framework/src/Illuminate/Database/Connection.php(512): Illuminate\\Database\\Connection->getReadPdo()
#9 /var/www/html/backend-legacy-laravel8/vendor/laravel/framework/src/Illuminate/Database/Connection.php(407): Illuminate\\Database\\Connection->getPdoForSelect(true)
#10 /var/www/html/backend-legacy-laravel8/vendor/laravel/framework/src/Illuminate/Database/Connection.php(812): Illuminate\\Database\\Connection->Illuminate\\Database\\{closure}('select variable...', Array)
#11 /var/www/html/backend-legacy-laravel8/vendor/laravel/framework/src/Illuminate/Database/Connection.php(979): Illuminate\\Database\\Connection->runQueryCallback('select variable...', Array, Object(Closure))
#12 /var/www/html/backend-legacy-laravel8/vendor/laravel/framework/src/Illuminate/Database/Connection.php(958): Illuminate\\Database\\Connection->tryAgainIfCausedByLostConnection(Object(Illuminate\\Database\\QueryException), 'select variable...', Array, Object(Closure))
#13 /var/www/html/backend-legacy-laravel8/vendor/laravel/framework/src/Illuminate/Database/Connection.php(781): Illuminate\\Database\\Connection->handleQueryException(Object(Illuminate\\Database\\QueryException), 'select variable...', Array, Object(Closure))
#14 /var/www/html/backend-legacy-laravel8/vendor/laravel/framework/src/Illuminate/Database/Connection.php(398): Illuminate\\Database\\Connection->run('select variable...', Array, Object(Closure))
#15 /var/www/html/backend-legacy-laravel8/vendor/laravel/framework/src/Illuminate/Database/Connection.php(344): Illuminate\\Database\\Connection->select('select variable...', Array, true)
#16 /var/www/html/backend-legacy-laravel8/vendor/laravel/framework/src/Illuminate/Database/Connection.php(361): Illuminate\\Database\\Connection->selectOne('select variable...', Array, true)
#17 /var/www/html/backend-legacy-laravel8/vendor/laravel/framework/src/Illuminate/Database/Connection.php(636): Illuminate\\Database\\Connection->scalar('select variable...')
#18 /var/www/html/backend-legacy-laravel8/vendor/laravel/framework/src/Illuminate/Database/Console/MonitorCommand.php(89): Illuminate\\Database\\Connection->threadCount()
#19 [internal function]: Illuminate\\Database\\Console\\MonitorCommand->Illuminate\\Database\\Console\\{closure}('mysql', 0)
#20 /var/www/html/backend-legacy-laravel8/vendor/laravel/framework/src/Illuminate/Collections/Arr.php(609): array_map(Object(Closure), Array, Array)
#21 /var/www/html/backend-legacy-laravel8/vendor/laravel/framework/src/Illuminate/Collections/Collection.php(799): Illuminate\\Support\\Arr::map(Array, Object(Closure))
#22 /var/www/html/backend-legacy-laravel8/vendor/laravel/framework/src/Illuminate/Database/Console/MonitorCommand.php(82): Illuminate\\Support\\Collection->map(Object(Closure))
#23 /var/www/html/backend-legacy-laravel8/vendor/laravel/framework/src/Illuminate/Database/Console/MonitorCommand.php(65): Illuminate\\Database\\Console\\MonitorCommand->parseDatabases(NULL)
#24 /var/www/html/backend-legacy-laravel8/vendor/laravel/framework/src/Illuminate/Container/BoundMethod.php(36): Illuminate\\Database\\Console\\MonitorCommand->handle()
#25 /var/www/html/backend-legacy-laravel8/vendor/laravel/framework/src/Illuminate/Container/Util.php(43): Illuminate\\Container\\BoundMethod::Illuminate\\Container\\{closure}()
#26 /var/www/html/backend-legacy-laravel8/vendor/laravel/framework/src/Illuminate/Container/BoundMethod.php(95): Illuminate\\Container\\Util::unwrapIfClosure(Object(Closure))
#27 /var/www/html/backend-legacy-laravel8/vendor/laravel/framework/src/Illuminate/Container/BoundMethod.php(35): Illuminate\\Container\\BoundMethod::callBoundMethod(Object(Illuminate\\Foundation\\Application), Array, Object(Closure))
#28 /var/www/html/backend-legacy-laravel8/vendor/laravel/framework/src/Illuminate/Container/Container.php(696): Illuminate\\Container\\BoundMethod::call(Object(Illuminate\\Foundation\\Application), Array, Array, NULL)
#29 /var/www/html/backend-legacy-laravel8/vendor/laravel/framework/src/Illuminate/Console/Command.php(213): Illuminate\\Container\\Container->call(Array)
#30 /var/www/html/backend-legacy-laravel8/vendor/symfony/console/Command/Command.php(341): Illuminate\\Console\\Command->execute(Object(Symfony\\Component\\Console\\Input\\ArgvInput), Object(Illuminate\\Console\\OutputStyle))
#31 /var/www/html/backend-legacy-laravel8/vendor/laravel/framework/src/Illuminate/Console/Command.php(182): Symfony\\Component\\Console\\Command\\Command->run(Object(Symfony\\Component\\Console\\Input\\ArgvInput), Object(Illuminate\\Console\\OutputStyle))
#32 /var/www/html/backend-legacy-laravel8/vendor/symfony/console/Application.php(1117): Illuminate\\Console\\Command->run(Object(Symfony\\Component\\Console\\Input\\ArgvInput), Object(Symfony\\Component\\Console\\Output\\ConsoleOutput))
#33 /var/www/html/backend-legacy-laravel8/vendor/symfony/console/Application.php(356): Symfony\\Component\\Console\\Application->doRunCommand(Object(Illuminate\\Database\\Console\\MonitorCommand), Object(Symfony\\Component\\Console\\Input\\ArgvInput), Object(Symfony\\Component\\Console\\Output\\ConsoleOutput))
#34 /var/www/html/backend-legacy-laravel8/vendor/symfony/console/Application.php(195): Symfony\\Component\\Console\\Application->doRun(Object(Symfony\\Component\\Console\\Input\\ArgvInput), Object(Symfony\\Component\\Console\\Output\\ConsoleOutput))
#35 /var/www/html/backend-legacy-laravel8/vendor/laravel/framework/src/Illuminate/Foundation/Console/Kernel.php(198): Symfony\\Component\\Console\\Application->run(Object(Symfony\\Component\\Console\\Input\\ArgvInput), Object(Symfony\\Component\\Console\\Output\\ConsoleOutput))
#36 /var/www/html/backend-legacy-laravel8/artisan(12): Illuminate\\Foundation\\Console\\Kernel->handle(Object(Symfony\\Component\\Console\\Input\\ArgvInput), Object(Symfony\\Component\\Console\\Output\\ConsoleOutput))
#37 {main}
"} 
[2026-05-18 19:22:29] local.ERROR: Allowed memory size of 134217728 bytes exhausted (tried to allocate 20480 bytes) {"exception":"[object] (Symfony\\Component\\ErrorHandler\\Error\\FatalError(code: 0): Allowed memory size of 134217728 bytes exhausted (tried to allocate 20480 bytes) at /var/www/html/backend-legacy-laravel8/vendor/laravel/framework/src/Illuminate/Database/Query/Builder.php:3705)
[stacktrace]
#0 {main}
"} 
[2026-05-18 19:22:51] local.ERROR: SQLSTATE[42S02]: Base table or view not found: 1146 Table 'legacy_products.telescope_entries' doesn't exist (Connection: mysql, SQL: insert into `telescope_entries` (`batch_id`, `content`, `created_at`, `family_hash`, `type`, `uuid`) values (a1cfa61b-7a60-423c-a004-4121514cda27, {"ip_address":"172.18.0.1","uri":"\/api\/products?page=1&per_page=10&search=","method":"OPTIONS","controller_action":null,"middleware":[],"headers":{"accept-language":"es-ES,es;q=0.9,en;q=0.8","accept-encoding":"gzip, deflate, br, zstd","referer":"http:\/\/localhost:5173\/","sec-fetch-dest":"empty","sec-fetch-site":"cross-site","sec-fetch-mode":"cors","user-agent":"Mozilla\/5.0 (X11; Linux x86_64) AppleWebKit\/537.36 (KHTML, like Gecko) Chrome\/147.0.0.0 Safari\/537.36 OPR\/131.0.0.0","origin":"http:\/\/localhost:5173","access-control-request-headers":"authorization","access-control-request-method":"GET","accept":"*\/*","connection":"keep-alive","host":"127.0.0.1:8000"},"payload":{"search":"","page":"1","per_page":"10"},"session":[],"response_headers":{"cache-control":"no-cache, private","date":"Mon, 18 May 2026 19:22:51 GMT","access-control-allow-origin":"http:\/\/localhost:5173","vary":"Origin, Access-Control-Request-Method, Access-Control-Request-Headers","access-control-allow-credentials":"true","access-control-allow-methods":"GET","access-control-allow-headers":"authorization","access-control-max-age":"0"},"response_status":204,"response":"Empty Response","duration":44,"memory":8,"hostname":"c97c8de0b337"}, 2026-05-18 19:22:51, ?, request, a1cfa61b-770e-4b7a-8187-3bdc20b79284)) {"exception":"[object] (Illuminate\\Database\\QueryException(code: 42S02): SQLSTATE[42S02]: Base table or view not found: 1146 Table 'legacy_products.telescope_entries' doesn't exist (Connection: mysql, SQL: insert into `telescope_entries` (`batch_id`, `content`, `created_at`, `family_hash`, `type`, `uuid`) values (a1cfa61b-7a60-423c-a004-4121514cda27, {\"ip_address\":\"172.18.0.1\",\"uri\":\"\\/api\\/products?page=1&per_page=10&search=\",\"method\":\"OPTIONS\",\"controller_action\":null,\"middleware\":[],\"headers\":{\"accept-language\":\"es-ES,es;q=0.9,en;q=0.8\",\"accept-encoding\":\"gzip, deflate, br, zstd\",\"referer\":\"http:\\/\\/localhost:5173\\/\",\"sec-fetch-dest\":\"empty\",\"sec-fetch-site\":\"cross-site\",\"sec-fetch-mode\":\"cors\",\"user-agent\":\"Mozilla\\/5.0 (X11; Linux x86_64) AppleWebKit\\/537.36 (KHTML, like Gecko) Chrome\\/147.0.0.0 Safari\\/537.36 OPR\\/131.0.0.0\",\"origin\":\"http:\\/\\/localhost:5173\",\"access-control-request-headers\":\"authorization\",\"access-control-request-method\":\"GET\",\"accept\":\"*\\/*\",\"connection\":\"keep-alive\",\"host\":\"127.0.0.1:8000\"},\"payload\":{\"search\":\"\",\"page\":\"1\",\"per_page\":\"10\"},\"session\":[],\"response_headers\":{\"cache-control\":\"no-cache, private\",\"date\":\"Mon, 18 May 2026 19:22:51 GMT\",\"access-control-allow-origin\":\"http:\\/\\/localhost:5173\",\"vary\":\"Origin, Access-Control-Request-Method, Access-Control-Request-Headers\",\"access-control-allow-credentials\":\"true\",\"access-control-allow-methods\":\"GET\",\"access-control-allow-headers\":\"authorization\",\"access-control-max-age\":\"0\"},\"response_status\":204,\"response\":\"Empty Response\",\"duration\":44,\"memory\":8,\"hostname\":\"c97c8de0b337\"}, 2026-05-18 19:22:51, ?, request, a1cfa61b-770e-4b7a-8187-3bdc20b79284)) at /var/www/html/backend-legacy-laravel8/vendor/laravel/framework/src/Illuminate/Database/Connection.php:825)
[stacktrace]
#0 /var/www/html/backend-legacy-laravel8/vendor/laravel/framework/src/Illuminate/Database/Connection.php(779): Illuminate\\Database\\Connection->runQueryCallback('insert into `te...', Array, Object(Closure))
#1 /var/www/html/backend-legacy-laravel8/vendor/laravel/framework/src/Illuminate/Database/MySqlConnection.php(42): Illuminate\\Database\\Connection->run('insert into `te...', Array, Object(Closure))
#2 /var/www/html/backend-legacy-laravel8/vendor/laravel/framework/src/Illuminate/Database/Query/Builder.php(3717): Illuminate\\Database\\MySqlConnection->insert('insert into `te...', Array)
#3 /var/www/html/backend-legacy-laravel8/vendor/laravel/telescope/src/Storage/DatabaseEntriesRepository.php(145): Illuminate\\Database\\Query\\Builder->insert(Array)
#4 /var/www/html/backend-legacy-laravel8/vendor/laravel/framework/src/Illuminate/Collections/Traits/EnumeratesValues.php(261): Laravel\\Telescope\\Storage\\DatabaseEntriesRepository->Laravel\\Telescope\\Storage\\{closure}(Object(Illuminate\\Support\\Collection), 0)
#5 /var/www/html/backend-legacy-laravel8/vendor/laravel/telescope/src/Storage/DatabaseEntriesRepository.php(144): Illuminate\\Support\\Collection->each(Object(Closure))
#6 /var/www/html/backend-legacy-laravel8/vendor/laravel/telescope/src/Telescope.php(664): Laravel\\Telescope\\Storage\\DatabaseEntriesRepository->store(Object(Illuminate\\Support\\Collection))
#7 [internal function]: Laravel\\Telescope\\Telescope::Laravel\\Telescope\\{closure}()
#8 /var/www/html/backend-legacy-laravel8/vendor/laravel/telescope/src/Telescope.php(289): call_user_func(Object(Closure))
#9 /var/www/html/backend-legacy-laravel8/vendor/laravel/telescope/src/Telescope.php(656): Laravel\\Telescope\\Telescope::withoutRecording(Object(Closure))
#10 /var/www/html/backend-legacy-laravel8/vendor/laravel/telescope/src/ListensForStorageOpportunities.php(65): Laravel\\Telescope\\Telescope::store(Object(Laravel\\Telescope\\Storage\\DatabaseEntriesRepository))
#11 /var/www/html/backend-legacy-laravel8/vendor/laravel/framework/src/Illuminate/Container/BoundMethod.php(36): Laravel\\Telescope\\Telescope::Laravel\\Telescope\\{closure}()
#12 /var/www/html/backend-legacy-laravel8/vendor/laravel/framework/src/Illuminate/Container/Util.php(43): Illuminate\\Container\\BoundMethod::Illuminate\\Container\\{closure}()
#13 /var/www/html/backend-legacy-laravel8/vendor/laravel/framework/src/Illuminate/Container/BoundMethod.php(83): Illuminate\\Container\\Util::unwrapIfClosure(Object(Closure))
#14 /var/www/html/backend-legacy-laravel8/vendor/laravel/framework/src/Illuminate/Container/BoundMethod.php(35): Illuminate\\Container\\BoundMethod::callBoundMethod(Object(Illuminate\\Foundation\\Application), Object(Closure), Object(Closure))
#15 /var/www/html/backend-legacy-laravel8/vendor/laravel/framework/src/Illuminate/Container/Container.php(696): Illuminate\\Container\\BoundMethod::call(Object(Illuminate\\Foundation\\Application), Object(Closure), Array, NULL)
#16 /var/www/html/backend-legacy-laravel8/vendor/laravel/framework/src/Illuminate/Foundation/Application.php(1452): Illuminate\\Container\\Container->call(Object(Closure))
#17 /var/www/html/backend-legacy-laravel8/vendor/laravel/framework/src/Illuminate/Foundation/Http/Kernel.php(218): Illuminate\\Foundation\\Application->terminate()
#18 /var/www/html/backend-legacy-laravel8/public/index.php(15): Illuminate\\Foundation\\Http\\Kernel->terminate(Object(Illuminate\\Http\\Request), Object(Symfony\\Component\\HttpFoundation\\Response))
#19 {main}

[previous exception] [object] (PDOException(code: 42S02): SQLSTATE[42S02]: Base table or view not found: 1146 Table 'legacy_products.telescope_entries' doesn't exist at /var/www/html/backend-legacy-laravel8/vendor/laravel/framework/src/Illuminate/Database/MySqlConnection.php:47)
[stacktrace]
#0 /var/www/html/backend-legacy-laravel8/vendor/laravel/framework/src/Illuminate/Database/MySqlConnection.php(47): PDO->prepare('insert into `te...')
#1 /var/www/html/backend-legacy-laravel8/vendor/laravel/framework/src/Illuminate/Database/Connection.php(812): Illuminate\\Database\\MySqlConnection->Illuminate\\Database\\{closure}('insert into `te...', Array)
#2 /var/www/html/backend-legacy-laravel8/vendor/laravel/framework/src/Illuminate/Database/Connection.php(779): Illuminate\\Database\\Connection->runQueryCallback('insert into `te...', Array, Object(Closure))
#3 /var/www/html/backend-legacy-laravel8/vendor/laravel/framework/src/Illuminate/Database/MySqlConnection.php(42): Illuminate\\Database\\Connection->run('insert into `te...', Array, Object(Closure))
#4 /var/www/html/backend-legacy-laravel8/vendor/laravel/framework/src/Illuminate/Database/Query/Builder.php(3717): Illuminate\\Database\\MySqlConnection->insert('insert into `te...', Array)
#5 /var/www/html/backend-legacy-laravel8/vendor/laravel/telescope/src/Storage/DatabaseEntriesRepository.php(145): Illuminate\\Database\\Query\\Builder->insert(Array)
#6 /var/www/html/backend-legacy-laravel8/vendor/laravel/framework/src/Illuminate/Collections/Traits/EnumeratesValues.php(261): Laravel\\Telescope\\Storage\\DatabaseEntriesRepository->Laravel\\Telescope\\Storage\\{closure}(Object(Illuminate\\Support\\Collection), 0)
#7 /var/www/html/backend-legacy-laravel8/vendor/laravel/telescope/src/Storage/DatabaseEntriesRepository.php(144): Illuminate\\Support\\Collection->each(Object(Closure))
#8 /var/www/html/backend-legacy-laravel8/vendor/laravel/telescope/src/Telescope.php(664): Laravel\\Telescope\\Storage\\DatabaseEntriesRepository->store(Object(Illuminate\\Support\\Collection))
#9 [internal function]: Laravel\\Telescope\\Telescope::Laravel\\Telescope\\{closure}()
#10 /var/www/html/backend-legacy-laravel8/vendor/laravel/telescope/src/Telescope.php(289): call_user_func(Object(Closure))
#11 /var/www/html/backend-legacy-laravel8/vendor/laravel/telescope/src/Telescope.php(656): Laravel\\Telescope\\Telescope::withoutRecording(Object(Closure))
#12 /var/www/html/backend-legacy-laravel8/vendor/laravel/telescope/src/ListensForStorageOpportunities.php(65): Laravel\\Telescope\\Telescope::store(Object(Laravel\\Telescope\\Storage\\DatabaseEntriesRepository))
#13 /var/www/html/backend-legacy-laravel8/vendor/laravel/framework/src/Illuminate/Container/BoundMethod.php(36): Laravel\\Telescope\\Telescope::Laravel\\Telescope\\{closure}()
#14 /var/www/html/backend-legacy-laravel8/vendor/laravel/framework/src/Illuminate/Container/Util.php(43): Illuminate\\Container\\BoundMethod::Illuminate\\Container\\{closure}()
#15 /var/www/html/backend-legacy-laravel8/vendor/laravel/framework/src/Illuminate/Container/BoundMethod.php(83): Illuminate\\Container\\Util::unwrapIfClosure(Object(Closure))
#16 /var/www/html/backend-legacy-laravel8/vendor/laravel/framework/src/Illuminate/Container/BoundMethod.php(35): Illuminate\\Container\\BoundMethod::callBoundMethod(Object(Illuminate\\Foundation\\Application), Object(Closure), Object(Closure))
#17 /var/www/html/backend-legacy-laravel8/vendor/laravel/framework/src/Illuminate/Container/Container.php(696): Illuminate\\Container\\BoundMethod::call(Object(Illuminate\\Foundation\\Application), Object(Closure), Array, NULL)
#18 /var/www/html/backend-legacy-laravel8/vendor/laravel/framework/src/Illuminate/Foundation/Application.php(1452): Illuminate\\Container\\Container->call(Object(Closure))
#19 /var/www/html/backend-legacy-laravel8/vendor/laravel/framework/src/Illuminate/Foundation/Http/Kernel.php(218): Illuminate\\Foundation\\Application->terminate()
#20 /var/www/html/backend-legacy-laravel8/public/index.php(15): Illuminate\\Foundation\\Http\\Kernel->terminate(Object(Illuminate\\Http\\Request), Object(Symfony\\Component\\HttpFoundation\\Response))
#21 {main}
"} 
[2026-05-18 19:22:51] local.ERROR: SQLSTATE[42S02]: Base table or view not found: 1146 Table 'legacy_products.telescope_entries' doesn't exist (Connection: mysql, SQL: insert into `telescope_entries` (`batch_id`, `content`, `created_at`, `family_hash`, `type`, `uuid`) values (a1cfa61b-80c2-4ad1-803b-beab5a1509c8, {"connection":"mysql","driver":"mysql","bindings":[],"sql":"select * from `users` where `api_token` = '3bmwslbVinAzEBJT8iRGEqRQnTltGy3VOTQLz79MFHp4aIxiIHxRTROYCQcN' limit 1","time":"3.86","slow":false,"file":"\/var\/www\/html\/backend-legacy-laravel8\/app\/Http\/Middleware\/LegacyTokenAuth.php","line":19,"hash":"7cfc27a5e905bab571f9c2024c9119ba","hostname":"c97c8de0b337"}, 2026-05-18 19:22:51, ?, query, a1cfa61b-7ff8-4311-9077-cc648e584eee), (a1cfa61b-80c2-4ad1-803b-beab5a1509c8, {"ip_address":"172.18.0.1","uri":"\/api\/products?page=1&per_page=10&search=","method":"GET","controller_action":"App\\Http\\Controllers\\ProductController@index","middleware":["api","auth"],"headers":{"accept-language":"es-ES,es;q=0.9,en;q=0.8","accept-encoding":"gzip, deflate, br, zstd","referer":"http:\/\/localhost:5173\/","sec-fetch-dest":"empty","sec-fetch-mode":"cors","sec-fetch-site":"cross-site","origin":"http:\/\/localhost:5173","sec-ch-ua-mobile":"?0","sec-ch-ua":"\"Opera\";v=\"131\", \"Not.A\/Brand\";v=\"8\", \"Chromium\";v=\"147\"","accept":"application\/json, text\/plain, *\/*","user-agent":"Mozilla\/5.0 (X11; Linux x86_64) AppleWebKit\/537.36 (KHTML, like Gecko) Chrome\/147.0.0.0 Safari\/537.36 OPR\/131.0.0.0","authorization":"********","sec-ch-ua-platform":"\"Linux\"","connection":"keep-alive","host":"127.0.0.1:8000"},"payload":{"search":null,"page":"1","per_page":"10"},"session":[],"response_headers":{"cache-control":"no-cache, private","date":"Mon, 18 May 2026 19:22:51 GMT","content-type":"application\/json","access-control-allow-origin":"http:\/\/localhost:5173","vary":"Origin","access-control-allow-credentials":"true"},"response_status":401,"response":{"ok":false,"error":"Unauthorized"},"duration":13,"memory":2,"hostname":"c97c8de0b337"}, 2026-05-18 19:22:51, ?, request, a1cfa61b-806c-4d45-8b5d-1007397c193f)) {"exception":"[object] (Illuminate\\Database\\QueryException(code: 42S02): SQLSTATE[42S02]: Base table or view not found: 1146 Table 'legacy_products.telescope_entries' doesn't exist (Connection: mysql, SQL: insert into `telescope_entries` (`batch_id`, `content`, `created_at`, `family_hash`, `type`, `uuid`) values (a1cfa61b-80c2-4ad1-803b-beab5a1509c8, {\"connection\":\"mysql\",\"driver\":\"mysql\",\"bindings\":[],\"sql\":\"select * from `users` where `api_token` = '3bmwslbVinAzEBJT8iRGEqRQnTltGy3VOTQLz79MFHp4aIxiIHxRTROYCQcN' limit 1\",\"time\":\"3.86\",\"slow\":false,\"file\":\"\\/var\\/www\\/html\\/backend-legacy-laravel8\\/app\\/Http\\/Middleware\\/LegacyTokenAuth.php\",\"line\":19,\"hash\":\"7cfc27a5e905bab571f9c2024c9119ba\",\"hostname\":\"c97c8de0b337\"}, 2026-05-18 19:22:51, ?, query, a1cfa61b-7ff8-4311-9077-cc648e584eee), (a1cfa61b-80c2-4ad1-803b-beab5a1509c8, {\"ip_address\":\"172.18.0.1\",\"uri\":\"\\/api\\/products?page=1&per_page=10&search=\",\"method\":\"GET\",\"controller_action\":\"App\\\\Http\\\\Controllers\\\\ProductController@index\",\"middleware\":[\"api\",\"auth\"],\"headers\":{\"accept-language\":\"es-ES,es;q=0.9,en;q=0.8\",\"accept-encoding\":\"gzip, deflate, br, zstd\",\"referer\":\"http:\\/\\/localhost:5173\\/\",\"sec-fetch-dest\":\"empty\",\"sec-fetch-mode\":\"cors\",\"sec-fetch-site\":\"cross-site\",\"origin\":\"http:\\/\\/localhost:5173\",\"sec-ch-ua-mobile\":\"?0\",\"sec-ch-ua\":\"\\\"Opera\\\";v=\\\"131\\\", \\\"Not.A\\/Brand\\\";v=\\\"8\\\", \\\"Chromium\\\";v=\\\"147\\\"\",\"accept\":\"application\\/json, text\\/plain, *\\/*\",\"user-agent\":\"Mozilla\\/5.0 (X11; Linux x86_64) AppleWebKit\\/537.36 (KHTML, like Gecko) Chrome\\/147.0.0.0 Safari\\/537.36 OPR\\/131.0.0.0\",\"authorization\":\"********\",\"sec-ch-ua-platform\":\"\\\"Linux\\\"\",\"connection\":\"keep-alive\",\"host\":\"127.0.0.1:8000\"},\"payload\":{\"search\":null,\"page\":\"1\",\"per_page\":\"10\"},\"session\":[],\"response_headers\":{\"cache-control\":\"no-cache, private\",\"date\":\"Mon, 18 May 2026 19:22:51 GMT\",\"content-type\":\"application\\/json\",\"access-control-allow-origin\":\"http:\\/\\/localhost:5173\",\"vary\":\"Origin\",\"access-control-allow-credentials\":\"true\"},\"response_status\":401,\"response\":{\"ok\":false,\"error\":\"Unauthorized\"},\"duration\":13,\"memory\":2,\"hostname\":\"c97c8de0b337\"}, 2026-05-18 19:22:51, ?, request, a1cfa61b-806c-4d45-8b5d-1007397c193f)) at /var/www/html/backend-legacy-laravel8/vendor/laravel/framework/src/Illuminate/Database/Connection.php:825)
[stacktrace]
#0 /var/www/html/backend-legacy-laravel8/vendor/laravel/framework/src/Illuminate/Database/Connection.php(779): Illuminate\\Database\\Connection->runQueryCallback('insert into `te...', Array, Object(Closure))
#1 /var/www/html/backend-legacy-laravel8/vendor/laravel/framework/src/Illuminate/Database/MySqlConnection.php(42): Illuminate\\Database\\Connection->run('insert into `te...', Array, Object(Closure))
#2 /var/www/html/backend-legacy-laravel8/vendor/laravel/framework/src/Illuminate/Database/Query/Builder.php(3717): Illuminate\\Database\\MySqlConnection->insert('insert into `te...', Array)
#3 /var/www/html/backend-legacy-laravel8/vendor/laravel/telescope/src/Storage/DatabaseEntriesRepository.php(145): Illuminate\\Database\\Query\\Builder->insert(Array)
#4 /var/www/html/backend-legacy-laravel8/vendor/laravel/framework/src/Illuminate/Collections/Traits/EnumeratesValues.php(261): Laravel\\Telescope\\Storage\\DatabaseEntriesRepository->Laravel\\Telescope\\Storage\\{closure}(Object(Illuminate\\Support\\Collection), 0)
#5 /var/www/html/backend-legacy-laravel8/vendor/laravel/telescope/src/Storage/DatabaseEntriesRepository.php(144): Illuminate\\Support\\Collection->each(Object(Closure))
#6 /var/www/html/backend-legacy-laravel8/vendor/laravel/telescope/src/Telescope.php(664): Laravel\\Telescope\\Storage\\DatabaseEntriesRepository->store(Object(Illuminate\\Support\\Collection))
#7 [internal function]: Laravel\\Telescope\\Telescope::Laravel\\Telescope\\{closure}()
#8 /var/www/html/backend-legacy-laravel8/vendor/laravel/telescope/src/Telescope.php(289): call_user_func(Object(Closure))
#9 /var/www/html/backend-legacy-laravel8/vendor/laravel/telescope/src/Telescope.php(656): Laravel\\Telescope\\Telescope::withoutRecording(Object(Closure))
#10 /var/www/html/backend-legacy-laravel8/vendor/laravel/telescope/src/ListensForStorageOpportunities.php(65): Laravel\\Telescope\\Telescope::store(Object(Laravel\\Telescope\\Storage\\DatabaseEntriesRepository))
#11 /var/www/html/backend-legacy-laravel8/vendor/laravel/framework/src/Illuminate/Container/BoundMethod.php(36): Laravel\\Telescope\\Telescope::Laravel\\Telescope\\{closure}()
#12 /var/www/html/backend-legacy-laravel8/vendor/laravel/framework/src/Illuminate/Container/Util.php(43): Illuminate\\Container\\BoundMethod::Illuminate\\Container\\{closure}()
#13 /var/www/html/backend-legacy-laravel8/vendor/laravel/framework/src/Illuminate/Container/BoundMethod.php(83): Illuminate\\Container\\Util::unwrapIfClosure(Object(Closure))
#14 /var/www/html/backend-legacy-laravel8/vendor/laravel/framework/src/Illuminate/Container/BoundMethod.php(35): Illuminate\\Container\\BoundMethod::callBoundMethod(Object(Illuminate\\Foundation\\Application), Object(Closure), Object(Closure))
#15 /var/www/html/backend-legacy-laravel8/vendor/laravel/framework/src/Illuminate/Container/Container.php(696): Illuminate\\Container\\BoundMethod::call(Object(Illuminate\\Foundation\\Application), Object(Closure), Array, NULL)
#16 /var/www/html/backend-legacy-laravel8/vendor/laravel/framework/src/Illuminate/Foundation/Application.php(1452): Illuminate\\Container\\Container->call(Object(Closure))
#17 /var/www/html/backend-legacy-laravel8/vendor/laravel/framework/src/Illuminate/Foundation/Http/Kernel.php(218): Illuminate\\Foundation\\Application->terminate()
#18 /var/www/html/backend-legacy-laravel8/public/index.php(15): Illuminate\\Foundation\\Http\\Kernel->terminate(Object(Illuminate\\Http\\Request), Object(Illuminate\\Http\\JsonResponse))
#19 {main}

[previous exception] [object] (PDOException(code: 42S02): SQLSTATE[42S02]: Base table or view not found: 1146 Table 'legacy_products.telescope_entries' doesn't exist at /var/www/html/backend-legacy-laravel8/vendor/laravel/framework/src/Illuminate/Database/MySqlConnection.php:47)
[stacktrace]
#0 /var/www/html/backend-legacy-laravel8/vendor/laravel/framework/src/Illuminate/Database/MySqlConnection.php(47): PDO->prepare('insert into `te...')
#1 /var/www/html/backend-legacy-laravel8/vendor/laravel/framework/src/Illuminate/Database/Connection.php(812): Illuminate\\Database\\MySqlConnection->Illuminate\\Database\\{closure}('insert into `te...', Array)
#2 /var/www/html/backend-legacy-laravel8/vendor/laravel/framework/src/Illuminate/Database/Connection.php(779): Illuminate\\Database\\Connection->runQueryCallback('insert into `te...', Array, Object(Closure))
#3 /var/www/html/backend-legacy-laravel8/vendor/laravel/framework/src/Illuminate/Database/MySqlConnection.php(42): Illuminate\\Database\\Connection->run('insert into `te...', Array, Object(Closure))
#4 /var/www/html/backend-legacy-laravel8/vendor/laravel/framework/src/Illuminate/Database/Query/Builder.php(3717): Illuminate\\Database\\MySqlConnection->insert('insert into `te...', Array)
#5 /var/www/html/backend-legacy-laravel8/vendor/laravel/telescope/src/Storage/DatabaseEntriesRepository.php(145): Illuminate\\Database\\Query\\Builder->insert(Array)
#6 /var/www/html/backend-legacy-laravel8/vendor/laravel/framework/src/Illuminate/Collections/Traits/EnumeratesValues.php(261): Laravel\\Telescope\\Storage\\DatabaseEntriesRepository->Laravel\\Telescope\\Storage\\{closure}(Object(Illuminate\\Support\\Collection), 0)
#7 /var/www/html/backend-legacy-laravel8/vendor/laravel/telescope/src/Storage/DatabaseEntriesRepository.php(144): Illuminate\\Support\\Collection->each(Object(Closure))
#8 /var/www/html/backend-legacy-laravel8/vendor/laravel/telescope/src/Telescope.php(664): Laravel\\Telescope\\Storage\\DatabaseEntriesRepository->store(Object(Illuminate\\Support\\Collection))
#9 [internal function]: Laravel\\Telescope\\Telescope::Laravel\\Telescope\\{closure}()
#10 /var/www/html/backend-legacy-laravel8/vendor/laravel/telescope/src/Telescope.php(289): call_user_func(Object(Closure))
#11 /var/www/html/backend-legacy-laravel8/vendor/laravel/telescope/src/Telescope.php(656): Laravel\\Telescope\\Telescope::withoutRecording(Object(Closure))
#12 /var/www/html/backend-legacy-laravel8/vendor/laravel/telescope/src/ListensForStorageOpportunities.php(65): Laravel\\Telescope\\Telescope::store(Object(Laravel\\Telescope\\Storage\\DatabaseEntriesRepository))
#13 /var/www/html/backend-legacy-laravel8/vendor/laravel/framework/src/Illuminate/Container/BoundMethod.php(36): Laravel\\Telescope\\Telescope::Laravel\\Telescope\\{closure}()
#14 /var/www/html/backend-legacy-laravel8/vendor/laravel/framework/src/Illuminate/Container/Util.php(43): Illuminate\\Container\\BoundMethod::Illuminate\\Container\\{closure}()
#15 /var/www/html/backend-legacy-laravel8/vendor/laravel/framework/src/Illuminate/Container/BoundMethod.php(83): Illuminate\\Container\\Util::unwrapIfClosure(Object(Closure))
#16 /var/www/html/backend-legacy-laravel8/vendor/laravel/framework/src/Illuminate/Container/BoundMethod.php(35): Illuminate\\Container\\BoundMethod::callBoundMethod(Object(Illuminate\\Foundation\\Application), Object(Closure), Object(Closure))
#17 /var/www/html/backend-legacy-laravel8/vendor/laravel/framework/src/Illuminate/Container/Container.php(696): Illuminate\\Container\\BoundMethod::call(Object(Illuminate\\Foundation\\Application), Object(Closure), Array, NULL)
#18 /var/www/html/backend-legacy-laravel8/vendor/laravel/framework/src/Illuminate/Foundation/Application.php(1452): Illuminate\\Container\\Container->call(Object(Closure))
#19 /var/www/html/backend-legacy-laravel8/vendor/laravel/framework/src/Illuminate/Foundation/Http/Kernel.php(218): Illuminate\\Foundation\\Application->terminate()
#20 /var/www/html/backend-legacy-laravel8/public/index.php(15): Illuminate\\Foundation\\Http\\Kernel->terminate(Object(Illuminate\\Http\\Request), Object(Illuminate\\Http\\JsonResponse))
#21 {main}
"} 
[2026-05-18 19:22:52] local.ERROR: SQLSTATE[42S02]: Base table or view not found: 1146 Table 'legacy_products.telescope_entries' doesn't exist (Connection: mysql, SQL: insert into `telescope_entries` (`batch_id`, `content`, `created_at`, `family_hash`, `type`, `uuid`) values (a1cfa61e-15fa-47c9-a719-95f72ce1c1ea, {"ip_address":"172.18.0.1","uri":"\/api\/login","method":"OPTIONS","controller_action":null,"middleware":[],"headers":{"accept-language":"es-ES,es;q=0.9,en;q=0.8","accept-encoding":"gzip, deflate, br, zstd","referer":"http:\/\/localhost:5173\/","sec-fetch-dest":"empty","sec-fetch-site":"cross-site","sec-fetch-mode":"cors","user-agent":"Mozilla\/5.0 (X11; Linux x86_64) AppleWebKit\/537.36 (KHTML, like Gecko) Chrome\/147.0.0.0 Safari\/537.36 OPR\/131.0.0.0","origin":"http:\/\/localhost:5173","access-control-request-headers":"content-type","access-control-request-method":"POST","accept":"*\/*","connection":"keep-alive","host":"127.0.0.1:8000"},"payload":[],"session":[],"response_headers":{"cache-control":"no-cache, private","date":"Mon, 18 May 2026 19:22:52 GMT","access-control-allow-origin":"http:\/\/localhost:5173","vary":"Origin, Access-Control-Request-Method, Access-Control-Request-Headers","access-control-allow-credentials":"true","access-control-allow-methods":"POST","access-control-allow-headers":"content-type","access-control-max-age":"0"},"response_status":204,"response":"Empty Response","duration":9,"memory":6,"hostname":"c97c8de0b337"}, 2026-05-18 19:22:52, ?, request, a1cfa61e-1591-4419-b1af-a8df485c7d94)) {"exception":"[object] (Illuminate\\Database\\QueryException(code: 42S02): SQLSTATE[42S02]: Base table or view not found: 1146 Table 'legacy_products.telescope_entries' doesn't exist (Connection: mysql, SQL: insert into `telescope_entries` (`batch_id`, `content`, `created_at`, `family_hash`, `type`, `uuid`) values (a1cfa61e-15fa-47c9-a719-95f72ce1c1ea, {\"ip_address\":\"172.18.0.1\",\"uri\":\"\\/api\\/login\",\"method\":\"OPTIONS\",\"controller_action\":null,\"middleware\":[],\"headers\":{\"accept-language\":\"es-ES,es;q=0.9,en;q=0.8\",\"accept-encoding\":\"gzip, deflate, br, zstd\",\"referer\":\"http:\\/\\/localhost:5173\\/\",\"sec-fetch-dest\":\"empty\",\"sec-fetch-site\":\"cross-site\",\"sec-fetch-mode\":\"cors\",\"user-agent\":\"Mozilla\\/5.0 (X11; Linux x86_64) AppleWebKit\\/537.36 (KHTML, like Gecko) Chrome\\/147.0.0.0 Safari\\/537.36 OPR\\/131.0.0.0\",\"origin\":\"http:\\/\\/localhost:5173\",\"access-control-request-headers\":\"content-type\",\"access-control-request-method\":\"POST\",\"accept\":\"*\\/*\",\"connection\":\"keep-alive\",\"host\":\"127.0.0.1:8000\"},\"payload\":[],\"session\":[],\"response_headers\":{\"cache-control\":\"no-cache, private\",\"date\":\"Mon, 18 May 2026 19:22:52 GMT\",\"access-control-allow-origin\":\"http:\\/\\/localhost:5173\",\"vary\":\"Origin, Access-Control-Request-Method, Access-Control-Request-Headers\",\"access-control-allow-credentials\":\"true\",\"access-control-allow-methods\":\"POST\",\"access-control-allow-headers\":\"content-type\",\"access-control-max-age\":\"0\"},\"response_status\":204,\"response\":\"Empty Response\",\"duration\":9,\"memory\":6,\"hostname\":\"c97c8de0b337\"}, 2026-05-18 19:22:52, ?, request, a1cfa61e-1591-4419-b1af-a8df485c7d94)) at /var/www/html/backend-legacy-laravel8/vendor/laravel/framework/src/Illuminate/Database/Connection.php:825)
[stacktrace]
#0 /var/www/html/backend-legacy-laravel8/vendor/laravel/framework/src/Illuminate/Database/Connection.php(779): Illuminate\\Database\\Connection->runQueryCallback('insert into `te...', Array, Object(Closure))
#1 /var/www/html/backend-legacy-laravel8/vendor/laravel/framework/src/Illuminate/Database/MySqlConnection.php(42): Illuminate\\Database\\Connection->run('insert into `te...', Array, Object(Closure))
#2 /var/www/html/backend-legacy-laravel8/vendor/laravel/framework/src/Illuminate/Database/Query/Builder.php(3717): Illuminate\\Database\\MySqlConnection->insert('insert into `te...', Array)
#3 /var/www/html/backend-legacy-laravel8/vendor/laravel/telescope/src/Storage/DatabaseEntriesRepository.php(145): Illuminate\\Database\\Query\\Builder->insert(Array)
#4 /var/www/html/backend-legacy-laravel8/vendor/laravel/framework/src/Illuminate/Collections/Traits/EnumeratesValues.php(261): Laravel\\Telescope\\Storage\\DatabaseEntriesRepository->Laravel\\Telescope\\Storage\\{closure}(Object(Illuminate\\Support\\Collection), 0)
#5 /var/www/html/backend-legacy-laravel8/vendor/laravel/telescope/src/Storage/DatabaseEntriesRepository.php(144): Illuminate\\Support\\Collection->each(Object(Closure))
#6 /var/www/html/backend-legacy-laravel8/vendor/laravel/telescope/src/Telescope.php(664): Laravel\\Telescope\\Storage\\DatabaseEntriesRepository->store(Object(Illuminate\\Support\\Collection))
#7 [internal function]: Laravel\\Telescope\\Telescope::Laravel\\Telescope\\{closure}()
#8 /var/www/html/backend-legacy-laravel8/vendor/laravel/telescope/src/Telescope.php(289): call_user_func(Object(Closure))
#9 /var/www/html/backend-legacy-laravel8/vendor/laravel/telescope/src/Telescope.php(656): Laravel\\Telescope\\Telescope::withoutRecording(Object(Closure))
#10 /var/www/html/backend-legacy-laravel8/vendor/laravel/telescope/src/ListensForStorageOpportunities.php(65): Laravel\\Telescope\\Telescope::store(Object(Laravel\\Telescope\\Storage\\DatabaseEntriesRepository))
#11 /var/www/html/backend-legacy-laravel8/vendor/laravel/framework/src/Illuminate/Container/BoundMethod.php(36): Laravel\\Telescope\\Telescope::Laravel\\Telescope\\{closure}()
#12 /var/www/html/backend-legacy-laravel8/vendor/laravel/framework/src/Illuminate/Container/Util.php(43): Illuminate\\Container\\BoundMethod::Illuminate\\Container\\{closure}()
#13 /var/www/html/backend-legacy-laravel8/vendor/laravel/framework/src/Illuminate/Container/BoundMethod.php(83): Illuminate\\Container\\Util::unwrapIfClosure(Object(Closure))
#14 /var/www/html/backend-legacy-laravel8/vendor/laravel/framework/src/Illuminate/Container/BoundMethod.php(35): Illuminate\\Container\\BoundMethod::callBoundMethod(Object(Illuminate\\Foundation\\Application), Object(Closure), Object(Closure))
#15 /var/www/html/backend-legacy-laravel8/vendor/laravel/framework/src/Illuminate/Container/Container.php(696): Illuminate\\Container\\BoundMethod::call(Object(Illuminate\\Foundation\\Application), Object(Closure), Array, NULL)
#16 /var/www/html/backend-legacy-laravel8/vendor/laravel/framework/src/Illuminate/Foundation/Application.php(1452): Illuminate\\Container\\Container->call(Object(Closure))
#17 /var/www/html/backend-legacy-laravel8/vendor/laravel/framework/src/Illuminate/Foundation/Http/Kernel.php(218): Illuminate\\Foundation\\Application->terminate()
#18 /var/www/html/backend-legacy-laravel8/public/index.php(15): Illuminate\\Foundation\\Http\\Kernel->terminate(Object(Illuminate\\Http\\Request), Object(Symfony\\Component\\HttpFoundation\\Response))
#19 {main}

[previous exception] [object] (PDOException(code: 42S02): SQLSTATE[42S02]: Base table or view not found: 1146 Table 'legacy_products.telescope_entries' doesn't exist at /var/www/html/backend-legacy-laravel8/vendor/laravel/framework/src/Illuminate/Database/MySqlConnection.php:47)
[stacktrace]
#0 /var/www/html/backend-legacy-laravel8/vendor/laravel/framework/src/Illuminate/Database/MySqlConnection.php(47): PDO->prepare('insert into `te...')
#1 /var/www/html/backend-legacy-laravel8/vendor/laravel/framework/src/Illuminate/Database/Connection.php(812): Illuminate\\Database\\MySqlConnection->Illuminate\\Database\\{closure}('insert into `te...', Array)
#2 /var/www/html/backend-legacy-laravel8/vendor/laravel/framework/src/Illuminate/Database/Connection.php(779): Illuminate\\Database\\Connection->runQueryCallback('insert into `te...', Array, Object(Closure))
#3 /var/www/html/backend-legacy-laravel8/vendor/laravel/framework/src/Illuminate/Database/MySqlConnection.php(42): Illuminate\\Database\\Connection->run('insert into `te...', Array, Object(Closure))
#4 /var/www/html/backend-legacy-laravel8/vendor/laravel/framework/src/Illuminate/Database/Query/Builder.php(3717): Illuminate\\Database\\MySqlConnection->insert('insert into `te...', Array)
#5 /var/www/html/backend-legacy-laravel8/vendor/laravel/telescope/src/Storage/DatabaseEntriesRepository.php(145): Illuminate\\Database\\Query\\Builder->insert(Array)
#6 /var/www/html/backend-legacy-laravel8/vendor/laravel/framework/src/Illuminate/Collections/Traits/EnumeratesValues.php(261): Laravel\\Telescope\\Storage\\DatabaseEntriesRepository->Laravel\\Telescope\\Storage\\{closure}(Object(Illuminate\\Support\\Collection), 0)
#7 /var/www/html/backend-legacy-laravel8/vendor/laravel/telescope/src/Storage/DatabaseEntriesRepository.php(144): Illuminate\\Support\\Collection->each(Object(Closure))
#8 /var/www/html/backend-legacy-laravel8/vendor/laravel/telescope/src/Telescope.php(664): Laravel\\Telescope\\Storage\\DatabaseEntriesRepository->store(Object(Illuminate\\Support\\Collection))
#9 [internal function]: Laravel\\Telescope\\Telescope::Laravel\\Telescope\\{closure}()
#10 /var/www/html/backend-legacy-laravel8/vendor/laravel/telescope/src/Telescope.php(289): call_user_func(Object(Closure))
#11 /var/www/html/backend-legacy-laravel8/vendor/laravel/telescope/src/Telescope.php(656): Laravel\\Telescope\\Telescope::withoutRecording(Object(Closure))
#12 /var/www/html/backend-legacy-laravel8/vendor/laravel/telescope/src/ListensForStorageOpportunities.php(65): Laravel\\Telescope\\Telescope::store(Object(Laravel\\Telescope\\Storage\\DatabaseEntriesRepository))
#13 /var/www/html/backend-legacy-laravel8/vendor/laravel/framework/src/Illuminate/Container/BoundMethod.php(36): Laravel\\Telescope\\Telescope::Laravel\\Telescope\\{closure}()
#14 /var/www/html/backend-legacy-laravel8/vendor/laravel/framework/src/Illuminate/Container/Util.php(43): Illuminate\\Container\\BoundMethod::Illuminate\\Container\\{closure}()
#15 /var/www/html/backend-legacy-laravel8/vendor/laravel/framework/src/Illuminate/Container/BoundMethod.php(83): Illuminate\\Container\\Util::unwrapIfClosure(Object(Closure))
#16 /var/www/html/backend-legacy-laravel8/vendor/laravel/framework/src/Illuminate/Container/BoundMethod.php(35): Illuminate\\Container\\BoundMethod::callBoundMethod(Object(Illuminate\\Foundation\\Application), Object(Closure), Object(Closure))
#17 /var/www/html/backend-legacy-laravel8/vendor/laravel/framework/src/Illuminate/Container/Container.php(696): Illuminate\\Container\\BoundMethod::call(Object(Illuminate\\Foundation\\Application), Object(Closure), Array, NULL)
#18 /var/www/html/backend-legacy-laravel8/vendor/laravel/framework/src/Illuminate/Foundation/Application.php(1452): Illuminate\\Container\\Container->call(Object(Closure))
#19 /var/www/html/backend-legacy-laravel8/vendor/laravel/framework/src/Illuminate/Foundation/Http/Kernel.php(218): Illuminate\\Foundation\\Application->terminate()
#20 /var/www/html/backend-legacy-laravel8/public/index.php(15): Illuminate\\Foundation\\Http\\Kernel->terminate(Object(Illuminate\\Http\\Request), Object(Symfony\\Component\\HttpFoundation\\Response))
#21 {main}
"} 
[2026-05-18 19:22:53] local.ERROR: SQLSTATE[42S02]: Base table or view not found: 1146 Table 'legacy_products.telescope_entries' doesn't exist (Connection: mysql, SQL: insert into `telescope_entries` (`batch_id`, `content`, `created_at`, `family_hash`, `type`, `uuid`) values (a1cfa61e-7710-4815-bd12-05d4c608f63f, {"connection":"mysql","driver":"mysql","bindings":[],"sql":"select * from `users` where `email` = 'admin@legacy.test' limit 1","time":"2.14","slow":false,"file":"\/var\/www\/html\/backend-legacy-laravel8\/app\/Services\/AuthService.php","line":13,"hash":"747ef04de752900539e8a3a1aee036ac","hostname":"c97c8de0b337"}, 2026-05-18 19:22:52, ?, query, a1cfa61e-230f-44f0-b43a-7dbabef2acf1), (a1cfa61e-7710-4815-bd12-05d4c608f63f, {"connection":"mysql","driver":"mysql","bindings":[],"sql":"update `users` set `api_token` = 'PbhX86IrQLw6GTrEac7zoc9yQUnA6Jwatvg2ACU28v2P1xRBGWiscmRHgZ9t' where `id` = 1","time":"7.89","slow":false,"file":"\/var\/www\/html\/backend-legacy-laravel8\/app\/Services\/AuthService.php","line":20,"hash":"9e97429733e6162f95b9bf084b6eda46","hostname":"c97c8de0b337"}, 2026-05-18 19:22:53, ?, query, a1cfa61e-7649-4b86-b98c-296de3e86dbb), (a1cfa61e-7710-4815-bd12-05d4c608f63f, {"ip_address":"172.18.0.1","uri":"\/api\/login","method":"POST","controller_action":"App\\Http\\Controllers\\AuthController@login","middleware":["api"],"headers":{"accept-language":"es-ES,es;q=0.9,en;q=0.8","accept-encoding":"gzip, deflate, br, zstd","referer":"http:\/\/localhost:5173\/","sec-fetch-dest":"empty","sec-fetch-mode":"cors","sec-fetch-site":"cross-site","origin":"http:\/\/localhost:5173","sec-ch-ua-mobile":"?0","content-type":"application\/json","sec-ch-ua":"\"Opera\";v=\"131\", \"Not.A\/Brand\";v=\"8\", \"Chromium\";v=\"147\"","accept":"application\/json, text\/plain, *\/*","user-agent":"Mozilla\/5.0 (X11; Linux x86_64) AppleWebKit\/537.36 (KHTML, like Gecko) Chrome\/147.0.0.0 Safari\/537.36 OPR\/131.0.0.0","sec-ch-ua-platform":"\"Linux\"","content-length":"51","connection":"keep-alive","host":"127.0.0.1:8000"},"payload":{"email":"admin@legacy.test","password":"********"},"session":[],"response_headers":{"cache-control":"no-cache, private","date":"Mon, 18 May 2026 19:22:53 GMT","content-type":"application\/json","access-control-allow-origin":"http:\/\/localhost:5173","vary":"Origin","access-control-allow-credentials":"true"},"response_status":200,"response":{"token":"PbhX86IrQLw6GTrEac7zoc9yQUnA6Jwatvg2ACU28v2P1xRBGWiscmRHgZ9t","user":{"id":1,"name":"Admin Legacy","email":"admin@legacy.test"}},"duration":244,"memory":4,"hostname":"c97c8de0b337"}, 2026-05-18 19:22:53, ?, request, a1cfa61e-769a-4804-8415-219aee1184aa)) {"exception":"[object] (Illuminate\\Database\\QueryException(code: 42S02): SQLSTATE[42S02]: Base table or view not found: 1146 Table 'legacy_products.telescope_entries' doesn't exist (Connection: mysql, SQL: insert into `telescope_entries` (`batch_id`, `content`, `created_at`, `family_hash`, `type`, `uuid`) values (a1cfa61e-7710-4815-bd12-05d4c608f63f, {\"connection\":\"mysql\",\"driver\":\"mysql\",\"bindings\":[],\"sql\":\"select * from `users` where `email` = 'admin@legacy.test' limit 1\",\"time\":\"2.14\",\"slow\":false,\"file\":\"\\/var\\/www\\/html\\/backend-legacy-laravel8\\/app\\/Services\\/AuthService.php\",\"line\":13,\"hash\":\"747ef04de752900539e8a3a1aee036ac\",\"hostname\":\"c97c8de0b337\"}, 2026-05-18 19:22:52, ?, query, a1cfa61e-230f-44f0-b43a-7dbabef2acf1), (a1cfa61e-7710-4815-bd12-05d4c608f63f, {\"connection\":\"mysql\",\"driver\":\"mysql\",\"bindings\":[],\"sql\":\"update `users` set `api_token` = 'PbhX86IrQLw6GTrEac7zoc9yQUnA6Jwatvg2ACU28v2P1xRBGWiscmRHgZ9t' where `id` = 1\",\"time\":\"7.89\",\"slow\":false,\"file\":\"\\/var\\/www\\/html\\/backend-legacy-laravel8\\/app\\/Services\\/AuthService.php\",\"line\":20,\"hash\":\"9e97429733e6162f95b9bf084b6eda46\",\"hostname\":\"c97c8de0b337\"}, 2026-05-18 19:22:53, ?, query, a1cfa61e-7649-4b86-b98c-296de3e86dbb), (a1cfa61e-7710-4815-bd12-05d4c608f63f, {\"ip_address\":\"172.18.0.1\",\"uri\":\"\\/api\\/login\",\"method\":\"POST\",\"controller_action\":\"App\\\\Http\\\\Controllers\\\\AuthController@login\",\"middleware\":[\"api\"],\"headers\":{\"accept-language\":\"es-ES,es;q=0.9,en;q=0.8\",\"accept-encoding\":\"gzip, deflate, br, zstd\",\"referer\":\"http:\\/\\/localhost:5173\\/\",\"sec-fetch-dest\":\"empty\",\"sec-fetch-mode\":\"cors\",\"sec-fetch-site\":\"cross-site\",\"origin\":\"http:\\/\\/localhost:5173\",\"sec-ch-ua-mobile\":\"?0\",\"content-type\":\"application\\/json\",\"sec-ch-ua\":\"\\\"Opera\\\";v=\\\"131\\\", \\\"Not.A\\/Brand\\\";v=\\\"8\\\", \\\"Chromium\\\";v=\\\"147\\\"\",\"accept\":\"application\\/json, text\\/plain, *\\/*\",\"user-agent\":\"Mozilla\\/5.0 (X11; Linux x86_64) AppleWebKit\\/537.36 (KHTML, like Gecko) Chrome\\/147.0.0.0 Safari\\/537.36 OPR\\/131.0.0.0\",\"sec-ch-ua-platform\":\"\\\"Linux\\\"\",\"content-length\":\"51\",\"connection\":\"keep-alive\",\"host\":\"127.0.0.1:8000\"},\"payload\":{\"email\":\"admin@legacy.test\",\"password\":\"********\"},\"session\":[],\"response_headers\":{\"cache-control\":\"no-cache, private\",\"date\":\"Mon, 18 May 2026 19:22:53 GMT\",\"content-type\":\"application\\/json\",\"access-control-allow-origin\":\"http:\\/\\/localhost:5173\",\"vary\":\"Origin\",\"access-control-allow-credentials\":\"true\"},\"response_status\":200,\"response\":{\"token\":\"PbhX86IrQLw6GTrEac7zoc9yQUnA6Jwatvg2ACU28v2P1xRBGWiscmRHgZ9t\",\"user\":{\"id\":1,\"name\":\"Admin Legacy\",\"email\":\"admin@legacy.test\"}},\"duration\":244,\"memory\":4,\"hostname\":\"c97c8de0b337\"}, 2026-05-18 19:22:53, ?, request, a1cfa61e-769a-4804-8415-219aee1184aa)) at /var/www/html/backend-legacy-laravel8/vendor/laravel/framework/src/Illuminate/Database/Connection.php:825)
[stacktrace]
#0 /var/www/html/backend-legacy-laravel8/vendor/laravel/framework/src/Illuminate/Database/Connection.php(779): Illuminate\\Database\\Connection->runQueryCallback('insert into `te...', Array, Object(Closure))
#1 /var/www/html/backend-legacy-laravel8/vendor/laravel/framework/src/Illuminate/Database/MySqlConnection.php(42): Illuminate\\Database\\Connection->run('insert into `te...', Array, Object(Closure))
#2 /var/www/html/backend-legacy-laravel8/vendor/laravel/framework/src/Illuminate/Database/Query/Builder.php(3717): Illuminate\\Database\\MySqlConnection->insert('insert into `te...', Array)
#3 /var/www/html/backend-legacy-laravel8/vendor/laravel/telescope/src/Storage/DatabaseEntriesRepository.php(145): Illuminate\\Database\\Query\\Builder->insert(Array)
#4 /var/www/html/backend-legacy-laravel8/vendor/laravel/framework/src/Illuminate/Collections/Traits/EnumeratesValues.php(261): Laravel\\Telescope\\Storage\\DatabaseEntriesRepository->Laravel\\Telescope\\Storage\\{closure}(Object(Illuminate\\Support\\Collection), 0)
#5 /var/www/html/backend-legacy-laravel8/vendor/laravel/telescope/src/Storage/DatabaseEntriesRepository.php(144): Illuminate\\Support\\Collection->each(Object(Closure))
#6 /var/www/html/backend-legacy-laravel8/vendor/laravel/telescope/src/Telescope.php(664): Laravel\\Telescope\\Storage\\DatabaseEntriesRepository->store(Object(Illuminate\\Support\\Collection))
#7 [internal function]: Laravel\\Telescope\\Telescope::Laravel\\Telescope\\{closure}()
#8 /var/www/html/backend-legacy-laravel8/vendor/laravel/telescope/src/Telescope.php(289): call_user_func(Object(Closure))
#9 /var/www/html/backend-legacy-laravel8/vendor/laravel/telescope/src/Telescope.php(656): Laravel\\Telescope\\Telescope::withoutRecording(Object(Closure))
#10 /var/www/html/backend-legacy-laravel8/vendor/laravel/telescope/src/ListensForStorageOpportunities.php(65): Laravel\\Telescope\\Telescope::store(Object(Laravel\\Telescope\\Storage\\DatabaseEntriesRepository))
#11 /var/www/html/backend-legacy-laravel8/vendor/laravel/framework/src/Illuminate/Container/BoundMethod.php(36): Laravel\\Telescope\\Telescope::Laravel\\Telescope\\{closure}()
#12 /var/www/html/backend-legacy-laravel8/vendor/laravel/framework/src/Illuminate/Container/Util.php(43): Illuminate\\Container\\BoundMethod::Illuminate\\Container\\{closure}()
#13 /var/www/html/backend-legacy-laravel8/vendor/laravel/framework/src/Illuminate/Container/BoundMethod.php(83): Illuminate\\Container\\Util::unwrapIfClosure(Object(Closure))
#14 /var/www/html/backend-legacy-laravel8/vendor/laravel/framework/src/Illuminate/Container/BoundMethod.php(35): Illuminate\\Container\\BoundMethod::callBoundMethod(Object(Illuminate\\Foundation\\Application), Object(Closure), Object(Closure))
#15 /var/www/html/backend-legacy-laravel8/vendor/laravel/framework/src/Illuminate/Container/Container.php(696): Illuminate\\Container\\BoundMethod::call(Object(Illuminate\\Foundation\\Application), Object(Closure), Array, NULL)
#16 /var/www/html/backend-legacy-laravel8/vendor/laravel/framework/src/Illuminate/Foundation/Application.php(1452): Illuminate\\Container\\Container->call(Object(Closure))
#17 /var/www/html/backend-legacy-laravel8/vendor/laravel/framework/src/Illuminate/Foundation/Http/Kernel.php(218): Illuminate\\Foundation\\Application->terminate()
#18 /var/www/html/backend-legacy-laravel8/public/index.php(15): Illuminate\\Foundation\\Http\\Kernel->terminate(Object(Illuminate\\Http\\Request), Object(Illuminate\\Http\\JsonResponse))
#19 {main}

[previous exception] [object] (PDOException(code: 42S02): SQLSTATE[42S02]: Base table or view not found: 1146 Table 'legacy_products.telescope_entries' doesn't exist at /var/www/html/backend-legacy-laravel8/vendor/laravel/framework/src/Illuminate/Database/MySqlConnection.php:47)
[stacktrace]
#0 /var/www/html/backend-legacy-laravel8/vendor/laravel/framework/src/Illuminate/Database/MySqlConnection.php(47): PDO->prepare('insert into `te...')
#1 /var/www/html/backend-legacy-laravel8/vendor/laravel/framework/src/Illuminate/Database/Connection.php(812): Illuminate\\Database\\MySqlConnection->Illuminate\\Database\\{closure}('insert into `te...', Array)
#2 /var/www/html/backend-legacy-laravel8/vendor/laravel/framework/src/Illuminate/Database/Connection.php(779): Illuminate\\Database\\Connection->runQueryCallback('insert into `te...', Array, Object(Closure))
#3 /var/www/html/backend-legacy-laravel8/vendor/laravel/framework/src/Illuminate/Database/MySqlConnection.php(42): Illuminate\\Database\\Connection->run('insert into `te...', Array, Object(Closure))
#4 /var/www/html/backend-legacy-laravel8/vendor/laravel/framework/src/Illuminate/Database/Query/Builder.php(3717): Illuminate\\Database\\MySqlConnection->insert('insert into `te...', Array)
#5 /var/www/html/backend-legacy-laravel8/vendor/laravel/telescope/src/Storage/DatabaseEntriesRepository.php(145): Illuminate\\Database\\Query\\Builder->insert(Array)
#6 /var/www/html/backend-legacy-laravel8/vendor/laravel/framework/src/Illuminate/Collections/Traits/EnumeratesValues.php(261): Laravel\\Telescope\\Storage\\DatabaseEntriesRepository->Laravel\\Telescope\\Storage\\{closure}(Object(Illuminate\\Support\\Collection), 0)
#7 /var/www/html/backend-legacy-laravel8/vendor/laravel/telescope/src/Storage/DatabaseEntriesRepository.php(144): Illuminate\\Support\\Collection->each(Object(Closure))
#8 /var/www/html/backend-legacy-laravel8/vendor/laravel/telescope/src/Telescope.php(664): Laravel\\Telescope\\Storage\\DatabaseEntriesRepository->store(Object(Illuminate\\Support\\Collection))
#9 [internal function]: Laravel\\Telescope\\Telescope::Laravel\\Telescope\\{closure}()
#10 /var/www/html/backend-legacy-laravel8/vendor/laravel/telescope/src/Telescope.php(289): call_user_func(Object(Closure))
#11 /var/www/html/backend-legacy-laravel8/vendor/laravel/telescope/src/Telescope.php(656): Laravel\\Telescope\\Telescope::withoutRecording(Object(Closure))
#12 /var/www/html/backend-legacy-laravel8/vendor/laravel/telescope/src/ListensForStorageOpportunities.php(65): Laravel\\Telescope\\Telescope::store(Object(Laravel\\Telescope\\Storage\\DatabaseEntriesRepository))
#13 /var/www/html/backend-legacy-laravel8/vendor/laravel/framework/src/Illuminate/Container/BoundMethod.php(36): Laravel\\Telescope\\Telescope::Laravel\\Telescope\\{closure}()
#14 /var/www/html/backend-legacy-laravel8/vendor/laravel/framework/src/Illuminate/Container/Util.php(43): Illuminate\\Container\\BoundMethod::Illuminate\\Container\\{closure}()
#15 /var/www/html/backend-legacy-laravel8/vendor/laravel/framework/src/Illuminate/Container/BoundMethod.php(83): Illuminate\\Container\\Util::unwrapIfClosure(Object(Closure))
#16 /var/www/html/backend-legacy-laravel8/vendor/laravel/framework/src/Illuminate/Container/BoundMethod.php(35): Illuminate\\Container\\BoundMethod::callBoundMethod(Object(Illuminate\\Foundation\\Application), Object(Closure), Object(Closure))
#17 /var/www/html/backend-legacy-laravel8/vendor/laravel/framework/src/Illuminate/Container/Container.php(696): Illuminate\\Container\\BoundMethod::call(Object(Illuminate\\Foundation\\Application), Object(Closure), Array, NULL)
#18 /var/www/html/backend-legacy-laravel8/vendor/laravel/framework/src/Illuminate/Foundation/Application.php(1452): Illuminate\\Container\\Container->call(Object(Closure))
#19 /var/www/html/backend-legacy-laravel8/vendor/laravel/framework/src/Illuminate/Foundation/Http/Kernel.php(218): Illuminate\\Foundation\\Application->terminate()
#20 /var/www/html/backend-legacy-laravel8/public/index.php(15): Illuminate\\Foundation\\Http\\Kernel->terminate(Object(Illuminate\\Http\\Request), Object(Illuminate\\Http\\JsonResponse))
#21 {main}
"} 
[2026-05-18 19:22:53] local.ERROR: SQLSTATE[42S02]: Base table or view not found: 1146 Table 'legacy_products.telescope_entries' doesn't exist (Connection: mysql, SQL: insert into `telescope_entries` (`batch_id`, `content`, `created_at`, `family_hash`, `type`, `uuid`) values (a1cfa61e-87b8-4df3-982a-d66f9d75c190, {"ip_address":"172.18.0.1","uri":"\/api\/dashboard","method":"OPTIONS","controller_action":null,"middleware":[],"headers":{"accept-language":"es-ES,es;q=0.9,en;q=0.8","accept-encoding":"gzip, deflate, br, zstd","referer":"http:\/\/localhost:5173\/","sec-fetch-dest":"empty","sec-fetch-site":"cross-site","sec-fetch-mode":"cors","user-agent":"Mozilla\/5.0 (X11; Linux x86_64) AppleWebKit\/537.36 (KHTML, like Gecko) Chrome\/147.0.0.0 Safari\/537.36 OPR\/131.0.0.0","origin":"http:\/\/localhost:5173","access-control-request-headers":"authorization","access-control-request-method":"GET","accept":"*\/*","connection":"keep-alive","host":"127.0.0.1:8000"},"payload":[],"session":[],"response_headers":{"cache-control":"no-cache, private","date":"Mon, 18 May 2026 19:22:53 GMT","access-control-allow-origin":"http:\/\/localhost:5173","vary":"Origin, Access-Control-Request-Method, Access-Control-Request-Headers","access-control-allow-credentials":"true","access-control-allow-methods":"GET","access-control-allow-headers":"authorization","access-control-max-age":"0"},"response_status":204,"response":"Empty Response","duration":11,"memory":4,"hostname":"c97c8de0b337"}, 2026-05-18 19:22:53, ?, request, a1cfa61e-874f-4a05-b877-d9de26e8ffa2)) {"exception":"[object] (Illuminate\\Database\\QueryException(code: 42S02): SQLSTATE[42S02]: Base table or view not found: 1146 Table 'legacy_products.telescope_entries' doesn't exist (Connection: mysql, SQL: insert into `telescope_entries` (`batch_id`, `content`, `created_at`, `family_hash`, `type`, `uuid`) values (a1cfa61e-87b8-4df3-982a-d66f9d75c190, {\"ip_address\":\"172.18.0.1\",\"uri\":\"\\/api\\/dashboard\",\"method\":\"OPTIONS\",\"controller_action\":null,\"middleware\":[],\"headers\":{\"accept-language\":\"es-ES,es;q=0.9,en;q=0.8\",\"accept-encoding\":\"gzip, deflate, br, zstd\",\"referer\":\"http:\\/\\/localhost:5173\\/\",\"sec-fetch-dest\":\"empty\",\"sec-fetch-site\":\"cross-site\",\"sec-fetch-mode\":\"cors\",\"user-agent\":\"Mozilla\\/5.0 (X11; Linux x86_64) AppleWebKit\\/537.36 (KHTML, like Gecko) Chrome\\/147.0.0.0 Safari\\/537.36 OPR\\/131.0.0.0\",\"origin\":\"http:\\/\\/localhost:5173\",\"access-control-request-headers\":\"authorization\",\"access-control-request-method\":\"GET\",\"accept\":\"*\\/*\",\"connection\":\"keep-alive\",\"host\":\"127.0.0.1:8000\"},\"payload\":[],\"session\":[],\"response_headers\":{\"cache-control\":\"no-cache, private\",\"date\":\"Mon, 18 May 2026 19:22:53 GMT\",\"access-control-allow-origin\":\"http:\\/\\/localhost:5173\",\"vary\":\"Origin, Access-Control-Request-Method, Access-Control-Request-Headers\",\"access-control-allow-credentials\":\"true\",\"access-control-allow-methods\":\"GET\",\"access-control-allow-headers\":\"authorization\",\"access-control-max-age\":\"0\"},\"response_status\":204,\"response\":\"Empty Response\",\"duration\":11,\"memory\":4,\"hostname\":\"c97c8de0b337\"}, 2026-05-18 19:22:53, ?, request, a1cfa61e-874f-4a05-b877-d9de26e8ffa2)) at /var/www/html/backend-legacy-laravel8/vendor/laravel/framework/src/Illuminate/Database/Connection.php:825)
[stacktrace]
#0 /var/www/html/backend-legacy-laravel8/vendor/laravel/framework/src/Illuminate/Database/Connection.php(779): Illuminate\\Database\\Connection->runQueryCallback('insert into `te...', Array, Object(Closure))
#1 /var/www/html/backend-legacy-laravel8/vendor/laravel/framework/src/Illuminate/Database/MySqlConnection.php(42): Illuminate\\Database\\Connection->run('insert into `te...', Array, Object(Closure))
#2 /var/www/html/backend-legacy-laravel8/vendor/laravel/framework/src/Illuminate/Database/Query/Builder.php(3717): Illuminate\\Database\\MySqlConnection->insert('insert into `te...', Array)
#3 /var/www/html/backend-legacy-laravel8/vendor/laravel/telescope/src/Storage/DatabaseEntriesRepository.php(145): Illuminate\\Database\\Query\\Builder->insert(Array)
#4 /var/www/html/backend-legacy-laravel8/vendor/laravel/framework/src/Illuminate/Collections/Traits/EnumeratesValues.php(261): Laravel\\Telescope\\Storage\\DatabaseEntriesRepository->Laravel\\Telescope\\Storage\\{closure}(Object(Illuminate\\Support\\Collection), 0)
#5 /var/www/html/backend-legacy-laravel8/vendor/laravel/telescope/src/Storage/DatabaseEntriesRepository.php(144): Illuminate\\Support\\Collection->each(Object(Closure))
#6 /var/www/html/backend-legacy-laravel8/vendor/laravel/telescope/src/Telescope.php(664): Laravel\\Telescope\\Storage\\DatabaseEntriesRepository->store(Object(Illuminate\\Support\\Collection))
#7 [internal function]: Laravel\\Telescope\\Telescope::Laravel\\Telescope\\{closure}()
#8 /var/www/html/backend-legacy-laravel8/vendor/laravel/telescope/src/Telescope.php(289): call_user_func(Object(Closure))
#9 /var/www/html/backend-legacy-laravel8/vendor/laravel/telescope/src/Telescope.php(656): Laravel\\Telescope\\Telescope::withoutRecording(Object(Closure))
#10 /var/www/html/backend-legacy-laravel8/vendor/laravel/telescope/src/ListensForStorageOpportunities.php(65): Laravel\\Telescope\\Telescope::store(Object(Laravel\\Telescope\\Storage\\DatabaseEntriesRepository))
#11 /var/www/html/backend-legacy-laravel8/vendor/laravel/framework/src/Illuminate/Container/BoundMethod.php(36): Laravel\\Telescope\\Telescope::Laravel\\Telescope\\{closure}()
#12 /var/www/html/backend-legacy-laravel8/vendor/laravel/framework/src/Illuminate/Container/Util.php(43): Illuminate\\Container\\BoundMethod::Illuminate\\Container\\{closure}()
#13 /var/www/html/backend-legacy-laravel8/vendor/laravel/framework/src/Illuminate/Container/BoundMethod.php(83): Illuminate\\Container\\Util::unwrapIfClosure(Object(Closure))
#14 /var/www/html/backend-legacy-laravel8/vendor/laravel/framework/src/Illuminate/Container/BoundMethod.php(35): Illuminate\\Container\\BoundMethod::callBoundMethod(Object(Illuminate\\Foundation\\Application), Object(Closure), Object(Closure))
#15 /var/www/html/backend-legacy-laravel8/vendor/laravel/framework/src/Illuminate/Container/Container.php(696): Illuminate\\Container\\BoundMethod::call(Object(Illuminate\\Foundation\\Application), Object(Closure), Array, NULL)
#16 /var/www/html/backend-legacy-laravel8/vendor/laravel/framework/src/Illuminate/Foundation/Application.php(1452): Illuminate\\Container\\Container->call(Object(Closure))
#17 /var/www/html/backend-legacy-laravel8/vendor/laravel/framework/src/Illuminate/Foundation/Http/Kernel.php(218): Illuminate\\Foundation\\Application->terminate()
#18 /var/www/html/backend-legacy-laravel8/public/index.php(15): Illuminate\\Foundation\\Http\\Kernel->terminate(Object(Illuminate\\Http\\Request), Object(Symfony\\Component\\HttpFoundation\\Response))
#19 {main}

[previous exception] [object] (PDOException(code: 42S02): SQLSTATE[42S02]: Base table or view not found: 1146 Table 'legacy_products.telescope_entries' doesn't exist at /var/www/html/backend-legacy-laravel8/vendor/laravel/framework/src/Illuminate/Database/MySqlConnection.php:47)
[stacktrace]
#0 /var/www/html/backend-legacy-laravel8/vendor/laravel/framework/src/Illuminate/Database/MySqlConnection.php(47): PDO->prepare('insert into `te...')
#1 /var/www/html/backend-legacy-laravel8/vendor/laravel/framework/src/Illuminate/Database/Connection.php(812): Illuminate\\Database\\MySqlConnection->Illuminate\\Database\\{closure}('insert into `te...', Array)
#2 /var/www/html/backend-legacy-laravel8/vendor/laravel/framework/src/Illuminate/Database/Connection.php(779): Illuminate\\Database\\Connection->runQueryCallback('insert into `te...', Array, Object(Closure))
#3 /var/www/html/backend-legacy-laravel8/vendor/laravel/framework/src/Illuminate/Database/MySqlConnection.php(42): Illuminate\\Database\\Connection->run('insert into `te...', Array, Object(Closure))
#4 /var/www/html/backend-legacy-laravel8/vendor/laravel/framework/src/Illuminate/Database/Query/Builder.php(3717): Illuminate\\Database\\MySqlConnection->insert('insert into `te...', Array)
#5 /var/www/html/backend-legacy-laravel8/vendor/laravel/telescope/src/Storage/DatabaseEntriesRepository.php(145): Illuminate\\Database\\Query\\Builder->insert(Array)
#6 /var/www/html/backend-legacy-laravel8/vendor/laravel/framework/src/Illuminate/Collections/Traits/EnumeratesValues.php(261): Laravel\\Telescope\\Storage\\DatabaseEntriesRepository->Laravel\\Telescope\\Storage\\{closure}(Object(Illuminate\\Support\\Collection), 0)
#7 /var/www/html/backend-legacy-laravel8/vendor/laravel/telescope/src/Storage/DatabaseEntriesRepository.php(144): Illuminate\\Support\\Collection->each(Object(Closure))
#8 /var/www/html/backend-legacy-laravel8/vendor/laravel/telescope/src/Telescope.php(664): Laravel\\Telescope\\Storage\\DatabaseEntriesRepository->store(Object(Illuminate\\Support\\Collection))
#9 [internal function]: Laravel\\Telescope\\Telescope::Laravel\\Telescope\\{closure}()
#10 /var/www/html/backend-legacy-laravel8/vendor/laravel/telescope/src/Telescope.php(289): call_user_func(Object(Closure))
#11 /var/www/html/backend-legacy-laravel8/vendor/laravel/telescope/src/Telescope.php(656): Laravel\\Telescope\\Telescope::withoutRecording(Object(Closure))
#12 /var/www/html/backend-legacy-laravel8/vendor/laravel/telescope/src/ListensForStorageOpportunities.php(65): Laravel\\Telescope\\Telescope::store(Object(Laravel\\Telescope\\Storage\\DatabaseEntriesRepository))
#13 /var/www/html/backend-legacy-laravel8/vendor/laravel/framework/src/Illuminate/Container/BoundMethod.php(36): Laravel\\Telescope\\Telescope::Laravel\\Telescope\\{closure}()
#14 /var/www/html/backend-legacy-laravel8/vendor/laravel/framework/src/Illuminate/Container/Util.php(43): Illuminate\\Container\\BoundMethod::Illuminate\\Container\\{closure}()
#15 /var/www/html/backend-legacy-laravel8/vendor/laravel/framework/src/Illuminate/Container/BoundMethod.php(83): Illuminate\\Container\\Util::unwrapIfClosure(Object(Closure))
#16 /var/www/html/backend-legacy-laravel8/vendor/laravel/framework/src/Illuminate/Container/BoundMethod.php(35): Illuminate\\Container\\BoundMethod::callBoundMethod(Object(Illuminate\\Foundation\\Application), Object(Closure), Object(Closure))
#17 /var/www/html/backend-legacy-laravel8/vendor/laravel/framework/src/Illuminate/Container/Container.php(696): Illuminate\\Container\\BoundMethod::call(Object(Illuminate\\Foundation\\Application), Object(Closure), Array, NULL)
#18 /var/www/html/backend-legacy-laravel8/vendor/laravel/framework/src/Illuminate/Foundation/Application.php(1452): Illuminate\\Container\\Container->call(Object(Closure))
#19 /var/www/html/backend-legacy-laravel8/vendor/laravel/framework/src/Illuminate/Foundation/Http/Kernel.php(218): Illuminate\\Foundation\\Application->terminate()
#20 /var/www/html/backend-legacy-laravel8/public/index.php(15): Illuminate\\Foundation\\Http\\Kernel->terminate(Object(Illuminate\\Http\\Request), Object(Symfony\\Component\\HttpFoundation\\Response))
#21 {main}
"} 
[2026-05-18 19:22:53] local.ERROR: SQLSTATE[42S02]: Base table or view not found: 1146 Table 'legacy_products.telescope_entries' doesn't exist (Connection: mysql, SQL: insert into `telescope_entries` (`batch_id`, `content`, `created_at`, `family_hash`, `type`, `uuid`) values (a1cfa61e-971c-4708-a514-ec8c729ea745, {"connection":"mysql","driver":"mysql","bindings":[],"sql":"select * from `users` where `api_token` = 'PbhX86IrQLw6GTrEac7zoc9yQUnA6Jwatvg2ACU28v2P1xRBGWiscmRHgZ9t' limit 1","time":"2.02","slow":false,"file":"\/var\/www\/html\/backend-legacy-laravel8\/app\/Http\/Middleware\/LegacyTokenAuth.php","line":19,"hash":"7cfc27a5e905bab571f9c2024c9119ba","hostname":"c97c8de0b337"}, 2026-05-18 19:22:53, ?, query, a1cfa61e-8db0-4833-9a73-a3a742d6c641), (a1cfa61e-971c-4708-a514-ec8c729ea745, {"connection":"mysql","driver":"mysql","bindings":[],"sql":"select count(*) as aggregate from `products`","time":"2.75","slow":false,"file":"\/var\/www\/html\/backend-legacy-laravel8\/app\/Http\/Controllers\/DashboardController.php","line":13,"hash":"bcfaa4c155971c5b06ea2dfa765a5c2b","hostname":"c97c8de0b337"}, 2026-05-18 19:22:53, ?, query, a1cfa61e-8efa-4fe5-a3aa-260198ad9939), (a1cfa61e-971c-4708-a514-ec8c729ea745, {"connection":"mysql","driver":"mysql","bindings":[],"sql":"select count(*) as aggregate from `products` where `stock` < 10","time":"2.74","slow":false,"file":"\/var\/www\/html\/backend-legacy-laravel8\/app\/Http\/Controllers\/DashboardController.php","line":14,"hash":"171a5dd79b569b34dd7f06e0dcf4f4d1","hostname":"c97c8de0b337"}, 2026-05-18 19:22:53, ?, query, a1cfa61e-9035-4f4e-acdd-ecbb881bb6fe), (a1cfa61e-971c-4708-a514-ec8c729ea745, {"connection":"mysql","driver":"mysql","bindings":[],"sql":"select count(*) as aggregate from `stock_movements` where `type` = 'entrada' and month(`created_at`) = '05' and year(`created_at`) = 2026","time":"7.58","slow":false,"file":"\/var\/www\/html\/backend-legacy-laravel8\/app\/Http\/Controllers\/DashboardController.php","line":19,"hash":"35efedf6191108c1b41f9cc648ba658a","hostname":"c97c8de0b337"}, 2026-05-18 19:22:53, ?, query, a1cfa61e-93bd-4d4b-8e89-a1efb643693f), (a1cfa61e-971c-4708-a514-ec8c729ea745, {"connection":"mysql","driver":"mysql","bindings":[],"sql":"select count(*) as aggregate from `stock_movements` where `type` = 'salida' and month(`created_at`) = '05' and year(`created_at`) = 2026","time":"6.78","slow":false,"file":"\/var\/www\/html\/backend-legacy-laravel8\/app\/Http\/Controllers\/DashboardController.php","line":24,"hash":"35efedf6191108c1b41f9cc648ba658a","hostname":"c97c8de0b337"}, 2026-05-18 19:22:53, ?, query, a1cfa61e-968c-40ed-a477-12c2b608e150), (a1cfa61e-971c-4708-a514-ec8c729ea745, {"ip_address":"172.18.0.1","uri":"\/api\/dashboard","method":"GET","controller_action":"App\\Http\\Controllers\\DashboardController@index","middleware":["api","auth"],"headers":{"accept-language":"es-ES,es;q=0.9,en;q=0.8","accept-encoding":"gzip, deflate, br, zstd","referer":"http:\/\/localhost:5173\/","sec-fetch-dest":"empty","sec-fetch-mode":"cors","sec-fetch-site":"cross-site","origin":"http:\/\/localhost:5173","sec-ch-ua-mobile":"?0","sec-ch-ua":"\"Opera\";v=\"131\", \"Not.A\/Brand\";v=\"8\", \"Chromium\";v=\"147\"","accept":"application\/json, text\/plain, *\/*","user-agent":"Mozilla\/5.0 (X11; Linux x86_64) AppleWebKit\/537.36 (KHTML, like Gecko) Chrome\/147.0.0.0 Safari\/537.36 OPR\/131.0.0.0","authorization":"********","sec-ch-ua-platform":"\"Linux\"","connection":"keep-alive","host":"127.0.0.1:8000"},"payload":{"auth_user_id":1},"session":[],"response_headers":{"cache-control":"no-cache, private","date":"Mon, 18 May 2026 19:22:53 GMT","content-type":"application\/json","access-control-allow-origin":"http:\/\/localhost:5173","vary":"Origin","access-control-allow-credentials":"true"},"response_status":200,"response":{"products_count":10000,"low_stock_count":475,"movements_in_month":813,"movements_out_month":850},"duration":36,"memory":2,"hostname":"c97c8de0b337"}, 2026-05-18 19:22:53, ?, request, a1cfa61e-96ce-4a17-ab91-fe2c3ec1e13c)) {"exception":"[object] (Illuminate\\Database\\QueryException(code: 42S02): SQLSTATE[42S02]: Base table or view not found: 1146 Table 'legacy_products.telescope_entries' doesn't exist (Connection: mysql, SQL: insert into `telescope_entries` (`batch_id`, `content`, `created_at`, `family_hash`, `type`, `uuid`) values (a1cfa61e-971c-4708-a514-ec8c729ea745, {\"connection\":\"mysql\",\"driver\":\"mysql\",\"bindings\":[],\"sql\":\"select * from `users` where `api_token` = 'PbhX86IrQLw6GTrEac7zoc9yQUnA6Jwatvg2ACU28v2P1xRBGWiscmRHgZ9t' limit 1\",\"time\":\"2.02\",\"slow\":false,\"file\":\"\\/var\\/www\\/html\\/backend-legacy-laravel8\\/app\\/Http\\/Middleware\\/LegacyTokenAuth.php\",\"line\":19,\"hash\":\"7cfc27a5e905bab571f9c2024c9119ba\",\"hostname\":\"c97c8de0b337\"}, 2026-05-18 19:22:53, ?, query, a1cfa61e-8db0-4833-9a73-a3a742d6c641), (a1cfa61e-971c-4708-a514-ec8c729ea745, {\"connection\":\"mysql\",\"driver\":\"mysql\",\"bindings\":[],\"sql\":\"select count(*) as aggregate from `products`\",\"time\":\"2.75\",\"slow\":false,\"file\":\"\\/var\\/www\\/html\\/backend-legacy-laravel8\\/app\\/Http\\/Controllers\\/DashboardController.php\",\"line\":13,\"hash\":\"bcfaa4c155971c5b06ea2dfa765a5c2b\",\"hostname\":\"c97c8de0b337\"}, 2026-05-18 19:22:53, ?, query, a1cfa61e-8efa-4fe5-a3aa-260198ad9939), (a1cfa61e-971c-4708-a514-ec8c729ea745, {\"connection\":\"mysql\",\"driver\":\"mysql\",\"bindings\":[],\"sql\":\"select count(*) as aggregate from `products` where `stock` < 10\",\"time\":\"2.74\",\"slow\":false,\"file\":\"\\/var\\/www\\/html\\/backend-legacy-laravel8\\/app\\/Http\\/Controllers\\/DashboardController.php\",\"line\":14,\"hash\":\"171a5dd79b569b34dd7f06e0dcf4f4d1\",\"hostname\":\"c97c8de0b337\"}, 2026-05-18 19:22:53, ?, query, a1cfa61e-9035-4f4e-acdd-ecbb881bb6fe), (a1cfa61e-971c-4708-a514-ec8c729ea745, {\"connection\":\"mysql\",\"driver\":\"mysql\",\"bindings\":[],\"sql\":\"select count(*) as aggregate from `stock_movements` where `type` = 'entrada' and month(`created_at`) = '05' and year(`created_at`) = 2026\",\"time\":\"7.58\",\"slow\":false,\"file\":\"\\/var\\/www\\/html\\/backend-legacy-laravel8\\/app\\/Http\\/Controllers\\/DashboardController.php\",\"line\":19,\"hash\":\"35efedf6191108c1b41f9cc648ba658a\",\"hostname\":\"c97c8de0b337\"}, 2026-05-18 19:22:53, ?, query, a1cfa61e-93bd-4d4b-8e89-a1efb643693f), (a1cfa61e-971c-4708-a514-ec8c729ea745, {\"connection\":\"mysql\",\"driver\":\"mysql\",\"bindings\":[],\"sql\":\"select count(*) as aggregate from `stock_movements` where `type` = 'salida' and month(`created_at`) = '05' and year(`created_at`) = 2026\",\"time\":\"6.78\",\"slow\":false,\"file\":\"\\/var\\/www\\/html\\/backend-legacy-laravel8\\/app\\/Http\\/Controllers\\/DashboardController.php\",\"line\":24,\"hash\":\"35efedf6191108c1b41f9cc648ba658a\",\"hostname\":\"c97c8de0b337\"}, 2026-05-18 19:22:53, ?, query, a1cfa61e-968c-40ed-a477-12c2b608e150), (a1cfa61e-971c-4708-a514-ec8c729ea745, {\"ip_address\":\"172.18.0.1\",\"uri\":\"\\/api\\/dashboard\",\"method\":\"GET\",\"controller_action\":\"App\\\\Http\\\\Controllers\\\\DashboardController@index\",\"middleware\":[\"api\",\"auth\"],\"headers\":{\"accept-language\":\"es-ES,es;q=0.9,en;q=0.8\",\"accept-encoding\":\"gzip, deflate, br, zstd\",\"referer\":\"http:\\/\\/localhost:5173\\/\",\"sec-fetch-dest\":\"empty\",\"sec-fetch-mode\":\"cors\",\"sec-fetch-site\":\"cross-site\",\"origin\":\"http:\\/\\/localhost:5173\",\"sec-ch-ua-mobile\":\"?0\",\"sec-ch-ua\":\"\\\"Opera\\\";v=\\\"131\\\", \\\"Not.A\\/Brand\\\";v=\\\"8\\\", \\\"Chromium\\\";v=\\\"147\\\"\",\"accept\":\"application\\/json, text\\/plain, *\\/*\",\"user-agent\":\"Mozilla\\/5.0 (X11; Linux x86_64) AppleWebKit\\/537.36 (KHTML, like Gecko) Chrome\\/147.0.0.0 Safari\\/537.36 OPR\\/131.0.0.0\",\"authorization\":\"********\",\"sec-ch-ua-platform\":\"\\\"Linux\\\"\",\"connection\":\"keep-alive\",\"host\":\"127.0.0.1:8000\"},\"payload\":{\"auth_user_id\":1},\"session\":[],\"response_headers\":{\"cache-control\":\"no-cache, private\",\"date\":\"Mon, 18 May 2026 19:22:53 GMT\",\"content-type\":\"application\\/json\",\"access-control-allow-origin\":\"http:\\/\\/localhost:5173\",\"vary\":\"Origin\",\"access-control-allow-credentials\":\"true\"},\"response_status\":200,\"response\":{\"products_count\":10000,\"low_stock_count\":475,\"movements_in_month\":813,\"movements_out_month\":850},\"duration\":36,\"memory\":2,\"hostname\":\"c97c8de0b337\"}, 2026-05-18 19:22:53, ?, request, a1cfa61e-96ce-4a17-ab91-fe2c3ec1e13c)) at /var/www/html/backend-legacy-laravel8/vendor/laravel/framework/src/Illuminate/Database/Connection.php:825)
[stacktrace]
#0 /var/www/html/backend-legacy-laravel8/vendor/laravel/framework/src/Illuminate/Database/Connection.php(779): Illuminate\\Database\\Connection->runQueryCallback('insert into `te...', Array, Object(Closure))
#1 /var/www/html/backend-legacy-laravel8/vendor/laravel/framework/src/Illuminate/Database/MySqlConnection.php(42): Illuminate\\Database\\Connection->run('insert into `te...', Array, Object(Closure))
#2 /var/www/html/backend-legacy-laravel8/vendor/laravel/framework/src/Illuminate/Database/Query/Builder.php(3717): Illuminate\\Database\\MySqlConnection->insert('insert into `te...', Array)
#3 /var/www/html/backend-legacy-laravel8/vendor/laravel/telescope/src/Storage/DatabaseEntriesRepository.php(145): Illuminate\\Database\\Query\\Builder->insert(Array)
#4 /var/www/html/backend-legacy-laravel8/vendor/laravel/framework/src/Illuminate/Collections/Traits/EnumeratesValues.php(261): Laravel\\Telescope\\Storage\\DatabaseEntriesRepository->Laravel\\Telescope\\Storage\\{closure}(Object(Illuminate\\Support\\Collection), 0)
#5 /var/www/html/backend-legacy-laravel8/vendor/laravel/telescope/src/Storage/DatabaseEntriesRepository.php(144): Illuminate\\Support\\Collection->each(Object(Closure))
#6 /var/www/html/backend-legacy-laravel8/vendor/laravel/telescope/src/Telescope.php(664): Laravel\\Telescope\\Storage\\DatabaseEntriesRepository->store(Object(Illuminate\\Support\\Collection))
#7 [internal function]: Laravel\\Telescope\\Telescope::Laravel\\Telescope\\{closure}()
#8 /var/www/html/backend-legacy-laravel8/vendor/laravel/telescope/src/Telescope.php(289): call_user_func(Object(Closure))
#9 /var/www/html/backend-legacy-laravel8/vendor/laravel/telescope/src/Telescope.php(656): Laravel\\Telescope\\Telescope::withoutRecording(Object(Closure))
#10 /var/www/html/backend-legacy-laravel8/vendor/laravel/telescope/src/ListensForStorageOpportunities.php(65): Laravel\\Telescope\\Telescope::store(Object(Laravel\\Telescope\\Storage\\DatabaseEntriesRepository))
#11 /var/www/html/backend-legacy-laravel8/vendor/laravel/framework/src/Illuminate/Container/BoundMethod.php(36): Laravel\\Telescope\\Telescope::Laravel\\Telescope\\{closure}()
#12 /var/www/html/backend-legacy-laravel8/vendor/laravel/framework/src/Illuminate/Container/Util.php(43): Illuminate\\Container\\BoundMethod::Illuminate\\Container\\{closure}()
#13 /var/www/html/backend-legacy-laravel8/vendor/laravel/framework/src/Illuminate/Container/BoundMethod.php(83): Illuminate\\Container\\Util::unwrapIfClosure(Object(Closure))
#14 /var/www/html/backend-legacy-laravel8/vendor/laravel/framework/src/Illuminate/Container/BoundMethod.php(35): Illuminate\\Container\\BoundMethod::callBoundMethod(Object(Illuminate\\Foundation\\Application), Object(Closure), Object(Closure))
#15 /var/www/html/backend-legacy-laravel8/vendor/laravel/framework/src/Illuminate/Container/Container.php(696): Illuminate\\Container\\BoundMethod::call(Object(Illuminate\\Foundation\\Application), Object(Closure), Array, NULL)
#16 /var/www/html/backend-legacy-laravel8/vendor/laravel/framework/src/Illuminate/Foundation/Application.php(1452): Illuminate\\Container\\Container->call(Object(Closure))
#17 /var/www/html/backend-legacy-laravel8/vendor/laravel/framework/src/Illuminate/Foundation/Http/Kernel.php(218): Illuminate\\Foundation\\Application->terminate()
#18 /var/www/html/backend-legacy-laravel8/public/index.php(15): Illuminate\\Foundation\\Http\\Kernel->terminate(Object(Illuminate\\Http\\Request), Object(Illuminate\\Http\\JsonResponse))
#19 {main}

[previous exception] [object] (PDOException(code: 42S02): SQLSTATE[42S02]: Base table or view not found: 1146 Table 'legacy_products.telescope_entries' doesn't exist at /var/www/html/backend-legacy-laravel8/vendor/laravel/framework/src/Illuminate/Database/MySqlConnection.php:47)
[stacktrace]
#0 /var/www/html/backend-legacy-laravel8/vendor/laravel/framework/src/Illuminate/Database/MySqlConnection.php(47): PDO->prepare('insert into `te...')
#1 /var/www/html/backend-legacy-laravel8/vendor/laravel/framework/src/Illuminate/Database/Connection.php(812): Illuminate\\Database\\MySqlConnection->Illuminate\\Database\\{closure}('insert into `te...', Array)
#2 /var/www/html/backend-legacy-laravel8/vendor/laravel/framework/src/Illuminate/Database/Connection.php(779): Illuminate\\Database\\Connection->runQueryCallback('insert into `te...', Array, Object(Closure))
#3 /var/www/html/backend-legacy-laravel8/vendor/laravel/framework/src/Illuminate/Database/MySqlConnection.php(42): Illuminate\\Database\\Connection->run('insert into `te...', Array, Object(Closure))
#4 /var/www/html/backend-legacy-laravel8/vendor/laravel/framework/src/Illuminate/Database/Query/Builder.php(3717): Illuminate\\Database\\MySqlConnection->insert('insert into `te...', Array)
#5 /var/www/html/backend-legacy-laravel8/vendor/laravel/telescope/src/Storage/DatabaseEntriesRepository.php(145): Illuminate\\Database\\Query\\Builder->insert(Array)
#6 /var/www/html/backend-legacy-laravel8/vendor/laravel/framework/src/Illuminate/Collections/Traits/EnumeratesValues.php(261): Laravel\\Telescope\\Storage\\DatabaseEntriesRepository->Laravel\\Telescope\\Storage\\{closure}(Object(Illuminate\\Support\\Collection), 0)
#7 /var/www/html/backend-legacy-laravel8/vendor/laravel/telescope/src/Storage/DatabaseEntriesRepository.php(144): Illuminate\\Support\\Collection->each(Object(Closure))
#8 /var/www/html/backend-legacy-laravel8/vendor/laravel/telescope/src/Telescope.php(664): Laravel\\Telescope\\Storage\\DatabaseEntriesRepository->store(Object(Illuminate\\Support\\Collection))
#9 [internal function]: Laravel\\Telescope\\Telescope::Laravel\\Telescope\\{closure}()
#10 /var/www/html/backend-legacy-laravel8/vendor/laravel/telescope/src/Telescope.php(289): call_user_func(Object(Closure))
#11 /var/www/html/backend-legacy-laravel8/vendor/laravel/telescope/src/Telescope.php(656): Laravel\\Telescope\\Telescope::withoutRecording(Object(Closure))
#12 /var/www/html/backend-legacy-laravel8/vendor/laravel/telescope/src/ListensForStorageOpportunities.php(65): Laravel\\Telescope\\Telescope::store(Object(Laravel\\Telescope\\Storage\\DatabaseEntriesRepository))
#13 /var/www/html/backend-legacy-laravel8/vendor/laravel/framework/src/Illuminate/Container/BoundMethod.php(36): Laravel\\Telescope\\Telescope::Laravel\\Telescope\\{closure}()
#14 /var/www/html/backend-legacy-laravel8/vendor/laravel/framework/src/Illuminate/Container/Util.php(43): Illuminate\\Container\\BoundMethod::Illuminate\\Container\\{closure}()
#15 /var/www/html/backend-legacy-laravel8/vendor/laravel/framework/src/Illuminate/Container/BoundMethod.php(83): Illuminate\\Container\\Util::unwrapIfClosure(Object(Closure))
#16 /var/www/html/backend-legacy-laravel8/vendor/laravel/framework/src/Illuminate/Container/BoundMethod.php(35): Illuminate\\Container\\BoundMethod::callBoundMethod(Object(Illuminate\\Foundation\\Application), Object(Closure), Object(Closure))
#17 /var/www/html/backend-legacy-laravel8/vendor/laravel/framework/src/Illuminate/Container/Container.php(696): Illuminate\\Container\\BoundMethod::call(Object(Illuminate\\Foundation\\Application), Object(Closure), Array, NULL)
#18 /var/www/html/backend-legacy-laravel8/vendor/laravel/framework/src/Illuminate/Foundation/Application.php(1452): Illuminate\\Container\\Container->call(Object(Closure))
#19 /var/www/html/backend-legacy-laravel8/vendor/laravel/framework/src/Illuminate/Foundation/Http/Kernel.php(218): Illuminate\\Foundation\\Application->terminate()
#20 /var/www/html/backend-legacy-laravel8/public/index.php(15): Illuminate\\Foundation\\Http\\Kernel->terminate(Object(Illuminate\\Http\\Request), Object(Illuminate\\Http\\JsonResponse))
#21 {main}
"} 
[2026-05-18 19:22:56] local.ERROR: SQLSTATE[42S02]: Base table or view not found: 1146 Table 'legacy_products.telescope_entries' doesn't exist (Connection: mysql, SQL: insert into `telescope_entries` (`batch_id`, `content`, `created_at`, `family_hash`, `type`, `uuid`) values (a1cfa624-3a12-428e-9cba-eee938a0b1c3, {"ip_address":"172.18.0.1","uri":"\/api\/categories?page=1&per_page=10&search=","method":"OPTIONS","controller_action":null,"middleware":[],"headers":{"accept-language":"es-ES,es;q=0.9,en;q=0.8","accept-encoding":"gzip, deflate, br, zstd","referer":"http:\/\/localhost:5173\/","sec-fetch-dest":"empty","sec-fetch-site":"cross-site","sec-fetch-mode":"cors","user-agent":"Mozilla\/5.0 (X11; Linux x86_64) AppleWebKit\/537.36 (KHTML, like Gecko) Chrome\/147.0.0.0 Safari\/537.36 OPR\/131.0.0.0","origin":"http:\/\/localhost:5173","access-control-request-headers":"authorization","access-control-request-method":"GET","accept":"*\/*","connection":"keep-alive","host":"127.0.0.1:8000"},"payload":{"search":"","page":"1","per_page":"10"},"session":[],"response_headers":{"cache-control":"no-cache, private","date":"Mon, 18 May 2026 19:22:56 GMT","access-control-allow-origin":"http:\/\/localhost:5173","vary":"Origin, Access-Control-Request-Method, Access-Control-Request-Headers","access-control-allow-credentials":"true","access-control-allow-methods":"GET","access-control-allow-headers":"authorization","access-control-max-age":"0"},"response_status":204,"response":"Empty Response","duration":12,"memory":2,"hostname":"c97c8de0b337"}, 2026-05-18 19:22:56, ?, request, a1cfa624-398e-421f-9cfc-8765d3f33d1b)) {"exception":"[object] (Illuminate\\Database\\QueryException(code: 42S02): SQLSTATE[42S02]: Base table or view not found: 1146 Table 'legacy_products.telescope_entries' doesn't exist (Connection: mysql, SQL: insert into `telescope_entries` (`batch_id`, `content`, `created_at`, `family_hash`, `type`, `uuid`) values (a1cfa624-3a12-428e-9cba-eee938a0b1c3, {\"ip_address\":\"172.18.0.1\",\"uri\":\"\\/api\\/categories?page=1&per_page=10&search=\",\"method\":\"OPTIONS\",\"controller_action\":null,\"middleware\":[],\"headers\":{\"accept-language\":\"es-ES,es;q=0.9,en;q=0.8\",\"accept-encoding\":\"gzip, deflate, br, zstd\",\"referer\":\"http:\\/\\/localhost:5173\\/\",\"sec-fetch-dest\":\"empty\",\"sec-fetch-site\":\"cross-site\",\"sec-fetch-mode\":\"cors\",\"user-agent\":\"Mozilla\\/5.0 (X11; Linux x86_64) AppleWebKit\\/537.36 (KHTML, like Gecko) Chrome\\/147.0.0.0 Safari\\/537.36 OPR\\/131.0.0.0\",\"origin\":\"http:\\/\\/localhost:5173\",\"access-control-request-headers\":\"authorization\",\"access-control-request-method\":\"GET\",\"accept\":\"*\\/*\",\"connection\":\"keep-alive\",\"host\":\"127.0.0.1:8000\"},\"payload\":{\"search\":\"\",\"page\":\"1\",\"per_page\":\"10\"},\"session\":[],\"response_headers\":{\"cache-control\":\"no-cache, private\",\"date\":\"Mon, 18 May 2026 19:22:56 GMT\",\"access-control-allow-origin\":\"http:\\/\\/localhost:5173\",\"vary\":\"Origin, Access-Control-Request-Method, Access-Control-Request-Headers\",\"access-control-allow-credentials\":\"true\",\"access-control-allow-methods\":\"GET\",\"access-control-allow-headers\":\"authorization\",\"access-control-max-age\":\"0\"},\"response_status\":204,\"response\":\"Empty Response\",\"duration\":12,\"memory\":2,\"hostname\":\"c97c8de0b337\"}, 2026-05-18 19:22:56, ?, request, a1cfa624-398e-421f-9cfc-8765d3f33d1b)) at /var/www/html/backend-legacy-laravel8/vendor/laravel/framework/src/Illuminate/Database/Connection.php:825)
[stacktrace]
#0 /var/www/html/backend-legacy-laravel8/vendor/laravel/framework/src/Illuminate/Database/Connection.php(779): Illuminate\\Database\\Connection->runQueryCallback('insert into `te...', Array, Object(Closure))
#1 /var/www/html/backend-legacy-laravel8/vendor/laravel/framework/src/Illuminate/Database/MySqlConnection.php(42): Illuminate\\Database\\Connection->run('insert into `te...', Array, Object(Closure))
#2 /var/www/html/backend-legacy-laravel8/vendor/laravel/framework/src/Illuminate/Database/Query/Builder.php(3717): Illuminate\\Database\\MySqlConnection->insert('insert into `te...', Array)
#3 /var/www/html/backend-legacy-laravel8/vendor/laravel/telescope/src/Storage/DatabaseEntriesRepository.php(145): Illuminate\\Database\\Query\\Builder->insert(Array)
#4 /var/www/html/backend-legacy-laravel8/vendor/laravel/framework/src/Illuminate/Collections/Traits/EnumeratesValues.php(261): Laravel\\Telescope\\Storage\\DatabaseEntriesRepository->Laravel\\Telescope\\Storage\\{closure}(Object(Illuminate\\Support\\Collection), 0)
#5 /var/www/html/backend-legacy-laravel8/vendor/laravel/telescope/src/Storage/DatabaseEntriesRepository.php(144): Illuminate\\Support\\Collection->each(Object(Closure))
#6 /var/www/html/backend-legacy-laravel8/vendor/laravel/telescope/src/Telescope.php(664): Laravel\\Telescope\\Storage\\DatabaseEntriesRepository->store(Object(Illuminate\\Support\\Collection))
#7 [internal function]: Laravel\\Telescope\\Telescope::Laravel\\Telescope\\{closure}()
#8 /var/www/html/backend-legacy-laravel8/vendor/laravel/telescope/src/Telescope.php(289): call_user_func(Object(Closure))
#9 /var/www/html/backend-legacy-laravel8/vendor/laravel/telescope/src/Telescope.php(656): Laravel\\Telescope\\Telescope::withoutRecording(Object(Closure))
#10 /var/www/html/backend-legacy-laravel8/vendor/laravel/telescope/src/ListensForStorageOpportunities.php(65): Laravel\\Telescope\\Telescope::store(Object(Laravel\\Telescope\\Storage\\DatabaseEntriesRepository))
#11 /var/www/html/backend-legacy-laravel8/vendor/laravel/framework/src/Illuminate/Container/BoundMethod.php(36): Laravel\\Telescope\\Telescope::Laravel\\Telescope\\{closure}()
#12 /var/www/html/backend-legacy-laravel8/vendor/laravel/framework/src/Illuminate/Container/Util.php(43): Illuminate\\Container\\BoundMethod::Illuminate\\Container\\{closure}()
#13 /var/www/html/backend-legacy-laravel8/vendor/laravel/framework/src/Illuminate/Container/BoundMethod.php(83): Illuminate\\Container\\Util::unwrapIfClosure(Object(Closure))
#14 /var/www/html/backend-legacy-laravel8/vendor/laravel/framework/src/Illuminate/Container/BoundMethod.php(35): Illuminate\\Container\\BoundMethod::callBoundMethod(Object(Illuminate\\Foundation\\Application), Object(Closure), Object(Closure))
#15 /var/www/html/backend-legacy-laravel8/vendor/laravel/framework/src/Illuminate/Container/Container.php(696): Illuminate\\Container\\BoundMethod::call(Object(Illuminate\\Foundation\\Application), Object(Closure), Array, NULL)
#16 /var/www/html/backend-legacy-laravel8/vendor/laravel/framework/src/Illuminate/Foundation/Application.php(1452): Illuminate\\Container\\Container->call(Object(Closure))
#17 /var/www/html/backend-legacy-laravel8/vendor/laravel/framework/src/Illuminate/Foundation/Http/Kernel.php(218): Illuminate\\Foundation\\Application->terminate()
#18 /var/www/html/backend-legacy-laravel8/public/index.php(15): Illuminate\\Foundation\\Http\\Kernel->terminate(Object(Illuminate\\Http\\Request), Object(Symfony\\Component\\HttpFoundation\\Response))
#19 {main}

[previous exception] [object] (PDOException(code: 42S02): SQLSTATE[42S02]: Base table or view not found: 1146 Table 'legacy_products.telescope_entries' doesn't exist at /var/www/html/backend-legacy-laravel8/vendor/laravel/framework/src/Illuminate/Database/MySqlConnection.php:47)
[stacktrace]
#0 /var/www/html/backend-legacy-laravel8/vendor/laravel/framework/src/Illuminate/Database/MySqlConnection.php(47): PDO->prepare('insert into `te...')
#1 /var/www/html/backend-legacy-laravel8/vendor/laravel/framework/src/Illuminate/Database/Connection.php(812): Illuminate\\Database\\MySqlConnection->Illuminate\\Database\\{closure}('insert into `te...', Array)
#2 /var/www/html/backend-legacy-laravel8/vendor/laravel/framework/src/Illuminate/Database/Connection.php(779): Illuminate\\Database\\Connection->runQueryCallback('insert into `te...', Array, Object(Closure))
#3 /var/www/html/backend-legacy-laravel8/vendor/laravel/framework/src/Illuminate/Database/MySqlConnection.php(42): Illuminate\\Database\\Connection->run('insert into `te...', Array, Object(Closure))
#4 /var/www/html/backend-legacy-laravel8/vendor/laravel/framework/src/Illuminate/Database/Query/Builder.php(3717): Illuminate\\Database\\MySqlConnection->insert('insert into `te...', Array)
#5 /var/www/html/backend-legacy-laravel8/vendor/laravel/telescope/src/Storage/DatabaseEntriesRepository.php(145): Illuminate\\Database\\Query\\Builder->insert(Array)
#6 /var/www/html/backend-legacy-laravel8/vendor/laravel/framework/src/Illuminate/Collections/Traits/EnumeratesValues.php(261): Laravel\\Telescope\\Storage\\DatabaseEntriesRepository->Laravel\\Telescope\\Storage\\{closure}(Object(Illuminate\\Support\\Collection), 0)
#7 /var/www/html/backend-legacy-laravel8/vendor/laravel/telescope/src/Storage/DatabaseEntriesRepository.php(144): Illuminate\\Support\\Collection->each(Object(Closure))
#8 /var/www/html/backend-legacy-laravel8/vendor/laravel/telescope/src/Telescope.php(664): Laravel\\Telescope\\Storage\\DatabaseEntriesRepository->store(Object(Illuminate\\Support\\Collection))
#9 [internal function]: Laravel\\Telescope\\Telescope::Laravel\\Telescope\\{closure}()
#10 /var/www/html/backend-legacy-laravel8/vendor/laravel/telescope/src/Telescope.php(289): call_user_func(Object(Closure))
#11 /var/www/html/backend-legacy-laravel8/vendor/laravel/telescope/src/Telescope.php(656): Laravel\\Telescope\\Telescope::withoutRecording(Object(Closure))
#12 /var/www/html/backend-legacy-laravel8/vendor/laravel/telescope/src/ListensForStorageOpportunities.php(65): Laravel\\Telescope\\Telescope::store(Object(Laravel\\Telescope\\Storage\\DatabaseEntriesRepository))
#13 /var/www/html/backend-legacy-laravel8/vendor/laravel/framework/src/Illuminate/Container/BoundMethod.php(36): Laravel\\Telescope\\Telescope::Laravel\\Telescope\\{closure}()
#14 /var/www/html/backend-legacy-laravel8/vendor/laravel/framework/src/Illuminate/Container/Util.php(43): Illuminate\\Container\\BoundMethod::Illuminate\\Container\\{closure}()
#15 /var/www/html/backend-legacy-laravel8/vendor/laravel/framework/src/Illuminate/Container/BoundMethod.php(83): Illuminate\\Container\\Util::unwrapIfClosure(Object(Closure))
#16 /var/www/html/backend-legacy-laravel8/vendor/laravel/framework/src/Illuminate/Container/BoundMethod.php(35): Illuminate\\Container\\BoundMethod::callBoundMethod(Object(Illuminate\\Foundation\\Application), Object(Closure), Object(Closure))
#17 /var/www/html/backend-legacy-laravel8/vendor/laravel/framework/src/Illuminate/Container/Container.php(696): Illuminate\\Container\\BoundMethod::call(Object(Illuminate\\Foundation\\Application), Object(Closure), Array, NULL)
#18 /var/www/html/backend-legacy-laravel8/vendor/laravel/framework/src/Illuminate/Foundation/Application.php(1452): Illuminate\\Container\\Container->call(Object(Closure))
#19 /var/www/html/backend-legacy-laravel8/vendor/laravel/framework/src/Illuminate/Foundation/Http/Kernel.php(218): Illuminate\\Foundation\\Application->terminate()
#20 /var/www/html/backend-legacy-laravel8/public/index.php(15): Illuminate\\Foundation\\Http\\Kernel->terminate(Object(Illuminate\\Http\\Request), Object(Symfony\\Component\\HttpFoundation\\Response))
#21 {main}
"} 
[2026-05-18 19:22:56] local.ERROR: SQLSTATE[42S02]: Base table or view not found: 1146 Table 'legacy_products.telescope_entries' doesn't exist (Connection: mysql, SQL: insert into `telescope_entries` (`batch_id`, `content`, `created_at`, `family_hash`, `type`, `uuid`) values (a1cfa624-477d-4592-8fc6-426830fc6e8e, {"connection":"mysql","driver":"mysql","bindings":[],"sql":"select * from `users` where `api_token` = 'PbhX86IrQLw6GTrEac7zoc9yQUnA6Jwatvg2ACU28v2P1xRBGWiscmRHgZ9t' limit 1","time":"3.99","slow":false,"file":"\/var\/www\/html\/backend-legacy-laravel8\/app\/Http\/Middleware\/LegacyTokenAuth.php","line":19,"hash":"7cfc27a5e905bab571f9c2024c9119ba","hostname":"c97c8de0b337"}, 2026-05-18 19:22:56, ?, query, a1cfa624-43a6-47fa-bb37-0b59876fa007), (a1cfa624-477d-4592-8fc6-426830fc6e8e, {"connection":"mysql","driver":"mysql","bindings":[],"sql":"select count(*) as aggregate from `categories`","time":"1.54","slow":false,"file":"\/var\/www\/html\/backend-legacy-laravel8\/app\/Services\/CategoryService.php","line":20,"hash":"e9e8c8e147366a96f2b9a9a91870ee32","hostname":"c97c8de0b337"}, 2026-05-18 19:22:56, ?, query, a1cfa624-456e-44af-ad75-57ddf0e9b6d9), (a1cfa624-477d-4592-8fc6-426830fc6e8e, {"connection":"mysql","driver":"mysql","bindings":[],"sql":"select * from `categories` order by `created_at` desc limit 10 offset 0","time":"0.86","slow":false,"file":"\/var\/www\/html\/backend-legacy-laravel8\/app\/Services\/CategoryService.php","line":20,"hash":"d08bf1c817df8fddef656744dff9093a","hostname":"c97c8de0b337"}, 2026-05-18 19:22:56, ?, query, a1cfa624-4600-474f-b2f7-913dad1e56eb), (a1cfa624-477d-4592-8fc6-426830fc6e8e, {"action":"retrieved","model":"App\\Models\\Category","count":10,"hostname":"c97c8de0b337"}, 2026-05-18 19:22:56, ?, model, a1cfa624-462a-4f40-bc47-3c6c2d39eb5f), (a1cfa624-477d-4592-8fc6-426830fc6e8e, {"ip_address":"172.18.0.1","uri":"\/api\/categories?page=1&per_page=10&search=","method":"GET","controller_action":"App\\Http\\Controllers\\CategoryController@index","middleware":["api","auth"],"headers":{"accept-language":"es-ES,es;q=0.9,en;q=0.8","accept-encoding":"gzip, deflate, br, zstd","referer":"http:\/\/localhost:5173\/","sec-fetch-dest":"empty","sec-fetch-mode":"cors","sec-fetch-site":"cross-site","origin":"http:\/\/localhost:5173","sec-ch-ua-mobile":"?0","sec-ch-ua":"\"Opera\";v=\"131\", \"Not.A\/Brand\";v=\"8\", \"Chromium\";v=\"147\"","accept":"application\/json, text\/plain, *\/*","user-agent":"Mozilla\/5.0 (X11; Linux x86_64) AppleWebKit\/537.36 (KHTML, like Gecko) Chrome\/147.0.0.0 Safari\/537.36 OPR\/131.0.0.0","authorization":"********","sec-ch-ua-platform":"\"Linux\"","connection":"keep-alive","host":"127.0.0.1:8000"},"payload":{"search":null,"page":"1","per_page":"10","auth_user_id":1},"session":[],"response_headers":{"cache-control":"no-cache, private","date":"Mon, 18 May 2026 19:22:56 GMT","content-type":"application\/json","access-control-allow-origin":"http:\/\/localhost:5173","vary":"Origin","access-control-allow-credentials":"true"},"response_status":200,"response":{"data":[{"id":70,"name":"Categoria 70","description":"Descripci\u00f3n de categor\u00eda 70","status":0,"created_at":"2026-05-18 19:22:27","updated_at":"2026-05-18 19:22:27"},{"id":64,"name":"Categoria 64","description":"Descripci\u00f3n de categor\u00eda 64","status":1,"created_at":"2026-05-18 19:22:27","updated_at":"2026-05-18 19:22:27"},{"id":65,"name":"Categoria 65","description":"Descripci\u00f3n de categor\u00eda 65","status":1,"created_at":"2026-05-18 19:22:27","updated_at":"2026-05-18 19:22:27"},{"id":66,"name":"Categoria 66","description":"Descripci\u00f3n de categor\u00eda 66","status":1,"created_at":"2026-05-18 19:22:27","updated_at":"2026-05-18 19:22:27"},{"id":67,"name":"Categoria 67","description":"Descripci\u00f3n de categor\u00eda 67","status":1,"created_at":"2026-05-18 19:22:27","updated_at":"2026-05-18 19:22:27"},{"id":68,"name":"Categoria 68","description":"Descripci\u00f3n de categor\u00eda 68","status":1,"created_at":"2026-05-18 19:22:27","updated_at":"2026-05-18 19:22:27"},{"id":69,"name":"Categoria 69","description":"Descripci\u00f3n de categor\u00eda 69","status":1,"created_at":"2026-05-18 19:22:27","updated_at":"2026-05-18 19:22:27"},{"id":73,"name":"Categoria 73","description":"Descripci\u00f3n de categor\u00eda 73","status":1,"created_at":"2026-05-18 19:22:27","updated_at":"2026-05-18 19:22:27"},{"id":75,"name":"Categoria 75","description":"Descripci\u00f3n de categor\u00eda 75","status":1,"created_at":"2026-05-18 19:22:27","updated_at":"2026-05-18 19:22:27"},{"id":74,"name":"Categoria 74","description":"Descripci\u00f3n de categor\u00eda 74","status":1,"created_at":"2026-05-18 19:22:27","updated_at":"2026-05-18 19:22:27"}],"links":{"first":"http:\/\/127.0.0.1:8000\/api\/categories?page=1","last":"http:\/\/127.0.0.1:8000\/api\/categories?page=10","prev":null,"next":"http:\/\/127.0.0.1:8000\/api\/categories?page=2"},"meta":{"current_page":1,"from":1,"last_page":10,"links":[{"url":null,"label":"&laquo; Previous","active":false},{"url":"http:\/\/127.0.0.1:8000\/api\/categories?page=1","label":"1","active":true},{"url":"http:\/\/127.0.0.1:8000\/api\/categories?page=2","label":"2","active":false},{"url":"http:\/\/127.0.0.1:8000\/api\/categories?page=3","label":"3","active":false},{"url":"http:\/\/127.0.0.1:8000\/api\/categories?page=4","label":"4","active":false},{"url":"http:\/\/127.0.0.1:8000\/api\/categories?page=5","label":"5","active":false},{"url":"http:\/\/127.0.0.1:8000\/api\/categories?page=6","label":"6","active":false},{"url":"http:\/\/127.0.0.1:8000\/api\/categories?page=7","label":"7","active":false},{"url":"http:\/\/127.0.0.1:8000\/api\/categories?page=8","label":"8","active":false},{"url":"http:\/\/127.0.0.1:8000\/api\/categories?page=9","label":"9","active":false},{"url":"http:\/\/127.0.0.1:8000\/api\/categories?page=10","label":"10","active":false},{"url":"http:\/\/127.0.0.1:8000\/api\/categories?page=2","label":"Next &raquo;","active":false}],"path":"http:\/\/127.0.0.1:8000\/api\/categories","per_page":10,"to":10,"total":100}},"duration":30,"memory":2,"hostname":"c97c8de0b337"}, 2026-05-18 19:22:56, ?, request, a1cfa624-4723-46b4-a47c-532842681b99)) {"exception":"[object] (Illuminate\\Database\\QueryException(code: 42S02): SQLSTATE[42S02]: Base table or view not found: 1146 Table 'legacy_products.telescope_entries' doesn't exist (Connection: mysql, SQL: insert into `telescope_entries` (`batch_id`, `content`, `created_at`, `family_hash`, `type`, `uuid`) values (a1cfa624-477d-4592-8fc6-426830fc6e8e, {\"connection\":\"mysql\",\"driver\":\"mysql\",\"bindings\":[],\"sql\":\"select * from `users` where `api_token` = 'PbhX86IrQLw6GTrEac7zoc9yQUnA6Jwatvg2ACU28v2P1xRBGWiscmRHgZ9t' limit 1\",\"time\":\"3.99\",\"slow\":false,\"file\":\"\\/var\\/www\\/html\\/backend-legacy-laravel8\\/app\\/Http\\/Middleware\\/LegacyTokenAuth.php\",\"line\":19,\"hash\":\"7cfc27a5e905bab571f9c2024c9119ba\",\"hostname\":\"c97c8de0b337\"}, 2026-05-18 19:22:56, ?, query, a1cfa624-43a6-47fa-bb37-0b59876fa007), (a1cfa624-477d-4592-8fc6-426830fc6e8e, {\"connection\":\"mysql\",\"driver\":\"mysql\",\"bindings\":[],\"sql\":\"select count(*) as aggregate from `categories`\",\"time\":\"1.54\",\"slow\":false,\"file\":\"\\/var\\/www\\/html\\/backend-legacy-laravel8\\/app\\/Services\\/CategoryService.php\",\"line\":20,\"hash\":\"e9e8c8e147366a96f2b9a9a91870ee32\",\"hostname\":\"c97c8de0b337\"}, 2026-05-18 19:22:56, ?, query, a1cfa624-456e-44af-ad75-57ddf0e9b6d9), (a1cfa624-477d-4592-8fc6-426830fc6e8e, {\"connection\":\"mysql\",\"driver\":\"mysql\",\"bindings\":[],\"sql\":\"select * from `categories` order by `created_at` desc limit 10 offset 0\",\"time\":\"0.86\",\"slow\":false,\"file\":\"\\/var\\/www\\/html\\/backend-legacy-laravel8\\/app\\/Services\\/CategoryService.php\",\"line\":20,\"hash\":\"d08bf1c817df8fddef656744dff9093a\",\"hostname\":\"c97c8de0b337\"}, 2026-05-18 19:22:56, ?, query, a1cfa624-4600-474f-b2f7-913dad1e56eb), (a1cfa624-477d-4592-8fc6-426830fc6e8e, {\"action\":\"retrieved\",\"model\":\"App\\\\Models\\\\Category\",\"count\":10,\"hostname\":\"c97c8de0b337\"}, 2026-05-18 19:22:56, ?, model, a1cfa624-462a-4f40-bc47-3c6c2d39eb5f), (a1cfa624-477d-4592-8fc6-426830fc6e8e, {\"ip_address\":\"172.18.0.1\",\"uri\":\"\\/api\\/categories?page=1&per_page=10&search=\",\"method\":\"GET\",\"controller_action\":\"App\\\\Http\\\\Controllers\\\\CategoryController@index\",\"middleware\":[\"api\",\"auth\"],\"headers\":{\"accept-language\":\"es-ES,es;q=0.9,en;q=0.8\",\"accept-encoding\":\"gzip, deflate, br, zstd\",\"referer\":\"http:\\/\\/localhost:5173\\/\",\"sec-fetch-dest\":\"empty\",\"sec-fetch-mode\":\"cors\",\"sec-fetch-site\":\"cross-site\",\"origin\":\"http:\\/\\/localhost:5173\",\"sec-ch-ua-mobile\":\"?0\",\"sec-ch-ua\":\"\\\"Opera\\\";v=\\\"131\\\", \\\"Not.A\\/Brand\\\";v=\\\"8\\\", \\\"Chromium\\\";v=\\\"147\\\"\",\"accept\":\"application\\/json, text\\/plain, *\\/*\",\"user-agent\":\"Mozilla\\/5.0 (X11; Linux x86_64) AppleWebKit\\/537.36 (KHTML, like Gecko) Chrome\\/147.0.0.0 Safari\\/537.36 OPR\\/131.0.0.0\",\"authorization\":\"********\",\"sec-ch-ua-platform\":\"\\\"Linux\\\"\",\"connection\":\"keep-alive\",\"host\":\"127.0.0.1:8000\"},\"payload\":{\"search\":null,\"page\":\"1\",\"per_page\":\"10\",\"auth_user_id\":1},\"session\":[],\"response_headers\":{\"cache-control\":\"no-cache, private\",\"date\":\"Mon, 18 May 2026 19:22:56 GMT\",\"content-type\":\"application\\/json\",\"access-control-allow-origin\":\"http:\\/\\/localhost:5173\",\"vary\":\"Origin\",\"access-control-allow-credentials\":\"true\"},\"response_status\":200,\"response\":{\"data\":[{\"id\":70,\"name\":\"Categoria 70\",\"description\":\"Descripci\\u00f3n de categor\\u00eda 70\",\"status\":0,\"created_at\":\"2026-05-18 19:22:27\",\"updated_at\":\"2026-05-18 19:22:27\"},{\"id\":64,\"name\":\"Categoria 64\",\"description\":\"Descripci\\u00f3n de categor\\u00eda 64\",\"status\":1,\"created_at\":\"2026-05-18 19:22:27\",\"updated_at\":\"2026-05-18 19:22:27\"},{\"id\":65,\"name\":\"Categoria 65\",\"description\":\"Descripci\\u00f3n de categor\\u00eda 65\",\"status\":1,\"created_at\":\"2026-05-18 19:22:27\",\"updated_at\":\"2026-05-18 19:22:27\"},{\"id\":66,\"name\":\"Categoria 66\",\"description\":\"Descripci\\u00f3n de categor\\u00eda 66\",\"status\":1,\"created_at\":\"2026-05-18 19:22:27\",\"updated_at\":\"2026-05-18 19:22:27\"},{\"id\":67,\"name\":\"Categoria 67\",\"description\":\"Descripci\\u00f3n de categor\\u00eda 67\",\"status\":1,\"created_at\":\"2026-05-18 19:22:27\",\"updated_at\":\"2026-05-18 19:22:27\"},{\"id\":68,\"name\":\"Categoria 68\",\"description\":\"Descripci\\u00f3n de categor\\u00eda 68\",\"status\":1,\"created_at\":\"2026-05-18 19:22:27\",\"updated_at\":\"2026-05-18 19:22:27\"},{\"id\":69,\"name\":\"Categoria 69\",\"description\":\"Descripci\\u00f3n de categor\\u00eda 69\",\"status\":1,\"created_at\":\"2026-05-18 19:22:27\",\"updated_at\":\"2026-05-18 19:22:27\"},{\"id\":73,\"name\":\"Categoria 73\",\"description\":\"Descripci\\u00f3n de categor\\u00eda 73\",\"status\":1,\"created_at\":\"2026-05-18 19:22:27\",\"updated_at\":\"2026-05-18 19:22:27\"},{\"id\":75,\"name\":\"Categoria 75\",\"description\":\"Descripci\\u00f3n de categor\\u00eda 75\",\"status\":1,\"created_at\":\"2026-05-18 19:22:27\",\"updated_at\":\"2026-05-18 19:22:27\"},{\"id\":74,\"name\":\"Categoria 74\",\"description\":\"Descripci\\u00f3n de categor\\u00eda 74\",\"status\":1,\"created_at\":\"2026-05-18 19:22:27\",\"updated_at\":\"2026-05-18 19:22:27\"}],\"links\":{\"first\":\"http:\\/\\/127.0.0.1:8000\\/api\\/categories?page=1\",\"last\":\"http:\\/\\/127.0.0.1:8000\\/api\\/categories?page=10\",\"prev\":null,\"next\":\"http:\\/\\/127.0.0.1:8000\\/api\\/categories?page=2\"},\"meta\":{\"current_page\":1,\"from\":1,\"last_page\":10,\"links\":[{\"url\":null,\"label\":\"&laquo; Previous\",\"active\":false},{\"url\":\"http:\\/\\/127.0.0.1:8000\\/api\\/categories?page=1\",\"label\":\"1\",\"active\":true},{\"url\":\"http:\\/\\/127.0.0.1:8000\\/api\\/categories?page=2\",\"label\":\"2\",\"active\":false},{\"url\":\"http:\\/\\/127.0.0.1:8000\\/api\\/categories?page=3\",\"label\":\"3\",\"active\":false},{\"url\":\"http:\\/\\/127.0.0.1:8000\\/api\\/categories?page=4\",\"label\":\"4\",\"active\":false},{\"url\":\"http:\\/\\/127.0.0.1:8000\\/api\\/categories?page=5\",\"label\":\"5\",\"active\":false},{\"url\":\"http:\\/\\/127.0.0.1:8000\\/api\\/categories?page=6\",\"label\":\"6\",\"active\":false},{\"url\":\"http:\\/\\/127.0.0.1:8000\\/api\\/categories?page=7\",\"label\":\"7\",\"active\":false},{\"url\":\"http:\\/\\/127.0.0.1:8000\\/api\\/categories?page=8\",\"label\":\"8\",\"active\":false},{\"url\":\"http:\\/\\/127.0.0.1:8000\\/api\\/categories?page=9\",\"label\":\"9\",\"active\":false},{\"url\":\"http:\\/\\/127.0.0.1:8000\\/api\\/categories?page=10\",\"label\":\"10\",\"active\":false},{\"url\":\"http:\\/\\/127.0.0.1:8000\\/api\\/categories?page=2\",\"label\":\"Next &raquo;\",\"active\":false}],\"path\":\"http:\\/\\/127.0.0.1:8000\\/api\\/categories\",\"per_page\":10,\"to\":10,\"total\":100}},\"duration\":30,\"memory\":2,\"hostname\":\"c97c8de0b337\"}, 2026-05-18 19:22:56, ?, request, a1cfa624-4723-46b4-a47c-532842681b99)) at /var/www/html/backend-legacy-laravel8/vendor/laravel/framework/src/Illuminate/Database/Connection.php:825)
[stacktrace]
#0 /var/www/html/backend-legacy-laravel8/vendor/laravel/framework/src/Illuminate/Database/Connection.php(779): Illuminate\\Database\\Connection->runQueryCallback('insert into `te...', Array, Object(Closure))
#1 /var/www/html/backend-legacy-laravel8/vendor/laravel/framework/src/Illuminate/Database/MySqlConnection.php(42): Illuminate\\Database\\Connection->run('insert into `te...', Array, Object(Closure))
#2 /var/www/html/backend-legacy-laravel8/vendor/laravel/framework/src/Illuminate/Database/Query/Builder.php(3717): Illuminate\\Database\\MySqlConnection->insert('insert into `te...', Array)
#3 /var/www/html/backend-legacy-laravel8/vendor/laravel/telescope/src/Storage/DatabaseEntriesRepository.php(145): Illuminate\\Database\\Query\\Builder->insert(Array)
#4 /var/www/html/backend-legacy-laravel8/vendor/laravel/framework/src/Illuminate/Collections/Traits/EnumeratesValues.php(261): Laravel\\Telescope\\Storage\\DatabaseEntriesRepository->Laravel\\Telescope\\Storage\\{closure}(Object(Illuminate\\Support\\Collection), 0)
#5 /var/www/html/backend-legacy-laravel8/vendor/laravel/telescope/src/Storage/DatabaseEntriesRepository.php(144): Illuminate\\Support\\Collection->each(Object(Closure))
#6 /var/www/html/backend-legacy-laravel8/vendor/laravel/telescope/src/Telescope.php(664): Laravel\\Telescope\\Storage\\DatabaseEntriesRepository->store(Object(Illuminate\\Support\\Collection))
#7 [internal function]: Laravel\\Telescope\\Telescope::Laravel\\Telescope\\{closure}()
#8 /var/www/html/backend-legacy-laravel8/vendor/laravel/telescope/src/Telescope.php(289): call_user_func(Object(Closure))
#9 /var/www/html/backend-legacy-laravel8/vendor/laravel/telescope/src/Telescope.php(656): Laravel\\Telescope\\Telescope::withoutRecording(Object(Closure))
#10 /var/www/html/backend-legacy-laravel8/vendor/laravel/telescope/src/ListensForStorageOpportunities.php(65): Laravel\\Telescope\\Telescope::store(Object(Laravel\\Telescope\\Storage\\DatabaseEntriesRepository))
#11 /var/www/html/backend-legacy-laravel8/vendor/laravel/framework/src/Illuminate/Container/BoundMethod.php(36): Laravel\\Telescope\\Telescope::Laravel\\Telescope\\{closure}()
#12 /var/www/html/backend-legacy-laravel8/vendor/laravel/framework/src/Illuminate/Container/Util.php(43): Illuminate\\Container\\BoundMethod::Illuminate\\Container\\{closure}()
#13 /var/www/html/backend-legacy-laravel8/vendor/laravel/framework/src/Illuminate/Container/BoundMethod.php(83): Illuminate\\Container\\Util::unwrapIfClosure(Object(Closure))
#14 /var/www/html/backend-legacy-laravel8/vendor/laravel/framework/src/Illuminate/Container/BoundMethod.php(35): Illuminate\\Container\\BoundMethod::callBoundMethod(Object(Illuminate\\Foundation\\Application), Object(Closure), Object(Closure))
#15 /var/www/html/backend-legacy-laravel8/vendor/laravel/framework/src/Illuminate/Container/Container.php(696): Illuminate\\Container\\BoundMethod::call(Object(Illuminate\\Foundation\\Application), Object(Closure), Array, NULL)
#16 /var/www/html/backend-legacy-laravel8/vendor/laravel/framework/src/Illuminate/Foundation/Application.php(1452): Illuminate\\Container\\Container->call(Object(Closure))
#17 /var/www/html/backend-legacy-laravel8/vendor/laravel/framework/src/Illuminate/Foundation/Http/Kernel.php(218): Illuminate\\Foundation\\Application->terminate()
#18 /var/www/html/backend-legacy-laravel8/public/index.php(15): Illuminate\\Foundation\\Http\\Kernel->terminate(Object(Illuminate\\Http\\Request), Object(Illuminate\\Http\\JsonResponse))
#19 {main}

[previous exception] [object] (PDOException(code: 42S02): SQLSTATE[42S02]: Base table or view not found: 1146 Table 'legacy_products.telescope_entries' doesn't exist at /var/www/html/backend-legacy-laravel8/vendor/laravel/framework/src/Illuminate/Database/MySqlConnection.php:47)
[stacktrace]
#0 /var/www/html/backend-legacy-laravel8/vendor/laravel/framework/src/Illuminate/Database/MySqlConnection.php(47): PDO->prepare('insert into `te...')
#1 /var/www/html/backend-legacy-laravel8/vendor/laravel/framework/src/Illuminate/Database/Connection.php(812): Illuminate\\Database\\MySqlConnection->Illuminate\\Database\\{closure}('insert into `te...', Array)
#2 /var/www/html/backend-legacy-laravel8/vendor/laravel/framework/src/Illuminate/Database/Connection.php(779): Illuminate\\Database\\Connection->runQueryCallback('insert into `te...', Array, Object(Closure))
#3 /var/www/html/backend-legacy-laravel8/vendor/laravel/framework/src/Illuminate/Database/MySqlConnection.php(42): Illuminate\\Database\\Connection->run('insert into `te...', Array, Object(Closure))
#4 /var/www/html/backend-legacy-laravel8/vendor/laravel/framework/src/Illuminate/Database/Query/Builder.php(3717): Illuminate\\Database\\MySqlConnection->insert('insert into `te...', Array)
#5 /var/www/html/backend-legacy-laravel8/vendor/laravel/telescope/src/Storage/DatabaseEntriesRepository.php(145): Illuminate\\Database\\Query\\Builder->insert(Array)
#6 /var/www/html/backend-legacy-laravel8/vendor/laravel/framework/src/Illuminate/Collections/Traits/EnumeratesValues.php(261): Laravel\\Telescope\\Storage\\DatabaseEntriesRepository->Laravel\\Telescope\\Storage\\{closure}(Object(Illuminate\\Support\\Collection), 0)
#7 /var/www/html/backend-legacy-laravel8/vendor/laravel/telescope/src/Storage/DatabaseEntriesRepository.php(144): Illuminate\\Support\\Collection->each(Object(Closure))
#8 /var/www/html/backend-legacy-laravel8/vendor/laravel/telescope/src/Telescope.php(664): Laravel\\Telescope\\Storage\\DatabaseEntriesRepository->store(Object(Illuminate\\Support\\Collection))
#9 [internal function]: Laravel\\Telescope\\Telescope::Laravel\\Telescope\\{closure}()
#10 /var/www/html/backend-legacy-laravel8/vendor/laravel/telescope/src/Telescope.php(289): call_user_func(Object(Closure))
#11 /var/www/html/backend-legacy-laravel8/vendor/laravel/telescope/src/Telescope.php(656): Laravel\\Telescope\\Telescope::withoutRecording(Object(Closure))
#12 /var/www/html/backend-legacy-laravel8/vendor/laravel/telescope/src/ListensForStorageOpportunities.php(65): Laravel\\Telescope\\Telescope::store(Object(Laravel\\Telescope\\Storage\\DatabaseEntriesRepository))
#13 /var/www/html/backend-legacy-laravel8/vendor/laravel/framework/src/Illuminate/Container/BoundMethod.php(36): Laravel\\Telescope\\Telescope::Laravel\\Telescope\\{closure}()
#14 /var/www/html/backend-legacy-laravel8/vendor/laravel/framework/src/Illuminate/Container/Util.php(43): Illuminate\\Container\\BoundMethod::Illuminate\\Container\\{closure}()
#15 /var/www/html/backend-legacy-laravel8/vendor/laravel/framework/src/Illuminate/Container/BoundMethod.php(83): Illuminate\\Container\\Util::unwrapIfClosure(Object(Closure))
#16 /var/www/html/backend-legacy-laravel8/vendor/laravel/framework/src/Illuminate/Container/BoundMethod.php(35): Illuminate\\Container\\BoundMethod::callBoundMethod(Object(Illuminate\\Foundation\\Application), Object(Closure), Object(Closure))
#17 /var/www/html/backend-legacy-laravel8/vendor/laravel/framework/src/Illuminate/Container/Container.php(696): Illuminate\\Container\\BoundMethod::call(Object(Illuminate\\Foundation\\Application), Object(Closure), Array, NULL)
#18 /var/www/html/backend-legacy-laravel8/vendor/laravel/framework/src/Illuminate/Foundation/Application.php(1452): Illuminate\\Container\\Container->call(Object(Closure))
#19 /var/www/html/backend-legacy-laravel8/vendor/laravel/framework/src/Illuminate/Foundation/Http/Kernel.php(218): Illuminate\\Foundation\\Application->terminate()
#20 /var/www/html/backend-legacy-laravel8/public/index.php(15): Illuminate\\Foundation\\Http\\Kernel->terminate(Object(Illuminate\\Http\\Request), Object(Illuminate\\Http\\JsonResponse))
#21 {main}
"} 
[2026-05-18 19:23:02] local.ERROR: SQLSTATE[42S02]: Base table or view not found: 1146 Table 'legacy_products.telescope_entries' doesn't exist (Connection: mysql, SQL: insert into `telescope_entries` (`batch_id`, `content`, `created_at`, `family_hash`, `type`, `uuid`) values (a1cfa62c-4f5a-4987-baa1-b3d141521bdc, {"connection":"default","command":"get backendlegacy_cacheXTz8wPfh5w78P3C3veoDgPG6K2vbFY7lmI9leOrh","time":"0.08","hostname":"c97c8de0b337"}, 2026-05-18 19:23:01, ?, redis, a1cfa62b-e242-4b21-8023-1fc88a165895), (a1cfa62c-4f5a-4987-baa1-b3d141521bdc, {"type":"missed","key":"XTz8wPfh5w78P3C3veoDgPG6K2vbFY7lmI9leOrh","hostname":"c97c8de0b337"}, 2026-05-18 19:23:01, ?, cache, a1cfa62b-e285-4889-a392-471e9ae27aae), (a1cfa62c-4f5a-4987-baa1-b3d141521bdc, {"connection":"mysql","driver":"mysql","bindings":[],"sql":"select column_name as `name`, data_type as `type_name`, column_type as `type`, collation_name as `collation`, is_nullable as `nullable`, column_default as `default`, column_comment as `comment`, generation_expression as `expression`, extra as `extra` from information_schema.columns where table_schema = 'legacy_products' and table_name = 'categories' order by ordinal_position asc","time":"4.36","slow":false,"file":"\/var\/www\/html\/backend-legacy-laravel8\/public\/index.php","line":11,"hash":"78d898b265a0e6f044a383b967e451b2","hostname":"c97c8de0b337"}, 2026-05-18 19:23:02, ?, query, a1cfa62c-2a10-403b-9d8a-611d6848dcf4), (a1cfa62c-4f5a-4987-baa1-b3d141521bdc, {"connection":"mysql","driver":"mysql","bindings":[],"sql":"select column_name as `name`, data_type as `type_name`, column_type as `type`, collation_name as `collation`, is_nullable as `nullable`, column_default as `default`, column_comment as `comment`, generation_expression as `expression`, extra as `extra` from information_schema.columns where table_schema = 'legacy_products' and table_name = 'products' order by ordinal_position asc","time":"2.21","slow":false,"file":"\/var\/www\/html\/backend-legacy-laravel8\/public\/index.php","line":11,"hash":"a44ebbcf4e53c1501108ec7d21bcf2b9","hostname":"c97c8de0b337"}, 2026-05-18 19:23:02, ?, query, a1cfa62c-2d9f-42f3-8209-d1bcb28f1849), (a1cfa62c-4f5a-4987-baa1-b3d141521bdc, {"connection":"mysql","driver":"mysql","bindings":[],"sql":"select index_name as `name`, group_concat(column_name order by seq_in_index) as `columns`, index_type as `type`, not non_unique as `unique` from information_schema.statistics where table_schema = 'legacy_products' and table_name = 'products' group by index_name, index_type, non_unique","time":"1.62","slow":false,"file":"\/var\/www\/html\/backend-legacy-laravel8\/public\/index.php","line":11,"hash":"cb1821dc6590f210d2395f89e076197b","hostname":"c97c8de0b337"}, 2026-05-18 19:23:02, ?, query, a1cfa62c-2e71-4daa-9875-b3c5392d06ab), (a1cfa62c-4f5a-4987-baa1-b3d141521bdc, {"connection":"mysql","driver":"mysql","bindings":[],"sql":"select column_name as `name`, data_type as `type_name`, column_type as `type`, collation_name as `collation`, is_nullable as `nullable`, column_default as `default`, column_comment as `comment`, generation_expression as `expression`, extra as `extra` from information_schema.columns where table_schema = 'legacy_products' and table_name = 'categories' order by ordinal_position asc","time":"1.66","slow":false,"file":"\/var\/www\/html\/backend-legacy-laravel8\/public\/index.php","line":11,"hash":"78d898b265a0e6f044a383b967e451b2","hostname":"c97c8de0b337"}, 2026-05-18 19:23:02, ?, query, a1cfa62c-30fc-45d8-aeb7-e8e0344dde07), (a1cfa62c-4f5a-4987-baa1-b3d141521bdc, {"connection":"mysql","driver":"mysql","bindings":[],"sql":"select index_name as `name`, group_concat(column_name order by seq_in_index) as `columns`, index_type as `type`, not non_unique as `unique` from information_schema.statistics where table_schema = 'legacy_products' and table_name = 'categories' group by index_name, index_type, non_unique","time":"1.10","slow":false,"file":"\/var\/www\/html\/backend-legacy-laravel8\/public\/index.php","line":11,"hash":"de997a7c8b84d411d506b61e2087e50c","hostname":"c97c8de0b337"}, 2026-05-18 19:23:02, ?, query, a1cfa62c-318c-4503-bb43-3f55efe0b8d4), (a1cfa62c-4f5a-4987-baa1-b3d141521bdc, {"connection":"mysql","driver":"mysql","bindings":[],"sql":"select column_name as `name`, data_type as `type_name`, column_type as `type`, collation_name as `collation`, is_nullable as `nullable`, column_default as `default`, column_comment as `comment`, generation_expression as `expression`, extra as `extra` from information_schema.columns where table_schema = 'legacy_products' and table_name = 'categories' order by ordinal_position asc","time":"1.92","slow":false,"file":"\/var\/www\/html\/backend-legacy-laravel8\/public\/index.php","line":11,"hash":"78d898b265a0e6f044a383b967e451b2","hostname":"c97c8de0b337"}, 2026-05-18 19:23:02, ?, query, a1cfa62c-36f4-4bf7-a7e3-91aac997c283), (a1cfa62c-4f5a-4987-baa1-b3d141521bdc, {"connection":"mysql","driver":"mysql","bindings":[],"sql":"select column_name as `name`, data_type as `type_name`, column_type as `type`, collation_name as `collation`, is_nullable as `nullable`, column_default as `default`, column_comment as `comment`, generation_expression as `expression`, extra as `extra` from information_schema.columns where table_schema = 'legacy_products' and table_name = 'stock_movements' order by ordinal_position asc","time":"1.63","slow":false,"file":"\/var\/www\/html\/backend-legacy-laravel8\/public\/index.php","line":11,"hash":"6e910845500acbdc83c6ca7b108ef4e9","hostname":"c97c8de0b337"}, 2026-05-18 19:23:02, ?, query, a1cfa62c-3f49-489b-928f-41051fcf85f4), (a1cfa62c-4f5a-4987-baa1-b3d141521bdc, {"connection":"mysql","driver":"mysql","bindings":[],"sql":"select index_name as `name`, group_concat(column_name order by seq_in_index) as `columns`, index_type as `type`, not non_unique as `unique` from information_schema.statistics where table_schema = 'legacy_products' and table_name = 'stock_movements' group by index_name, index_type, non_unique","time":"1.15","slow":false,"file":"\/var\/www\/html\/backend-legacy-laravel8\/public\/index.php","line":11,"hash":"6d4c40f7fcd50069e0f6f856d41ee122","hostname":"c97c8de0b337"}, 2026-05-18 19:23:02, ?, query, a1cfa62c-3fe5-4ba8-8ff7-f63e46be1275), (a1cfa62c-4f5a-4987-baa1-b3d141521bdc, {"name":"scramble::docs","path":"\/vendor\/dedoc\/scramble\/resources\/views\/docs.blade.php","data":["spec","config"],"hostname":"c97c8de0b337"}, 2026-05-18 19:23:02, ?, view, a1cfa62c-4d7e-473c-b5be-c16f849c4653), (a1cfa62c-4f5a-4987-baa1-b3d141521bdc, {"connection":"default","command":"setex backendlegacy_cacheXTz8wPfh5w78P3C3veoDgPG6K2vbFY7lmI9leOrh 7200 s:188:\"a:3:{s:6:\"_token\";s:40:\"cTASSjfy0eVqOO7b2H0CEKWQOeokPDtpe9vRYeVC\";s:9:\"_previous\";a:1:{s:3:\"url\";s:30:\"http:\/\/localhost:8000\/api\/docs\";}s:6:\"_flash\";a:2:{s:3:\"old\";a:0:{}s:3:\"new\";a:0:{}}}\";","time":"0.33","hostname":"c97c8de0b337"}, 2026-05-18 19:23:02, ?, redis, a1cfa62c-4e4c-49c7-a2c6-b7259097e7a4), (a1cfa62c-4f5a-4987-baa1-b3d141521bdc, {"type":"set","key":"XTz8wPfh5w78P3C3veoDgPG6K2vbFY7lmI9leOrh","value":"a:3:{s:6:\"_token\";s:40:\"cTASSjfy0eVqOO7b2H0CEKWQOeokPDtpe9vRYeVC\";s:9:\"_previous\";a:1:{s:3:\"url\";s:30:\"http:\/\/localhost:8000\/api\/docs\";}s:6:\"_flash\";a:2:{s:3:\"old\";a:0:{}s:3:\"new\";a:0:{}}}","expiration":7200,"hostname":"c97c8de0b337"}, 2026-05-18 19:23:02, ?, cache, a1cfa62c-4e62-4a77-9a7f-68bc1afe9b06), (a1cfa62c-4f5a-4987-baa1-b3d141521bdc, {"ip_address":"172.18.0.1","uri":"\/api\/docs","method":"GET","controller_action":"Closure","middleware":["web","Dedoc\\Scramble\\Http\\Middleware\\RestrictedDocsAccess"],"headers":{"cookie":"XSRF-TOKEN=eyJpdiI6IkVDK29WYnNmNS9HNWxvSzhXYy9xR0E9PSIsInZhbHVlIjoiN3kwaTdJVUNtcDRtUmZqTWhNSU50QlBNWjJaZFB5TVpKL2tVVjFHdG1vcXlTZE5aTnpubWt4d2ZyT0lJaEUvQS9JU2FSNURPL1c2bmE3ZEhKOW9uNVI3WFVIcG16NTNvQzdVUjlxeFY1Qy9XRmxtdlNMWHZJa3pnMWJHVmxqcVgiLCJtYWMiOiI0N2NkNWI1ZDQ3ZDI4ZjFhOWViY2NiN2Q0NThiYTUxNjY5MTBiZDM1NWY2MzE5NGZhODhmODdjZmZmNjI5OGI2IiwidGFnIjoiIn0%3D; backendlegacy_session=eyJpdiI6IlZZcmRUMEtaYmJQZUFjdDdWdVVST1E9PSIsInZhbHVlIjoiaENnZjRkcENnclRXdWkvSWdXZmthL0kwck5CZnVFbytlUHE4OU5tVU9xeUVpRllmRmJoSjNvV1dHbUpucXowK1pCd0U4MnJzL0REcmxuVHhiR0tjRjJCS2ZHUDY2ZkMxM2FFcy8wMlMvSFNQUytqRS9aUXprdlJDQUQ2b3N1cWYiLCJtYWMiOiJjNTMyYTMzZDAwOWVkY2NkZTI0MzhhMThjZTg1NmIyZWU4Nzk2YjA3MDA4ZTAxODA4MzY0ZmM4ZTNiY2NkMTA3IiwidGFnIjoiIn0%3D","accept-language":"es-ES,es;q=0.9,en;q=0.8","accept-encoding":"gzip, deflate, br, zstd","sec-fetch-dest":"document","sec-fetch-user":"?1","sec-fetch-mode":"navigate","sec-fetch-site":"same-origin","accept":"text\/html,application\/xhtml+xml,application\/xml;q=0.9,image\/avif,image\/webp,image\/apng,*\/*;q=0.8,application\/signed-exchange;v=b3;q=0.7","user-agent":"Mozilla\/5.0 (X11; Linux x86_64) AppleWebKit\/537.36 (KHTML, like Gecko) Chrome\/147.0.0.0 Safari\/537.36 OPR\/131.0.0.0","upgrade-insecure-requests":"1","sec-ch-ua-platform":"\"Linux\"","sec-ch-ua-mobile":"?0","sec-ch-ua":"\"Opera\";v=\"131\", \"Not.A\/Brand\";v=\"8\", \"Chromium\";v=\"147\"","cache-control":"max-age=0","connection":"keep-alive","host":"localhost:8000"},"payload":[],"session":{"_token":"cTASSjfy0eVqOO7b2H0CEKWQOeokPDtpe9vRYeVC","_previous":{"url":"http:\/\/localhost:8000\/api\/docs"},"_flash":{"old":[],"new":[]}},"response_headers":{"content-type":"text\/html; charset=utf-8","cache-control":"no-cache, private","date":"Mon, 18 May 2026 19:23:02 GMT","vary":"Origin","set-cookie":"XSRF-TOKEN=eyJpdiI6IkFmZ21vRGFwY1R1OG5hRkVQRnM4aWc9PSIsInZhbHVlIjoiZmdzQWRUMlc0cExRNU5LTmNFSjBwVTUrbWtKaS81eFNKenJlZVZPQkUvRC9rcjg4TFdmc3U1eUF5by9FSDk5dVc4RlVTMU1XK1ZXdGZSNHhUWFl3alNtWnJINjNINUlCS2R3U2xBMEd6L3lhWU1SUkxHUWtQMlFPa09Dd1NlSi8iLCJtYWMiOiJmNDAwM2YwOTJiNzA3ZGZlYjg2ODU3MzYzNTYzYmRlYmNiMGNmZmI1YTQxNDUwMmFiYWM2MmIzYzhiMDRiZDU1IiwidGFnIjoiIn0%3D; expires=Mon, 18 May 2026 21:23:02 GMT; Max-Age=7200; path=\/; samesite=lax, backendlegacy_session=eyJpdiI6ImtKVXZJR3hJRjNFdUwzT0NHVGplYkE9PSIsInZhbHVlIjoibHh5ZFNtUHhQeDFHWHZxN2Y5UDJxVTVmREFVTG1RR0djQzV6MlVvMW1yRSt6Q2ZjUEFjUytvWHJ3WEFHemtTQWVJR1JZK1lrS293MitQTDY3Rk1WVFdyQmQxZ2MvamJLQkx0dDF4VWJpcndXMk5vc1ZtZGZqUG1UcTloZkQ0cmIiLCJtYWMiOiJiN2VkNDA2ZWZhZjAwYzc4Y2ZkNTFmYjFlMzFkODlkNzM4YjNlODEyMzg0YmNhYjM2YTQ3MWMxZjQ0YzBiMjc5IiwidGFnIjoiIn0%3D; expires=Mon, 18 May 2026 21:23:02 GMT; Max-Age=7200; path=\/; httponly; samesite=lax"},"response_status":200,"response":{"view":"\/var\/www\/html\/backend-legacy-laravel8\/vendor\/dedoc\/scramble\/resources\/views\/docs.blade.php","data":{"spec":{"openapi":"3.1.0","info":{"title":"BackendLegacy","version":"0.0.1"},"servers":[{"url":"http:\/\/localhost:8000\/api"}],"paths":{"\/docs":{"get":{"responses":{"200":{"description":"","content":{"application\/json":{"schema":{"type":"string"}}}}}}},"\/docs.json":{"get":{"responses":{"200":{"description":"","content":{"application\/json":{"schema":{"type":"string"}}}}}}},"\/login":{"post":{"operationId":"auth.login","tags":["Auth"],"requestBody":{"required":true,"content":{"application\/json":{"schema":{"$ref":"#\/components\/schemas\/LoginRequest"}}}},"responses":{"200":{"description":"","content":{"application\/json":{"schema":{"anyOf":[{"type":"object","properties":{"token":{"type":"string"},"user":{"type":"object","properties":{"id":{"type":"string"},"name":{"type":"string"},"email":{"type":"string"}},"required":["id","name","email"]}},"required":["token","user"]},{"type":"boolean"}]}}}},"401":{"description":"","content":{"application\/json":{"schema":{"type":"object","properties":{"success":{"type":"boolean"},"message":{"type":"string","const":"Invalid credentials"}},"required":["success","message"]}}}},"422":{"$ref":"#\/components\/responses\/ValidationException"}}}},"\/me":{"get":{"operationId":"auth.me","tags":["Auth"],"responses":{"200":{"description":"","content":{"application\/json":{"schema":{"type":"object","properties":{"data":{"type":"string"}},"required":["data"]}}}},"401":{"$ref":"#\/components\/responses\/AuthenticationException"}}}},"\/logout":{"post":{"operationId":"auth.logout","tags":["Auth"],"responses":{"200":{"description":"","content":{"application\/json":{"schema":{"type":"object","properties":{"ok":{"type":"boolean"}},"required":["ok"]}}}},"401":{"$ref":"#\/components\/responses\/AuthenticationException"}}}},"\/categories":{"get":{"operationId":"category.index","tags":["Category"],"parameters":[{"name":"search","in":"query","schema":{"type":"string"}}],"responses":{"200":{"description":"","content":{"application\/json":{"schema":[]}}},"401":{"$ref":"#\/components\/responses\/AuthenticationException"}}},"post":{"operationId":"category.store","tags":["Category"],"requestBody":{"required":true,"content":{"application\/json":{"schema":{"$ref":"#\/components\/schemas\/StoreCategoryRequest"}}}},"responses":{"201":{"description":"`CategoryResource`","content":{"application\/json":{"schema":{"$ref":"#\/components\/schemas\/CategoryResource"}}}},"401":{"$ref":"#\/components\/responses\/AuthenticationException"},"422":{"$ref":"#\/components\/responses\/ValidationException"}}}},"\/categories\/{id}":{"get":{"operationId":"category.show","tags":["Category"],"parameters":[{"name":"id","in":"path","required":true,"schema":{"type":"string"}}],"responses":{"200":{"description":"`CategoryResource`","content":{"application\/json":{"schema":{"$ref":"#\/components\/schemas\/CategoryResource"}}}},"404":{"description":"","content":{"application\/json":{"schema":{"type":"object","properties":{"message":{"type":"string","const":"Not found"}},"required":["message"]}}}},"401":{"$ref":"#\/components\/responses\/AuthenticationException"}}},"put":{"operationId":"category.update","tags":["Category"],"parameters":[{"name":"id","in":"path","required":true,"schema":{"type":"string"}}],"requestBody":{"content":{"application\/json":{"schema":{"$ref":"#\/components\/schemas\/UpdateCategoryRequest"}}}},"responses":{"200":{"description":"","content":{"application\/json":{"schema":{"type":"object","properties":{"updated":{"type":"boolean"},"category":{"$ref":"#\/components\/schemas\/CategoryResource"}},"required":["updated","category"]}}}},"404":{"description":"","content":{"application\/json":{"schema":{"type":"object","properties":{"message":{"type":"string","const":"No category"}},"required":["message"]}}}},"401":{"$ref":"#\/components\/responses\/AuthenticationException"},"422":{"$ref":"#\/components\/responses\/ValidationException"}}},"delete":{"operationId":"category.destroy","tags":["Category"],"parameters":[{"name":"id","in":"path","required":true,"schema":{"type":"string"}}],"responses":{"400":{"description":"","content":{"application\/json":{"schema":{"type":"object","properties":{"error":{"type":"string"}},"required":["error"]}}}},"200":{"description":"","content":{"application\/json":{"schema":{"type":"object","properties":{"ok":{"type":"boolean"}},"required":["ok"]}}}},"404":{"description":"","content":{"application\/json":{"schema":{"type":"object","properties":{"error":{"type":"string","const":"not found"}},"required":["error"]}}}},"401":{"$ref":"#\/components\/responses\/AuthenticationException"}}}},"\/health":{"get":{"operationId":"dashboard.health","tags":["Dashboard"],"responses":{"500":{"description":"","content":{"application\/json":{"schema":{"type":"object","properties":{"status":{"type":"string","const":"fail"},"error":{"type":"string"}},"required":["status","error"]}}}},"200":{"description":"","content":{"application\/json":{"schema":{"type":"object","properties":{"status":{"type":"string","const":"ok"},"database":{"type":"string","const":"connected"}},"required":["status","database"]}}}}}}},"\/dashboard":{"get":{"operationId":"dashboard.index","tags":["Dashboard"],"responses":{"200":{"description":"","content":{"application\/json":{"schema":{"type":"object","properties":{"products_count":{"type":"string"},"low_stock_count":{"type":"string"},"movements_in_month":{"type":"string"},"movements_out_month":{"type":"string"}},"required":["products_count","low_stock_count","movements_in_month","movements_out_month"]}}}},"401":{"$ref":"#\/components\/responses\/AuthenticationException"}}}},"\/products":{"get":{"operationId":"product.index","tags":["Product"],"parameters":[{"name":"category_id","in":"query","description":"Fallback for old 'q'","schema":{"type":"string"}},{"name":"status","in":"query","schema":{"type":"string"}}],"responses":{"200":{"description":"","content":{"application\/json":{"schema":[]}}},"401":{"$ref":"#\/components\/responses\/AuthenticationException"}}},"post":{"operationId":"product.store","tags":["Product"],"requestBody":{"required":true,"content":{"application\/json":{"schema":{"$ref":"#\/components\/schemas\/StoreProductRequest"}}}},"responses":{"201":{"description":"","content":{"application\/json":{"schema":{"type":"object","properties":{"ok":{"type":"boolean"},"product":{"$ref":"#\/components\/schemas\/ProductResource"}},"required":["ok","product"]}}}},"401":{"$ref":"#\/components\/responses\/AuthenticationException"},"422":{"$ref":"#\/components\/responses\/ValidationException"}}}},"\/products\/{id}":{"get":{"operationId":"product.show","tags":["Product"],"parameters":[{"name":"id","in":"path","required":true,"schema":{"type":"string"}}],"responses":{"200":{"description":"","content":{"application\/json":{"schema":{"type":"object","properties":{"data":{"$ref":"#\/components\/schemas\/ProductResource"}},"required":["data"]}}}},"404":{"description":"","content":{"application\/json":{"schema":{"type":"object","properties":{"error":{"type":"string","const":"Product not found"}},"required":["error"]}}}},"401":{"$ref":"#\/components\/responses\/AuthenticationException"}}},"put":{"operationId":"product.update","tags":["Product"],"parameters":[{"name":"id","in":"path","required":true,"schema":{"type":"string"}}],"requestBody":{"content":{"application\/json":{"schema":{"$ref":"#\/components\/schemas\/UpdateProductRequest"}}}},"responses":{"200":{"description":"","content":{"application\/json":{"schema":{"type":"object","properties":{"success":{"type":"boolean"},"data":{"$ref":"#\/components\/schemas\/ProductResource"}},"required":["success","data"]}}}},"404":{"description":"","content":{"application\/json":{"schema":{"type":"object","properties":{"msg":{"type":"string","const":"No existe"}},"required":["msg"]}}}},"401":{"$ref":"#\/components\/responses\/AuthenticationException"},"422":{"$ref":"#\/components\/responses\/ValidationException"}}},"delete":{"operationId":"product.destroy","tags":["Product"],"parameters":[{"name":"id","in":"path","required":true,"schema":{"type":"string"}}],"responses":{"200":{"description":"","content":{"application\/json":{"schema":{"type":"object","properties":{"deleted":{"type":"boolean"}},"required":["deleted"]}}}},"404":{"description":"","content":{"application\/json":{"schema":{"type":"object","properties":{"success":{"type":"boolean"},"message":{"type":"string","const":"Product not found"}},"required":["success","message"]}}}},"401":{"$ref":"#\/components\/responses\/AuthenticationException"}}}},"\/products\/{id}\/stock-movements":{"get":{"operationId":"product.stockMovements","tags":["Product"],"parameters":[{"name":"id","in":"path","required":true,"schema":{"type":"string"}}],"responses":{"200":{"description":"","content":{"application\/json":{"schema":[]}}},"401":{"$ref":"#\/components\/responses\/AuthenticationException"}}},"post":{"operationId":"product.storeStockMovement","tags":["Product"],"parameters":[{"name":"id","in":"path","required":true,"schema":{"type":"string"}}],"requestBody":{"required":true,"content":{"application\/json":{"schema":{"$ref":"#\/components\/schemas\/StoreStockMovementRequest"}}}},"responses":{"200":{"description":"","content":{"application\/json":{"schema":{"anyOf":[{"type":"string"},{"type":"object","properties":{"message":{"type":"string","const":"Stock updated"},"product":{"$ref":"#\/components\/schemas\/ProductResource"},"movement":{"$ref":"#\/components\/schemas\/StockMovementResource"}},"required":["message","product","movement"]}]}}}},"401":{"$ref":"#\/components\/responses\/AuthenticationException"},"422":{"$ref":"#\/components\/responses\/ValidationException"}}}}},"components":{"schemas":{"CategoryResource":{"type":"object","properties":{"id":{"type":"integer"},"name":{"type":"string"},"description":{"type":["string","null"]},"status":{"type":"integer"},"created_at":{"type":["string","null"]},"updated_at":{"type":["string","null"]}},"required":["id","name","description","status","created_at","updated_at"],"title":"CategoryResource"},"LoginRequest":{"type":"object","properties":{"email":{"type":"string","format":"email","maxLength":255},"password":{"type":"string"}},"required":["email","password"],"title":"LoginRequest"},"ProductResource":{"type":"object","properties":{"id":{"type":"integer"},"name":{"type":"string"},"description":{"type":["string","null"]},"price":{"type":"number"},"stock":{"type":"integer"},"status":{"type":"integer"},"category_id":{"type":["integer","null"]},"category":{"$ref":"#\/components\/schemas\/CategoryResource"},"stock_movements_count":{"type":"integer"},"created_at":{"type":["string","null"]}},"required":["id","name","description","price","stock","status","category_id","created_at"],"title":"ProductResource"},"StockMovementResource":{"type":"object","properties":{"id":{"type":"integer"},"product_id":{"type":"integer"},"type":{"type":"string"},"quantity":{"type":"integer"},"reason":{"type":["string","null"]},"user_id":{"type":["integer","null"]},"created_at":{"type":["string","null"]}},"required":["id","product_id","type","quantity","reason","user_id","created_at"],"title":"StockMovementResource"},"StoreCategoryRequest":{"type":"object","properties":{"name":{"type":"string","maxLength":255},"description":{"type":["string","null"],"maxLength":1000},"status":{"type":["boolean","null"]}},"required":["name"],"title":"StoreCategoryRequest"},"StoreProductRequest":{"type":"object","properties":{"name":{"type":"string","maxLength":255},"description":{"type":["string","null"]},"price":{"type":"number","minimum":0},"stock":{"type":"integer","minimum":0},"category_id":{"type":"integer"},"status":{"type":["integer","null"],"enum":["0","1"]}},"required":["name","price","stock","category_id"],"title":"StoreProductRequest"},"StoreStockMovementRequest":{"type":"object","properties":{"type":{"type":"string","enum":["entrada","salida"]},"quantity":{"type":"integer","minimum":1},"reason":{"type":["string","null"],"maxLength":255},"auth_user_id":{"type":["integer","null"]}},"required":["type","quantity"],"title":"StoreStockMovementRequest"},"UpdateCategoryRequest":{"type":"object","properties":{"name":{"type":"string","maxLength":255},"description":{"type":["string","null"],"maxLength":1000},"status":{"type":["boolean","null"]}},"title":"UpdateCategoryRequest"},"UpdateProductRequest":{"type":"object","properties":{"name":{"type":"string","maxLength":255},"description":{"type":["string","null"]},"price":{"type":"number","minimum":0},"stock":{"type":"integer","minimum":0},"category_id":{"type":"integer"},"status":{"type":["integer","null"],"enum":["0","1"]}},"title":"UpdateProductRequest"}},"responses":{"ValidationException":{"description":"Validation error","content":{"application\/json":{"schema":{"type":"object","properties":{"message":{"type":"string","description":"Errors overview."},"errors":{"type":"object","description":"A detailed description of each field that failed validation.","additionalProperties":{"type":"array","items":{"type":"string"}}}},"required":["message","errors"]}}}},"AuthenticationException":{"description":"Unauthenticated","content":{"application\/json":{"schema":{"type":"object","properties":{"message":{"type":"string","description":"Error overview."}},"required":["message"]}}}}}}},"config":{"class":"Dedoc\\Scramble\\GeneratorConfig","properties":null}}},"duration":304,"memory":10,"hostname":"c97c8de0b337"}, 2026-05-18 19:23:02, ?, request, a1cfa62c-4f00-4a69-9ee4-fe2f16c1987a)) {"exception":"[object] (Illuminate\\Database\\QueryException(code: 42S02): SQLSTATE[42S02]: Base table or view not found: 1146 Table 'legacy_products.telescope_entries' doesn't exist (Connection: mysql, SQL: insert into `telescope_entries` (`batch_id`, `content`, `created_at`, `family_hash`, `type`, `uuid`) values (a1cfa62c-4f5a-4987-baa1-b3d141521bdc, {\"connection\":\"default\",\"command\":\"get backendlegacy_cacheXTz8wPfh5w78P3C3veoDgPG6K2vbFY7lmI9leOrh\",\"time\":\"0.08\",\"hostname\":\"c97c8de0b337\"}, 2026-05-18 19:23:01, ?, redis, a1cfa62b-e242-4b21-8023-1fc88a165895), (a1cfa62c-4f5a-4987-baa1-b3d141521bdc, {\"type\":\"missed\",\"key\":\"XTz8wPfh5w78P3C3veoDgPG6K2vbFY7lmI9leOrh\",\"hostname\":\"c97c8de0b337\"}, 2026-05-18 19:23:01, ?, cache, a1cfa62b-e285-4889-a392-471e9ae27aae), (a1cfa62c-4f5a-4987-baa1-b3d141521bdc, {\"connection\":\"mysql\",\"driver\":\"mysql\",\"bindings\":[],\"sql\":\"select column_name as `name`, data_type as `type_name`, column_type as `type`, collation_name as `collation`, is_nullable as `nullable`, column_default as `default`, column_comment as `comment`, generation_expression as `expression`, extra as `extra` from information_schema.columns where table_schema = 'legacy_products' and table_name = 'categories' order by ordinal_position asc\",\"time\":\"4.36\",\"slow\":false,\"file\":\"\\/var\\/www\\/html\\/backend-legacy-laravel8\\/public\\/index.php\",\"line\":11,\"hash\":\"78d898b265a0e6f044a383b967e451b2\",\"hostname\":\"c97c8de0b337\"}, 2026-05-18 19:23:02, ?, query, a1cfa62c-2a10-403b-9d8a-611d6848dcf4), (a1cfa62c-4f5a-4987-baa1-b3d141521bdc, {\"connection\":\"mysql\",\"driver\":\"mysql\",\"bindings\":[],\"sql\":\"select column_name as `name`, data_type as `type_name`, column_type as `type`, collation_name as `collation`, is_nullable as `nullable`, column_default as `default`, column_comment as `comment`, generation_expression as `expression`, extra as `extra` from information_schema.columns where table_schema = 'legacy_products' and table_name = 'products' order by ordinal_position asc\",\"time\":\"2.21\",\"slow\":false,\"file\":\"\\/var\\/www\\/html\\/backend-legacy-laravel8\\/public\\/index.php\",\"line\":11,\"hash\":\"a44ebbcf4e53c1501108ec7d21bcf2b9\",\"hostname\":\"c97c8de0b337\"}, 2026-05-18 19:23:02, ?, query, a1cfa62c-2d9f-42f3-8209-d1bcb28f1849), (a1cfa62c-4f5a-4987-baa1-b3d141521bdc, {\"connection\":\"mysql\",\"driver\":\"mysql\",\"bindings\":[],\"sql\":\"select index_name as `name`, group_concat(column_name order by seq_in_index) as `columns`, index_type as `type`, not non_unique as `unique` from information_schema.statistics where table_schema = 'legacy_products' and table_name = 'products' group by index_name, index_type, non_unique\",\"time\":\"1.62\",\"slow\":false,\"file\":\"\\/var\\/www\\/html\\/backend-legacy-laravel8\\/public\\/index.php\",\"line\":11,\"hash\":\"cb1821dc6590f210d2395f89e076197b\",\"hostname\":\"c97c8de0b337\"}, 2026-05-18 19:23:02, ?, query, a1cfa62c-2e71-4daa-9875-b3c5392d06ab), (a1cfa62c-4f5a-4987-baa1-b3d141521bdc, {\"connection\":\"mysql\",\"driver\":\"mysql\",\"bindings\":[],\"sql\":\"select column_name as `name`, data_type as `type_name`, column_type as `type`, collation_name as `collation`, is_nullable as `nullable`, column_default as `default`, column_comment as `comment`, generation_expression as `expression`, extra as `extra` from information_schema.columns where table_schema = 'legacy_products' and table_name = 'categories' order by ordinal_position asc\",\"time\":\"1.66\",\"slow\":false,\"file\":\"\\/var\\/www\\/html\\/backend-legacy-laravel8\\/public\\/index.php\",\"line\":11,\"hash\":\"78d898b265a0e6f044a383b967e451b2\",\"hostname\":\"c97c8de0b337\"}, 2026-05-18 19:23:02, ?, query, a1cfa62c-30fc-45d8-aeb7-e8e0344dde07), (a1cfa62c-4f5a-4987-baa1-b3d141521bdc, {\"connection\":\"mysql\",\"driver\":\"mysql\",\"bindings\":[],\"sql\":\"select index_name as `name`, group_concat(column_name order by seq_in_index) as `columns`, index_type as `type`, not non_unique as `unique` from information_schema.statistics where table_schema = 'legacy_products' and table_name = 'categories' group by index_name, index_type, non_unique\",\"time\":\"1.10\",\"slow\":false,\"file\":\"\\/var\\/www\\/html\\/backend-legacy-laravel8\\/public\\/index.php\",\"line\":11,\"hash\":\"de997a7c8b84d411d506b61e2087e50c\",\"hostname\":\"c97c8de0b337\"}, 2026-05-18 19:23:02, ?, query, a1cfa62c-318c-4503-bb43-3f55efe0b8d4), (a1cfa62c-4f5a-4987-baa1-b3d141521bdc, {\"connection\":\"mysql\",\"driver\":\"mysql\",\"bindings\":[],\"sql\":\"select column_name as `name`, data_type as `type_name`, column_type as `type`, collation_name as `collation`, is_nullable as `nullable`, column_default as `default`, column_comment as `comment`, generation_expression as `expression`, extra as `extra` from information_schema.columns where table_schema = 'legacy_products' and table_name = 'categories' order by ordinal_position asc\",\"time\":\"1.92\",\"slow\":false,\"file\":\"\\/var\\/www\\/html\\/backend-legacy-laravel8\\/public\\/index.php\",\"line\":11,\"hash\":\"78d898b265a0e6f044a383b967e451b2\",\"hostname\":\"c97c8de0b337\"}, 2026-05-18 19:23:02, ?, query, a1cfa62c-36f4-4bf7-a7e3-91aac997c283), (a1cfa62c-4f5a-4987-baa1-b3d141521bdc, {\"connection\":\"mysql\",\"driver\":\"mysql\",\"bindings\":[],\"sql\":\"select column_name as `name`, data_type as `type_name`, column_type as `type`, collation_name as `collation`, is_nullable as `nullable`, column_default as `default`, column_comment as `comment`, generation_expression as `expression`, extra as `extra` from information_schema.columns where table_schema = 'legacy_products' and table_name = 'stock_movements' order by ordinal_position asc\",\"time\":\"1.63\",\"slow\":false,\"file\":\"\\/var\\/www\\/html\\/backend-legacy-laravel8\\/public\\/index.php\",\"line\":11,\"hash\":\"6e910845500acbdc83c6ca7b108ef4e9\",\"hostname\":\"c97c8de0b337\"}, 2026-05-18 19:23:02, ?, query, a1cfa62c-3f49-489b-928f-41051fcf85f4), (a1cfa62c-4f5a-4987-baa1-b3d141521bdc, {\"connection\":\"mysql\",\"driver\":\"mysql\",\"bindings\":[],\"sql\":\"select index_name as `name`, group_concat(column_name order by seq_in_index) as `columns`, index_type as `type`, not non_unique as `unique` from information_schema.statistics where table_schema = 'legacy_products' and table_name = 'stock_movements' group by index_name, index_type, non_unique\",\"time\":\"1.15\",\"slow\":false,\"file\":\"\\/var\\/www\\/html\\/backend-legacy-laravel8\\/public\\/index.php\",\"line\":11,\"hash\":\"6d4c40f7fcd50069e0f6f856d41ee122\",\"hostname\":\"c97c8de0b337\"}, 2026-05-18 19:23:02, ?, query, a1cfa62c-3fe5-4ba8-8ff7-f63e46be1275), (a1cfa62c-4f5a-4987-baa1-b3d141521bdc, {\"name\":\"scramble::docs\",\"path\":\"\\/vendor\\/dedoc\\/scramble\\/resources\\/views\\/docs.blade.php\",\"data\":[\"spec\",\"config\"],\"hostname\":\"c97c8de0b337\"}, 2026-05-18 19:23:02, ?, view, a1cfa62c-4d7e-473c-b5be-c16f849c4653), (a1cfa62c-4f5a-4987-baa1-b3d141521bdc, {\"connection\":\"default\",\"command\":\"setex backendlegacy_cacheXTz8wPfh5w78P3C3veoDgPG6K2vbFY7lmI9leOrh 7200 s:188:\\\"a:3:{s:6:\\\"_token\\\";s:40:\\\"cTASSjfy0eVqOO7b2H0CEKWQOeokPDtpe9vRYeVC\\\";s:9:\\\"_previous\\\";a:1:{s:3:\\\"url\\\";s:30:\\\"http:\\/\\/localhost:8000\\/api\\/docs\\\";}s:6:\\\"_flash\\\";a:2:{s:3:\\\"old\\\";a:0:{}s:3:\\\"new\\\";a:0:{}}}\\\";\",\"time\":\"0.33\",\"hostname\":\"c97c8de0b337\"}, 2026-05-18 19:23:02, ?, redis, a1cfa62c-4e4c-49c7-a2c6-b7259097e7a4), (a1cfa62c-4f5a-4987-baa1-b3d141521bdc, {\"type\":\"set\",\"key\":\"XTz8wPfh5w78P3C3veoDgPG6K2vbFY7lmI9leOrh\",\"value\":\"a:3:{s:6:\\\"_token\\\";s:40:\\\"cTASSjfy0eVqOO7b2H0CEKWQOeokPDtpe9vRYeVC\\\";s:9:\\\"_previous\\\";a:1:{s:3:\\\"url\\\";s:30:\\\"http:\\/\\/localhost:8000\\/api\\/docs\\\";}s:6:\\\"_flash\\\";a:2:{s:3:\\\"old\\\";a:0:{}s:3:\\\"new\\\";a:0:{}}}\",\"expiration\":7200,\"hostname\":\"c97c8de0b337\"}, 2026-05-18 19:23:02, ?, cache, a1cfa62c-4e62-4a77-9a7f-68bc1afe9b06), (a1cfa62c-4f5a-4987-baa1-b3d141521bdc, {\"ip_address\":\"172.18.0.1\",\"uri\":\"\\/api\\/docs\",\"method\":\"GET\",\"controller_action\":\"Closure\",\"middleware\":[\"web\",\"Dedoc\\\\Scramble\\\\Http\\\\Middleware\\\\RestrictedDocsAccess\"],\"headers\":{\"cookie\":\"XSRF-TOKEN=eyJpdiI6IkVDK29WYnNmNS9HNWxvSzhXYy9xR0E9PSIsInZhbHVlIjoiN3kwaTdJVUNtcDRtUmZqTWhNSU50QlBNWjJaZFB5TVpKL2tVVjFHdG1vcXlTZE5aTnpubWt4d2ZyT0lJaEUvQS9JU2FSNURPL1c2bmE3ZEhKOW9uNVI3WFVIcG16NTNvQzdVUjlxeFY1Qy9XRmxtdlNMWHZJa3pnMWJHVmxqcVgiLCJtYWMiOiI0N2NkNWI1ZDQ3ZDI4ZjFhOWViY2NiN2Q0NThiYTUxNjY5MTBiZDM1NWY2MzE5NGZhODhmODdjZmZmNjI5OGI2IiwidGFnIjoiIn0%3D; backendlegacy_session=eyJpdiI6IlZZcmRUMEtaYmJQZUFjdDdWdVVST1E9PSIsInZhbHVlIjoiaENnZjRkcENnclRXdWkvSWdXZmthL0kwck5CZnVFbytlUHE4OU5tVU9xeUVpRllmRmJoSjNvV1dHbUpucXowK1pCd0U4MnJzL0REcmxuVHhiR0tjRjJCS2ZHUDY2ZkMxM2FFcy8wMlMvSFNQUytqRS9aUXprdlJDQUQ2b3N1cWYiLCJtYWMiOiJjNTMyYTMzZDAwOWVkY2NkZTI0MzhhMThjZTg1NmIyZWU4Nzk2YjA3MDA4ZTAxODA4MzY0ZmM4ZTNiY2NkMTA3IiwidGFnIjoiIn0%3D\",\"accept-language\":\"es-ES,es;q=0.9,en;q=0.8\",\"accept-encoding\":\"gzip, deflate, br, zstd\",\"sec-fetch-dest\":\"document\",\"sec-fetch-user\":\"?1\",\"sec-fetch-mode\":\"navigate\",\"sec-fetch-site\":\"same-origin\",\"accept\":\"text\\/html,application\\/xhtml+xml,application\\/xml;q=0.9,image\\/avif,image\\/webp,image\\/apng,*\\/*;q=0.8,application\\/signed-exchange;v=b3;q=0.7\",\"user-agent\":\"Mozilla\\/5.0 (X11; Linux x86_64) AppleWebKit\\/537.36 (KHTML, like Gecko) Chrome\\/147.0.0.0 Safari\\/537.36 OPR\\/131.0.0.0\",\"upgrade-insecure-requests\":\"1\",\"sec-ch-ua-platform\":\"\\\"Linux\\\"\",\"sec-ch-ua-mobile\":\"?0\",\"sec-ch-ua\":\"\\\"Opera\\\";v=\\\"131\\\", \\\"Not.A\\/Brand\\\";v=\\\"8\\\", \\\"Chromium\\\";v=\\\"147\\\"\",\"cache-control\":\"max-age=0\",\"connection\":\"keep-alive\",\"host\":\"localhost:8000\"},\"payload\":[],\"session\":{\"_token\":\"cTASSjfy0eVqOO7b2H0CEKWQOeokPDtpe9vRYeVC\",\"_previous\":{\"url\":\"http:\\/\\/localhost:8000\\/api\\/docs\"},\"_flash\":{\"old\":[],\"new\":[]}},\"response_headers\":{\"content-type\":\"text\\/html; charset=utf-8\",\"cache-control\":\"no-cache, private\",\"date\":\"Mon, 18 May 2026 19:23:02 GMT\",\"vary\":\"Origin\",\"set-cookie\":\"XSRF-TOKEN=eyJpdiI6IkFmZ21vRGFwY1R1OG5hRkVQRnM4aWc9PSIsInZhbHVlIjoiZmdzQWRUMlc0cExRNU5LTmNFSjBwVTUrbWtKaS81eFNKenJlZVZPQkUvRC9rcjg4TFdmc3U1eUF5by9FSDk5dVc4RlVTMU1XK1ZXdGZSNHhUWFl3alNtWnJINjNINUlCS2R3U2xBMEd6L3lhWU1SUkxHUWtQMlFPa09Dd1NlSi8iLCJtYWMiOiJmNDAwM2YwOTJiNzA3ZGZlYjg2ODU3MzYzNTYzYmRlYmNiMGNmZmI1YTQxNDUwMmFiYWM2MmIzYzhiMDRiZDU1IiwidGFnIjoiIn0%3D; expires=Mon, 18 May 2026 21:23:02 GMT; Max-Age=7200; path=\\/; samesite=lax, backendlegacy_session=eyJpdiI6ImtKVXZJR3hJRjNFdUwzT0NHVGplYkE9PSIsInZhbHVlIjoibHh5ZFNtUHhQeDFHWHZxN2Y5UDJxVTVmREFVTG1RR0djQzV6MlVvMW1yRSt6Q2ZjUEFjUytvWHJ3WEFHemtTQWVJR1JZK1lrS293MitQTDY3Rk1WVFdyQmQxZ2MvamJLQkx0dDF4VWJpcndXMk5vc1ZtZGZqUG1UcTloZkQ0cmIiLCJtYWMiOiJiN2VkNDA2ZWZhZjAwYzc4Y2ZkNTFmYjFlMzFkODlkNzM4YjNlODEyMzg0YmNhYjM2YTQ3MWMxZjQ0YzBiMjc5IiwidGFnIjoiIn0%3D; expires=Mon, 18 May 2026 21:23:02 GMT; Max-Age=7200; path=\\/; httponly; samesite=lax\"},\"response_status\":200,\"response\":{\"view\":\"\\/var\\/www\\/html\\/backend-legacy-laravel8\\/vendor\\/dedoc\\/scramble\\/resources\\/views\\/docs.blade.php\",\"data\":{\"spec\":{\"openapi\":\"3.1.0\",\"info\":{\"title\":\"BackendLegacy\",\"version\":\"0.0.1\"},\"servers\":[{\"url\":\"http:\\/\\/localhost:8000\\/api\"}],\"paths\":{\"\\/docs\":{\"get\":{\"responses\":{\"200\":{\"description\":\"\",\"content\":{\"application\\/json\":{\"schema\":{\"type\":\"string\"}}}}}}},\"\\/docs.json\":{\"get\":{\"responses\":{\"200\":{\"description\":\"\",\"content\":{\"application\\/json\":{\"schema\":{\"type\":\"string\"}}}}}}},\"\\/login\":{\"post\":{\"operationId\":\"auth.login\",\"tags\":[\"Auth\"],\"requestBody\":{\"required\":true,\"content\":{\"application\\/json\":{\"schema\":{\"$ref\":\"#\\/components\\/schemas\\/LoginRequest\"}}}},\"responses\":{\"200\":{\"description\":\"\",\"content\":{\"application\\/json\":{\"schema\":{\"anyOf\":[{\"type\":\"object\",\"properties\":{\"token\":{\"type\":\"string\"},\"user\":{\"type\":\"object\",\"properties\":{\"id\":{\"type\":\"string\"},\"name\":{\"type\":\"string\"},\"email\":{\"type\":\"string\"}},\"required\":[\"id\",\"name\",\"email\"]}},\"required\":[\"token\",\"user\"]},{\"type\":\"boolean\"}]}}}},\"401\":{\"description\":\"\",\"content\":{\"application\\/json\":{\"schema\":{\"type\":\"object\",\"properties\":{\"success\":{\"type\":\"boolean\"},\"message\":{\"type\":\"string\",\"const\":\"Invalid credentials\"}},\"required\":[\"success\",\"message\"]}}}},\"422\":{\"$ref\":\"#\\/components\\/responses\\/ValidationException\"}}}},\"\\/me\":{\"get\":{\"operationId\":\"auth.me\",\"tags\":[\"Auth\"],\"responses\":{\"200\":{\"description\":\"\",\"content\":{\"application\\/json\":{\"schema\":{\"type\":\"object\",\"properties\":{\"data\":{\"type\":\"string\"}},\"required\":[\"data\"]}}}},\"401\":{\"$ref\":\"#\\/components\\/responses\\/AuthenticationException\"}}}},\"\\/logout\":{\"post\":{\"operationId\":\"auth.logout\",\"tags\":[\"Auth\"],\"responses\":{\"200\":{\"description\":\"\",\"content\":{\"application\\/json\":{\"schema\":{\"type\":\"object\",\"properties\":{\"ok\":{\"type\":\"boolean\"}},\"required\":[\"ok\"]}}}},\"401\":{\"$ref\":\"#\\/components\\/responses\\/AuthenticationException\"}}}},\"\\/categories\":{\"get\":{\"operationId\":\"category.index\",\"tags\":[\"Category\"],\"parameters\":[{\"name\":\"search\",\"in\":\"query\",\"schema\":{\"type\":\"string\"}}],\"responses\":{\"200\":{\"description\":\"\",\"content\":{\"application\\/json\":{\"schema\":[]}}},\"401\":{\"$ref\":\"#\\/components\\/responses\\/AuthenticationException\"}}},\"post\":{\"operationId\":\"category.store\",\"tags\":[\"Category\"],\"requestBody\":{\"required\":true,\"content\":{\"application\\/json\":{\"schema\":{\"$ref\":\"#\\/components\\/schemas\\/StoreCategoryRequest\"}}}},\"responses\":{\"201\":{\"description\":\"`CategoryResource`\",\"content\":{\"application\\/json\":{\"schema\":{\"$ref\":\"#\\/components\\/schemas\\/CategoryResource\"}}}},\"401\":{\"$ref\":\"#\\/components\\/responses\\/AuthenticationException\"},\"422\":{\"$ref\":\"#\\/components\\/responses\\/ValidationException\"}}}},\"\\/categories\\/{id}\":{\"get\":{\"operationId\":\"category.show\",\"tags\":[\"Category\"],\"parameters\":[{\"name\":\"id\",\"in\":\"path\",\"required\":true,\"schema\":{\"type\":\"string\"}}],\"responses\":{\"200\":{\"description\":\"`CategoryResource`\",\"content\":{\"application\\/json\":{\"schema\":{\"$ref\":\"#\\/components\\/schemas\\/CategoryResource\"}}}},\"404\":{\"description\":\"\",\"content\":{\"application\\/json\":{\"schema\":{\"type\":\"object\",\"properties\":{\"message\":{\"type\":\"string\",\"const\":\"Not found\"}},\"required\":[\"message\"]}}}},\"401\":{\"$ref\":\"#\\/components\\/responses\\/AuthenticationException\"}}},\"put\":{\"operationId\":\"category.update\",\"tags\":[\"Category\"],\"parameters\":[{\"name\":\"id\",\"in\":\"path\",\"required\":true,\"schema\":{\"type\":\"string\"}}],\"requestBody\":{\"content\":{\"application\\/json\":{\"schema\":{\"$ref\":\"#\\/components\\/schemas\\/UpdateCategoryRequest\"}}}},\"responses\":{\"200\":{\"description\":\"\",\"content\":{\"application\\/json\":{\"schema\":{\"type\":\"object\",\"properties\":{\"updated\":{\"type\":\"boolean\"},\"category\":{\"$ref\":\"#\\/components\\/schemas\\/CategoryResource\"}},\"required\":[\"updated\",\"category\"]}}}},\"404\":{\"description\":\"\",\"content\":{\"application\\/json\":{\"schema\":{\"type\":\"object\",\"properties\":{\"message\":{\"type\":\"string\",\"const\":\"No category\"}},\"required\":[\"message\"]}}}},\"401\":{\"$ref\":\"#\\/components\\/responses\\/AuthenticationException\"},\"422\":{\"$ref\":\"#\\/components\\/responses\\/ValidationException\"}}},\"delete\":{\"operationId\":\"category.destroy\",\"tags\":[\"Category\"],\"parameters\":[{\"name\":\"id\",\"in\":\"path\",\"required\":true,\"schema\":{\"type\":\"string\"}}],\"responses\":{\"400\":{\"description\":\"\",\"content\":{\"application\\/json\":{\"schema\":{\"type\":\"object\",\"properties\":{\"error\":{\"type\":\"string\"}},\"required\":[\"error\"]}}}},\"200\":{\"description\":\"\",\"content\":{\"application\\/json\":{\"schema\":{\"type\":\"object\",\"properties\":{\"ok\":{\"type\":\"boolean\"}},\"required\":[\"ok\"]}}}},\"404\":{\"description\":\"\",\"content\":{\"application\\/json\":{\"schema\":{\"type\":\"object\",\"properties\":{\"error\":{\"type\":\"string\",\"const\":\"not found\"}},\"required\":[\"error\"]}}}},\"401\":{\"$ref\":\"#\\/components\\/responses\\/AuthenticationException\"}}}},\"\\/health\":{\"get\":{\"operationId\":\"dashboard.health\",\"tags\":[\"Dashboard\"],\"responses\":{\"500\":{\"description\":\"\",\"content\":{\"application\\/json\":{\"schema\":{\"type\":\"object\",\"properties\":{\"status\":{\"type\":\"string\",\"const\":\"fail\"},\"error\":{\"type\":\"string\"}},\"required\":[\"status\",\"error\"]}}}},\"200\":{\"description\":\"\",\"content\":{\"application\\/json\":{\"schema\":{\"type\":\"object\",\"properties\":{\"status\":{\"type\":\"string\",\"const\":\"ok\"},\"database\":{\"type\":\"string\",\"const\":\"connected\"}},\"required\":[\"status\",\"database\"]}}}}}}},\"\\/dashboard\":{\"get\":{\"operationId\":\"dashboard.index\",\"tags\":[\"Dashboard\"],\"responses\":{\"200\":{\"description\":\"\",\"content\":{\"application\\/json\":{\"schema\":{\"type\":\"object\",\"properties\":{\"products_count\":{\"type\":\"string\"},\"low_stock_count\":{\"type\":\"string\"},\"movements_in_month\":{\"type\":\"string\"},\"movements_out_month\":{\"type\":\"string\"}},\"required\":[\"products_count\",\"low_stock_count\",\"movements_in_month\",\"movements_out_month\"]}}}},\"401\":{\"$ref\":\"#\\/components\\/responses\\/AuthenticationException\"}}}},\"\\/products\":{\"get\":{\"operationId\":\"product.index\",\"tags\":[\"Product\"],\"parameters\":[{\"name\":\"category_id\",\"in\":\"query\",\"description\":\"Fallback for old 'q'\",\"schema\":{\"type\":\"string\"}},{\"name\":\"status\",\"in\":\"query\",\"schema\":{\"type\":\"string\"}}],\"responses\":{\"200\":{\"description\":\"\",\"content\":{\"application\\/json\":{\"schema\":[]}}},\"401\":{\"$ref\":\"#\\/components\\/responses\\/AuthenticationException\"}}},\"post\":{\"operationId\":\"product.store\",\"tags\":[\"Product\"],\"requestBody\":{\"required\":true,\"content\":{\"application\\/json\":{\"schema\":{\"$ref\":\"#\\/components\\/schemas\\/StoreProductRequest\"}}}},\"responses\":{\"201\":{\"description\":\"\",\"content\":{\"application\\/json\":{\"schema\":{\"type\":\"object\",\"properties\":{\"ok\":{\"type\":\"boolean\"},\"product\":{\"$ref\":\"#\\/components\\/schemas\\/ProductResource\"}},\"required\":[\"ok\",\"product\"]}}}},\"401\":{\"$ref\":\"#\\/components\\/responses\\/AuthenticationException\"},\"422\":{\"$ref\":\"#\\/components\\/responses\\/ValidationException\"}}}},\"\\/products\\/{id}\":{\"get\":{\"operationId\":\"product.show\",\"tags\":[\"Product\"],\"parameters\":[{\"name\":\"id\",\"in\":\"path\",\"required\":true,\"schema\":{\"type\":\"string\"}}],\"responses\":{\"200\":{\"description\":\"\",\"content\":{\"application\\/json\":{\"schema\":{\"type\":\"object\",\"properties\":{\"data\":{\"$ref\":\"#\\/components\\/schemas\\/ProductResource\"}},\"required\":[\"data\"]}}}},\"404\":{\"description\":\"\",\"content\":{\"application\\/json\":{\"schema\":{\"type\":\"object\",\"properties\":{\"error\":{\"type\":\"string\",\"const\":\"Product not found\"}},\"required\":[\"error\"]}}}},\"401\":{\"$ref\":\"#\\/components\\/responses\\/AuthenticationException\"}}},\"put\":{\"operationId\":\"product.update\",\"tags\":[\"Product\"],\"parameters\":[{\"name\":\"id\",\"in\":\"path\",\"required\":true,\"schema\":{\"type\":\"string\"}}],\"requestBody\":{\"content\":{\"application\\/json\":{\"schema\":{\"$ref\":\"#\\/components\\/schemas\\/UpdateProductRequest\"}}}},\"responses\":{\"200\":{\"description\":\"\",\"content\":{\"application\\/json\":{\"schema\":{\"type\":\"object\",\"properties\":{\"success\":{\"type\":\"boolean\"},\"data\":{\"$ref\":\"#\\/components\\/schemas\\/ProductResource\"}},\"required\":[\"success\",\"data\"]}}}},\"404\":{\"description\":\"\",\"content\":{\"application\\/json\":{\"schema\":{\"type\":\"object\",\"properties\":{\"msg\":{\"type\":\"string\",\"const\":\"No existe\"}},\"required\":[\"msg\"]}}}},\"401\":{\"$ref\":\"#\\/components\\/responses\\/AuthenticationException\"},\"422\":{\"$ref\":\"#\\/components\\/responses\\/ValidationException\"}}},\"delete\":{\"operationId\":\"product.destroy\",\"tags\":[\"Product\"],\"parameters\":[{\"name\":\"id\",\"in\":\"path\",\"required\":true,\"schema\":{\"type\":\"string\"}}],\"responses\":{\"200\":{\"description\":\"\",\"content\":{\"application\\/json\":{\"schema\":{\"type\":\"object\",\"properties\":{\"deleted\":{\"type\":\"boolean\"}},\"required\":[\"deleted\"]}}}},\"404\":{\"description\":\"\",\"content\":{\"application\\/json\":{\"schema\":{\"type\":\"object\",\"properties\":{\"success\":{\"type\":\"boolean\"},\"message\":{\"type\":\"string\",\"const\":\"Product not found\"}},\"required\":[\"success\",\"message\"]}}}},\"401\":{\"$ref\":\"#\\/components\\/responses\\/AuthenticationException\"}}}},\"\\/products\\/{id}\\/stock-movements\":{\"get\":{\"operationId\":\"product.stockMovements\",\"tags\":[\"Product\"],\"parameters\":[{\"name\":\"id\",\"in\":\"path\",\"required\":true,\"schema\":{\"type\":\"string\"}}],\"responses\":{\"200\":{\"description\":\"\",\"content\":{\"application\\/json\":{\"schema\":[]}}},\"401\":{\"$ref\":\"#\\/components\\/responses\\/AuthenticationException\"}}},\"post\":{\"operationId\":\"product.storeStockMovement\",\"tags\":[\"Product\"],\"parameters\":[{\"name\":\"id\",\"in\":\"path\",\"required\":true,\"schema\":{\"type\":\"string\"}}],\"requestBody\":{\"required\":true,\"content\":{\"application\\/json\":{\"schema\":{\"$ref\":\"#\\/components\\/schemas\\/StoreStockMovementRequest\"}}}},\"responses\":{\"200\":{\"description\":\"\",\"content\":{\"application\\/json\":{\"schema\":{\"anyOf\":[{\"type\":\"string\"},{\"type\":\"object\",\"properties\":{\"message\":{\"type\":\"string\",\"const\":\"Stock updated\"},\"product\":{\"$ref\":\"#\\/components\\/schemas\\/ProductResource\"},\"movement\":{\"$ref\":\"#\\/components\\/schemas\\/StockMovementResource\"}},\"required\":[\"message\",\"product\",\"movement\"]}]}}}},\"401\":{\"$ref\":\"#\\/components\\/responses\\/AuthenticationException\"},\"422\":{\"$ref\":\"#\\/components\\/responses\\/ValidationException\"}}}}},\"components\":{\"schemas\":{\"CategoryResource\":{\"type\":\"object\",\"properties\":{\"id\":{\"type\":\"integer\"},\"name\":{\"type\":\"string\"},\"description\":{\"type\":[\"string\",\"null\"]},\"status\":{\"type\":\"integer\"},\"created_at\":{\"type\":[\"string\",\"null\"]},\"updated_at\":{\"type\":[\"string\",\"null\"]}},\"required\":[\"id\",\"name\",\"description\",\"status\",\"created_at\",\"updated_at\"],\"title\":\"CategoryResource\"},\"LoginRequest\":{\"type\":\"object\",\"properties\":{\"email\":{\"type\":\"string\",\"format\":\"email\",\"maxLength\":255},\"password\":{\"type\":\"string\"}},\"required\":[\"email\",\"password\"],\"title\":\"LoginRequest\"},\"ProductResource\":{\"type\":\"object\",\"properties\":{\"id\":{\"type\":\"integer\"},\"name\":{\"type\":\"string\"},\"description\":{\"type\":[\"string\",\"null\"]},\"price\":{\"type\":\"number\"},\"stock\":{\"type\":\"integer\"},\"status\":{\"type\":\"integer\"},\"category_id\":{\"type\":[\"integer\",\"null\"]},\"category\":{\"$ref\":\"#\\/components\\/schemas\\/CategoryResource\"},\"stock_movements_count\":{\"type\":\"integer\"},\"created_at\":{\"type\":[\"string\",\"null\"]}},\"required\":[\"id\",\"name\",\"description\",\"price\",\"stock\",\"status\",\"category_id\",\"created_at\"],\"title\":\"ProductResource\"},\"StockMovementResource\":{\"type\":\"object\",\"properties\":{\"id\":{\"type\":\"integer\"},\"product_id\":{\"type\":\"integer\"},\"type\":{\"type\":\"string\"},\"quantity\":{\"type\":\"integer\"},\"reason\":{\"type\":[\"string\",\"null\"]},\"user_id\":{\"type\":[\"integer\",\"null\"]},\"created_at\":{\"type\":[\"string\",\"null\"]}},\"required\":[\"id\",\"product_id\",\"type\",\"quantity\",\"reason\",\"user_id\",\"created_at\"],\"title\":\"StockMovementResource\"},\"StoreCategoryRequest\":{\"type\":\"object\",\"properties\":{\"name\":{\"type\":\"string\",\"maxLength\":255},\"description\":{\"type\":[\"string\",\"null\"],\"maxLength\":1000},\"status\":{\"type\":[\"boolean\",\"null\"]}},\"required\":[\"name\"],\"title\":\"StoreCategoryRequest\"},\"StoreProductRequest\":{\"type\":\"object\",\"properties\":{\"name\":{\"type\":\"string\",\"maxLength\":255},\"description\":{\"type\":[\"string\",\"null\"]},\"price\":{\"type\":\"number\",\"minimum\":0},\"stock\":{\"type\":\"integer\",\"minimum\":0},\"category_id\":{\"type\":\"integer\"},\"status\":{\"type\":[\"integer\",\"null\"],\"enum\":[\"0\",\"1\"]}},\"required\":[\"name\",\"price\",\"stock\",\"category_id\"],\"title\":\"StoreProductRequest\"},\"StoreStockMovementRequest\":{\"type\":\"object\",\"properties\":{\"type\":{\"type\":\"string\",\"enum\":[\"entrada\",\"salida\"]},\"quantity\":{\"type\":\"integer\",\"minimum\":1},\"reason\":{\"type\":[\"string\",\"null\"],\"maxLength\":255},\"auth_user_id\":{\"type\":[\"integer\",\"null\"]}},\"required\":[\"type\",\"quantity\"],\"title\":\"StoreStockMovementRequest\"},\"UpdateCategoryRequest\":{\"type\":\"object\",\"properties\":{\"name\":{\"type\":\"string\",\"maxLength\":255},\"description\":{\"type\":[\"string\",\"null\"],\"maxLength\":1000},\"status\":{\"type\":[\"boolean\",\"null\"]}},\"title\":\"UpdateCategoryRequest\"},\"UpdateProductRequest\":{\"type\":\"object\",\"properties\":{\"name\":{\"type\":\"string\",\"maxLength\":255},\"description\":{\"type\":[\"string\",\"null\"]},\"price\":{\"type\":\"number\",\"minimum\":0},\"stock\":{\"type\":\"integer\",\"minimum\":0},\"category_id\":{\"type\":\"integer\"},\"status\":{\"type\":[\"integer\",\"null\"],\"enum\":[\"0\",\"1\"]}},\"title\":\"UpdateProductRequest\"}},\"responses\":{\"ValidationException\":{\"description\":\"Validation error\",\"content\":{\"application\\/json\":{\"schema\":{\"type\":\"object\",\"properties\":{\"message\":{\"type\":\"string\",\"description\":\"Errors overview.\"},\"errors\":{\"type\":\"object\",\"description\":\"A detailed description of each field that failed validation.\",\"additionalProperties\":{\"type\":\"array\",\"items\":{\"type\":\"string\"}}}},\"required\":[\"message\",\"errors\"]}}}},\"AuthenticationException\":{\"description\":\"Unauthenticated\",\"content\":{\"application\\/json\":{\"schema\":{\"type\":\"object\",\"properties\":{\"message\":{\"type\":\"string\",\"description\":\"Error overview.\"}},\"required\":[\"message\"]}}}}}}},\"config\":{\"class\":\"Dedoc\\\\Scramble\\\\GeneratorConfig\",\"properties\":null}}},\"duration\":304,\"memory\":10,\"hostname\":\"c97c8de0b337\"}, 2026-05-18 19:23:02, ?, request, a1cfa62c-4f00-4a69-9ee4-fe2f16c1987a)) at /var/www/html/backend-legacy-laravel8/vendor/laravel/framework/src/Illuminate/Database/Connection.php:825)
[stacktrace]
#0 /var/www/html/backend-legacy-laravel8/vendor/laravel/framework/src/Illuminate/Database/Connection.php(779): Illuminate\\Database\\Connection->runQueryCallback('insert into `te...', Array, Object(Closure))
#1 /var/www/html/backend-legacy-laravel8/vendor/laravel/framework/src/Illuminate/Database/MySqlConnection.php(42): Illuminate\\Database\\Connection->run('insert into `te...', Array, Object(Closure))
#2 /var/www/html/backend-legacy-laravel8/vendor/laravel/framework/src/Illuminate/Database/Query/Builder.php(3717): Illuminate\\Database\\MySqlConnection->insert('insert into `te...', Array)
#3 /var/www/html/backend-legacy-laravel8/vendor/laravel/telescope/src/Storage/DatabaseEntriesRepository.php(145): Illuminate\\Database\\Query\\Builder->insert(Array)
#4 /var/www/html/backend-legacy-laravel8/vendor/laravel/framework/src/Illuminate/Collections/Traits/EnumeratesValues.php(261): Laravel\\Telescope\\Storage\\DatabaseEntriesRepository->Laravel\\Telescope\\Storage\\{closure}(Object(Illuminate\\Support\\Collection), 0)
#5 /var/www/html/backend-legacy-laravel8/vendor/laravel/telescope/src/Storage/DatabaseEntriesRepository.php(144): Illuminate\\Support\\Collection->each(Object(Closure))
#6 /var/www/html/backend-legacy-laravel8/vendor/laravel/telescope/src/Telescope.php(664): Laravel\\Telescope\\Storage\\DatabaseEntriesRepository->store(Object(Illuminate\\Support\\Collection))
#7 [internal function]: Laravel\\Telescope\\Telescope::Laravel\\Telescope\\{closure}()
#8 /var/www/html/backend-legacy-laravel8/vendor/laravel/telescope/src/Telescope.php(289): call_user_func(Object(Closure))
#9 /var/www/html/backend-legacy-laravel8/vendor/laravel/telescope/src/Telescope.php(656): Laravel\\Telescope\\Telescope::withoutRecording(Object(Closure))
#10 /var/www/html/backend-legacy-laravel8/vendor/laravel/telescope/src/ListensForStorageOpportunities.php(65): Laravel\\Telescope\\Telescope::store(Object(Laravel\\Telescope\\Storage\\DatabaseEntriesRepository))
#11 /var/www/html/backend-legacy-laravel8/vendor/laravel/framework/src/Illuminate/Container/BoundMethod.php(36): Laravel\\Telescope\\Telescope::Laravel\\Telescope\\{closure}()
#12 /var/www/html/backend-legacy-laravel8/vendor/laravel/framework/src/Illuminate/Container/Util.php(43): Illuminate\\Container\\BoundMethod::Illuminate\\Container\\{closure}()
#13 /var/www/html/backend-legacy-laravel8/vendor/laravel/framework/src/Illuminate/Container/BoundMethod.php(83): Illuminate\\Container\\Util::unwrapIfClosure(Object(Closure))
#14 /var/www/html/backend-legacy-laravel8/vendor/laravel/framework/src/Illuminate/Container/BoundMethod.php(35): Illuminate\\Container\\BoundMethod::callBoundMethod(Object(Illuminate\\Foundation\\Application), Object(Closure), Object(Closure))
#15 /var/www/html/backend-legacy-laravel8/vendor/laravel/framework/src/Illuminate/Container/Container.php(696): Illuminate\\Container\\BoundMethod::call(Object(Illuminate\\Foundation\\Application), Object(Closure), Array, NULL)
#16 /var/www/html/backend-legacy-laravel8/vendor/laravel/framework/src/Illuminate/Foundation/Application.php(1452): Illuminate\\Container\\Container->call(Object(Closure))
#17 /var/www/html/backend-legacy-laravel8/vendor/laravel/framework/src/Illuminate/Foundation/Http/Kernel.php(218): Illuminate\\Foundation\\Application->terminate()
#18 /var/www/html/backend-legacy-laravel8/public/index.php(15): Illuminate\\Foundation\\Http\\Kernel->terminate(Object(Illuminate\\Http\\Request), Object(Illuminate\\Http\\Response))
#19 {main}

[previous exception] [object] (PDOException(code: 42S02): SQLSTATE[42S02]: Base table or view not found: 1146 Table 'legacy_products.telescope_entries' doesn't exist at /var/www/html/backend-legacy-laravel8/vendor/laravel/framework/src/Illuminate/Database/MySqlConnection.php:47)
[stacktrace]
#0 /var/www/html/backend-legacy-laravel8/vendor/laravel/framework/src/Illuminate/Database/MySqlConnection.php(47): PDO->prepare('insert into `te...')
#1 /var/www/html/backend-legacy-laravel8/vendor/laravel/framework/src/Illuminate/Database/Connection.php(812): Illuminate\\Database\\MySqlConnection->Illuminate\\Database\\{closure}('insert into `te...', Array)
#2 /var/www/html/backend-legacy-laravel8/vendor/laravel/framework/src/Illuminate/Database/Connection.php(779): Illuminate\\Database\\Connection->runQueryCallback('insert into `te...', Array, Object(Closure))
#3 /var/www/html/backend-legacy-laravel8/vendor/laravel/framework/src/Illuminate/Database/MySqlConnection.php(42): Illuminate\\Database\\Connection->run('insert into `te...', Array, Object(Closure))
#4 /var/www/html/backend-legacy-laravel8/vendor/laravel/framework/src/Illuminate/Database/Query/Builder.php(3717): Illuminate\\Database\\MySqlConnection->insert('insert into `te...', Array)
#5 /var/www/html/backend-legacy-laravel8/vendor/laravel/telescope/src/Storage/DatabaseEntriesRepository.php(145): Illuminate\\Database\\Query\\Builder->insert(Array)
#6 /var/www/html/backend-legacy-laravel8/vendor/laravel/framework/src/Illuminate/Collections/Traits/EnumeratesValues.php(261): Laravel\\Telescope\\Storage\\DatabaseEntriesRepository->Laravel\\Telescope\\Storage\\{closure}(Object(Illuminate\\Support\\Collection), 0)
#7 /var/www/html/backend-legacy-laravel8/vendor/laravel/telescope/src/Storage/DatabaseEntriesRepository.php(144): Illuminate\\Support\\Collection->each(Object(Closure))
#8 /var/www/html/backend-legacy-laravel8/vendor/laravel/telescope/src/Telescope.php(664): Laravel\\Telescope\\Storage\\DatabaseEntriesRepository->store(Object(Illuminate\\Support\\Collection))
#9 [internal function]: Laravel\\Telescope\\Telescope::Laravel\\Telescope\\{closure}()
#10 /var/www/html/backend-legacy-laravel8/vendor/laravel/telescope/src/Telescope.php(289): call_user_func(Object(Closure))
#11 /var/www/html/backend-legacy-laravel8/vendor/laravel/telescope/src/Telescope.php(656): Laravel\\Telescope\\Telescope::withoutRecording(Object(Closure))
#12 /var/www/html/backend-legacy-laravel8/vendor/laravel/telescope/src/ListensForStorageOpportunities.php(65): Laravel\\Telescope\\Telescope::store(Object(Laravel\\Telescope\\Storage\\DatabaseEntriesRepository))
#13 /var/www/html/backend-legacy-laravel8/vendor/laravel/framework/src/Illuminate/Container/BoundMethod.php(36): Laravel\\Telescope\\Telescope::Laravel\\Telescope\\{closure}()
#14 /var/www/html/backend-legacy-laravel8/vendor/laravel/framework/src/Illuminate/Container/Util.php(43): Illuminate\\Container\\BoundMethod::Illuminate\\Container\\{closure}()
#15 /var/www/html/backend-legacy-laravel8/vendor/laravel/framework/src/Illuminate/Container/BoundMethod.php(83): Illuminate\\Container\\Util::unwrapIfClosure(Object(Closure))
#16 /var/www/html/backend-legacy-laravel8/vendor/laravel/framework/src/Illuminate/Container/BoundMethod.php(35): Illuminate\\Container\\BoundMethod::callBoundMethod(Object(Illuminate\\Foundation\\Application), Object(Closure), Object(Closure))
#17 /var/www/html/backend-legacy-laravel8/vendor/laravel/framework/src/Illuminate/Container/Container.php(696): Illuminate\\Container\\BoundMethod::call(Object(Illuminate\\Foundation\\Application), Object(Closure), Array, NULL)
#18 /var/www/html/backend-legacy-laravel8/vendor/laravel/framework/src/Illuminate/Foundation/Application.php(1452): Illuminate\\Container\\Container->call(Object(Closure))
#19 /var/www/html/backend-legacy-laravel8/vendor/laravel/framework/src/Illuminate/Foundation/Http/Kernel.php(218): Illuminate\\Foundation\\Application->terminate()
#20 /var/www/html/backend-legacy-laravel8/public/index.php(15): Illuminate\\Foundation\\Http\\Kernel->terminate(Object(Illuminate\\Http\\Request), Object(Illuminate\\Http\\Response))
#21 {main}
"} 
[2026-05-18 19:25:52] local.ERROR: SQLSTATE[HY000] [2002] Connection refused (Connection: mysql, SQL: insert into `telescope_entries` (`batch_id`, `content`, `created_at`, `family_hash`, `type`, `uuid`) values (a1cfa730-2141-41e3-b462-ddef2421ef0f, {"command":"key:generate","exit_code":0,"arguments":{"command":"key:generate"},"options":{"show":false,"force":false,"help":false,"silent":false,"quiet":false,"verbose":false,"version":false,"ansi":null,"no-interaction":true,"env":null},"hostname":"f1f77e1e5c93"}, 2026-05-18 19:25:52, ?, command, a1cfa730-1d77-4456-b267-44991ff8a6d6)) {"exception":"[object] (Illuminate\\Database\\QueryException(code: 2002): SQLSTATE[HY000] [2002] Connection refused (Connection: mysql, SQL: insert into `telescope_entries` (`batch_id`, `content`, `created_at`, `family_hash`, `type`, `uuid`) values (a1cfa730-2141-41e3-b462-ddef2421ef0f, {\"command\":\"key:generate\",\"exit_code\":0,\"arguments\":{\"command\":\"key:generate\"},\"options\":{\"show\":false,\"force\":false,\"help\":false,\"silent\":false,\"quiet\":false,\"verbose\":false,\"version\":false,\"ansi\":null,\"no-interaction\":true,\"env\":null},\"hostname\":\"f1f77e1e5c93\"}, 2026-05-18 19:25:52, ?, command, a1cfa730-1d77-4456-b267-44991ff8a6d6)) at /var/www/html/backend-actualizado/vendor/laravel/framework/src/Illuminate/Database/Connection.php:825)
[stacktrace]
#0 /var/www/html/backend-actualizado/vendor/laravel/framework/src/Illuminate/Database/Connection.php(979): Illuminate\\Database\\Connection->runQueryCallback('insert into `te...', Array, Object(Closure))
#1 /var/www/html/backend-actualizado/vendor/laravel/framework/src/Illuminate/Database/Connection.php(958): Illuminate\\Database\\Connection->tryAgainIfCausedByLostConnection(Object(Illuminate\\Database\\QueryException), 'insert into `te...', Array, Object(Closure))
#2 /var/www/html/backend-actualizado/vendor/laravel/framework/src/Illuminate/Database/Connection.php(781): Illuminate\\Database\\Connection->handleQueryException(Object(Illuminate\\Database\\QueryException), 'insert into `te...', Array, Object(Closure))
#3 /var/www/html/backend-actualizado/vendor/laravel/framework/src/Illuminate/Database/MySqlConnection.php(42): Illuminate\\Database\\Connection->run('insert into `te...', Array, Object(Closure))
#4 /var/www/html/backend-actualizado/vendor/laravel/framework/src/Illuminate/Database/Query/Builder.php(3717): Illuminate\\Database\\MySqlConnection->insert('insert into `te...', Array)
#5 /var/www/html/backend-actualizado/vendor/laravel/telescope/src/Storage/DatabaseEntriesRepository.php(145): Illuminate\\Database\\Query\\Builder->insert(Array)
#6 /var/www/html/backend-actualizado/vendor/laravel/framework/src/Illuminate/Collections/Traits/EnumeratesValues.php(261): Laravel\\Telescope\\Storage\\DatabaseEntriesRepository->Laravel\\Telescope\\Storage\\{closure}(Object(Illuminate\\Support\\Collection), 0)
#7 /var/www/html/backend-actualizado/vendor/laravel/telescope/src/Storage/DatabaseEntriesRepository.php(144): Illuminate\\Support\\Collection->each(Object(Closure))
#8 /var/www/html/backend-actualizado/vendor/laravel/telescope/src/Telescope.php(664): Laravel\\Telescope\\Storage\\DatabaseEntriesRepository->store(Object(Illuminate\\Support\\Collection))
#9 [internal function]: Laravel\\Telescope\\Telescope::Laravel\\Telescope\\{closure}()
#10 /var/www/html/backend-actualizado/vendor/laravel/telescope/src/Telescope.php(289): call_user_func(Object(Closure))
#11 /var/www/html/backend-actualizado/vendor/laravel/telescope/src/Telescope.php(656): Laravel\\Telescope\\Telescope::withoutRecording(Object(Closure))
#12 /var/www/html/backend-actualizado/vendor/laravel/telescope/src/ListensForStorageOpportunities.php(65): Laravel\\Telescope\\Telescope::store(Object(Laravel\\Telescope\\Storage\\DatabaseEntriesRepository))
#13 /var/www/html/backend-actualizado/vendor/laravel/framework/src/Illuminate/Container/BoundMethod.php(36): Laravel\\Telescope\\Telescope::Laravel\\Telescope\\{closure}()
#14 /var/www/html/backend-actualizado/vendor/laravel/framework/src/Illuminate/Container/Util.php(43): Illuminate\\Container\\BoundMethod::Illuminate\\Container\\{closure}()
#15 /var/www/html/backend-actualizado/vendor/laravel/framework/src/Illuminate/Container/BoundMethod.php(83): Illuminate\\Container\\Util::unwrapIfClosure(Object(Closure))
#16 /var/www/html/backend-actualizado/vendor/laravel/framework/src/Illuminate/Container/BoundMethod.php(35): Illuminate\\Container\\BoundMethod::callBoundMethod(Object(Illuminate\\Foundation\\Application), Object(Closure), Object(Closure))
#17 /var/www/html/backend-actualizado/vendor/laravel/framework/src/Illuminate/Container/Container.php(696): Illuminate\\Container\\BoundMethod::call(Object(Illuminate\\Foundation\\Application), Object(Closure), Array, NULL)
#18 /var/www/html/backend-actualizado/vendor/laravel/framework/src/Illuminate/Foundation/Application.php(1452): Illuminate\\Container\\Container->call(Object(Closure))
#19 /var/www/html/backend-actualizado/vendor/laravel/framework/src/Illuminate/Foundation/Console/Kernel.php(219): Illuminate\\Foundation\\Application->terminate()
#20 /var/www/html/backend-actualizado/artisan(17): Illuminate\\Foundation\\Console\\Kernel->terminate(Object(Symfony\\Component\\Console\\Input\\ArgvInput), 0)
#21 {main}

[previous exception] [object] (PDOException(code: 2002): SQLSTATE[HY000] [2002] Connection refused at /var/www/html/backend-actualizado/vendor/laravel/framework/src/Illuminate/Database/Connectors/Connector.php:66)
[stacktrace]
#0 /var/www/html/backend-actualizado/vendor/laravel/framework/src/Illuminate/Database/Connectors/Connector.php(66): PDO->__construct('mysql:host=mysq...', 'root', Object(SensitiveParameterValue), Array)
#1 /var/www/html/backend-actualizado/vendor/laravel/framework/src/Illuminate/Database/Connectors/Connector.php(85): Illuminate\\Database\\Connectors\\Connector->createPdoConnection('mysql:host=mysq...', 'root', Object(SensitiveParameterValue), Array)
#2 /var/www/html/backend-actualizado/vendor/laravel/framework/src/Illuminate/Database/Connectors/Connector.php(48): Illuminate\\Database\\Connectors\\Connector->tryAgainIfCausedByLostConnection(Object(PDOException), 'mysql:host=mysq...', 'root', Object(SensitiveParameterValue), Array)
#3 /var/www/html/backend-actualizado/vendor/laravel/framework/src/Illuminate/Database/Connectors/MySqlConnector.php(24): Illuminate\\Database\\Connectors\\Connector->createConnection('mysql:host=mysq...', Array, Array)
#4 /var/www/html/backend-actualizado/vendor/laravel/framework/src/Illuminate/Database/Connectors/ConnectionFactory.php(185): Illuminate\\Database\\Connectors\\MySqlConnector->connect(Array)
#5 [internal function]: Illuminate\\Database\\Connectors\\ConnectionFactory->Illuminate\\Database\\Connectors\\{closure}()
#6 /var/www/html/backend-actualizado/vendor/laravel/framework/src/Illuminate/Database/Connection.php(1231): call_user_func(Object(Closure))
#7 /var/www/html/backend-actualizado/vendor/laravel/framework/src/Illuminate/Database/MySqlConnection.php(47): Illuminate\\Database\\Connection->getPdo()
#8 /var/www/html/backend-actualizado/vendor/laravel/framework/src/Illuminate/Database/Connection.php(812): Illuminate\\Database\\MySqlConnection->Illuminate\\Database\\{closure}('insert into `te...', Array)
#9 /var/www/html/backend-actualizado/vendor/laravel/framework/src/Illuminate/Database/Connection.php(979): Illuminate\\Database\\Connection->runQueryCallback('insert into `te...', Array, Object(Closure))
#10 /var/www/html/backend-actualizado/vendor/laravel/framework/src/Illuminate/Database/Connection.php(958): Illuminate\\Database\\Connection->tryAgainIfCausedByLostConnection(Object(Illuminate\\Database\\QueryException), 'insert into `te...', Array, Object(Closure))
#11 /var/www/html/backend-actualizado/vendor/laravel/framework/src/Illuminate/Database/Connection.php(781): Illuminate\\Database\\Connection->handleQueryException(Object(Illuminate\\Database\\QueryException), 'insert into `te...', Array, Object(Closure))
#12 /var/www/html/backend-actualizado/vendor/laravel/framework/src/Illuminate/Database/MySqlConnection.php(42): Illuminate\\Database\\Connection->run('insert into `te...', Array, Object(Closure))
#13 /var/www/html/backend-actualizado/vendor/laravel/framework/src/Illuminate/Database/Query/Builder.php(3717): Illuminate\\Database\\MySqlConnection->insert('insert into `te...', Array)
#14 /var/www/html/backend-actualizado/vendor/laravel/telescope/src/Storage/DatabaseEntriesRepository.php(145): Illuminate\\Database\\Query\\Builder->insert(Array)
#15 /var/www/html/backend-actualizado/vendor/laravel/framework/src/Illuminate/Collections/Traits/EnumeratesValues.php(261): Laravel\\Telescope\\Storage\\DatabaseEntriesRepository->Laravel\\Telescope\\Storage\\{closure}(Object(Illuminate\\Support\\Collection), 0)
#16 /var/www/html/backend-actualizado/vendor/laravel/telescope/src/Storage/DatabaseEntriesRepository.php(144): Illuminate\\Support\\Collection->each(Object(Closure))
#17 /var/www/html/backend-actualizado/vendor/laravel/telescope/src/Telescope.php(664): Laravel\\Telescope\\Storage\\DatabaseEntriesRepository->store(Object(Illuminate\\Support\\Collection))
#18 [internal function]: Laravel\\Telescope\\Telescope::Laravel\\Telescope\\{closure}()
#19 /var/www/html/backend-actualizado/vendor/laravel/telescope/src/Telescope.php(289): call_user_func(Object(Closure))
#20 /var/www/html/backend-actualizado/vendor/laravel/telescope/src/Telescope.php(656): Laravel\\Telescope\\Telescope::withoutRecording(Object(Closure))
#21 /var/www/html/backend-actualizado/vendor/laravel/telescope/src/ListensForStorageOpportunities.php(65): Laravel\\Telescope\\Telescope::store(Object(Laravel\\Telescope\\Storage\\DatabaseEntriesRepository))
#22 /var/www/html/backend-actualizado/vendor/laravel/framework/src/Illuminate/Container/BoundMethod.php(36): Laravel\\Telescope\\Telescope::Laravel\\Telescope\\{closure}()
#23 /var/www/html/backend-actualizado/vendor/laravel/framework/src/Illuminate/Container/Util.php(43): Illuminate\\Container\\BoundMethod::Illuminate\\Container\\{closure}()
#24 /var/www/html/backend-actualizado/vendor/laravel/framework/src/Illuminate/Container/BoundMethod.php(83): Illuminate\\Container\\Util::unwrapIfClosure(Object(Closure))
#25 /var/www/html/backend-actualizado/vendor/laravel/framework/src/Illuminate/Container/BoundMethod.php(35): Illuminate\\Container\\BoundMethod::callBoundMethod(Object(Illuminate\\Foundation\\Application), Object(Closure), Object(Closure))
#26 /var/www/html/backend-actualizado/vendor/laravel/framework/src/Illuminate/Container/Container.php(696): Illuminate\\Container\\BoundMethod::call(Object(Illuminate\\Foundation\\Application), Object(Closure), Array, NULL)
#27 /var/www/html/backend-actualizado/vendor/laravel/framework/src/Illuminate/Foundation/Application.php(1452): Illuminate\\Container\\Container->call(Object(Closure))
#28 /var/www/html/backend-actualizado/vendor/laravel/framework/src/Illuminate/Foundation/Console/Kernel.php(219): Illuminate\\Foundation\\Application->terminate()
#29 /var/www/html/backend-actualizado/artisan(17): Illuminate\\Foundation\\Console\\Kernel->terminate(Object(Symfony\\Component\\Console\\Input\\ArgvInput), 0)
#30 {main}
"} 
[2026-05-18 19:25:52] local.ERROR: SQLSTATE[HY000] [2002] Connection refused (Connection: mysql, SQL: select exists (select 1 from information_schema.tables where table_schema = 'legacy_products' and table_name = 'migrations' and table_type in ('BASE TABLE', 'SYSTEM VERSIONED')) as `exists`) {"exception":"[object] (Illuminate\\Database\\QueryException(code: 2002): SQLSTATE[HY000] [2002] Connection refused (Connection: mysql, SQL: select exists (select 1 from information_schema.tables where table_schema = 'legacy_products' and table_name = 'migrations' and table_type in ('BASE TABLE', 'SYSTEM VERSIONED')) as `exists`) at /var/www/html/backend-actualizado/vendor/laravel/framework/src/Illuminate/Database/Connection.php:825)
[stacktrace]
#0 /var/www/html/backend-actualizado/vendor/laravel/framework/src/Illuminate/Database/Connection.php(979): Illuminate\\Database\\Connection->runQueryCallback('select exists (...', Array, Object(Closure))
#1 /var/www/html/backend-actualizado/vendor/laravel/framework/src/Illuminate/Database/Connection.php(958): Illuminate\\Database\\Connection->tryAgainIfCausedByLostConnection(Object(Illuminate\\Database\\QueryException), 'select exists (...', Array, Object(Closure))
#2 /var/www/html/backend-actualizado/vendor/laravel/framework/src/Illuminate/Database/Connection.php(781): Illuminate\\Database\\Connection->handleQueryException(Object(Illuminate\\Database\\QueryException), 'select exists (...', Array, Object(Closure))
#3 /var/www/html/backend-actualizado/vendor/laravel/framework/src/Illuminate/Database/Connection.php(398): Illuminate\\Database\\Connection->run('select exists (...', Array, Object(Closure))
#4 /var/www/html/backend-actualizado/vendor/laravel/framework/src/Illuminate/Database/Connection.php(344): Illuminate\\Database\\Connection->select('select exists (...', Array, true)
#5 /var/www/html/backend-actualizado/vendor/laravel/framework/src/Illuminate/Database/Connection.php(361): Illuminate\\Database\\Connection->selectOne('select exists (...', Array, true)
#6 /var/www/html/backend-actualizado/vendor/laravel/framework/src/Illuminate/Database/Schema/MySqlBuilder.php(45): Illuminate\\Database\\Connection->scalar('select exists (...')
#7 /var/www/html/backend-actualizado/vendor/laravel/framework/src/Illuminate/Database/Migrations/DatabaseMigrationRepository.php(184): Illuminate\\Database\\Schema\\MySqlBuilder->hasTable('migrations')
#8 /var/www/html/backend-actualizado/vendor/laravel/framework/src/Illuminate/Database/Migrations/Migrator.php(742): Illuminate\\Database\\Migrations\\DatabaseMigrationRepository->repositoryExists()
#9 /var/www/html/backend-actualizado/vendor/laravel/framework/src/Illuminate/Database/Console/Migrations/MigrateCommand.php(165): Illuminate\\Database\\Migrations\\Migrator->repositoryExists()
#10 /var/www/html/backend-actualizado/vendor/laravel/framework/src/Illuminate/Support/helpers.php(338): Illuminate\\Database\\Console\\Migrations\\MigrateCommand->Illuminate\\Database\\Console\\Migrations\\{closure}(1)
#11 /var/www/html/backend-actualizado/vendor/laravel/framework/src/Illuminate/Database/Console/Migrations/MigrateCommand.php(165): retry(1, Object(Closure), 0, Object(Closure))
#12 /var/www/html/backend-actualizado/vendor/laravel/framework/src/Illuminate/Database/Console/Migrations/MigrateCommand.php(141): Illuminate\\Database\\Console\\Migrations\\MigrateCommand->repositoryExists()
#13 /var/www/html/backend-actualizado/vendor/laravel/framework/src/Illuminate/Database/Console/Migrations/MigrateCommand.php(111): Illuminate\\Database\\Console\\Migrations\\MigrateCommand->prepareDatabase()
#14 /var/www/html/backend-actualizado/vendor/laravel/framework/src/Illuminate/Database/Migrations/Migrator.php(658): Illuminate\\Database\\Console\\Migrations\\MigrateCommand->Illuminate\\Database\\Console\\Migrations\\{closure}()
#15 /var/www/html/backend-actualizado/vendor/laravel/framework/src/Illuminate/Database/Console/Migrations/MigrateCommand.php(110): Illuminate\\Database\\Migrations\\Migrator->usingConnection(NULL, Object(Closure))
#16 /var/www/html/backend-actualizado/vendor/laravel/framework/src/Illuminate/Database/Console/Migrations/MigrateCommand.php(89): Illuminate\\Database\\Console\\Migrations\\MigrateCommand->runMigrations()
#17 /var/www/html/backend-actualizado/vendor/laravel/framework/src/Illuminate/Container/BoundMethod.php(36): Illuminate\\Database\\Console\\Migrations\\MigrateCommand->handle()
#18 /var/www/html/backend-actualizado/vendor/laravel/framework/src/Illuminate/Container/Util.php(43): Illuminate\\Container\\BoundMethod::Illuminate\\Container\\{closure}()
#19 /var/www/html/backend-actualizado/vendor/laravel/framework/src/Illuminate/Container/BoundMethod.php(95): Illuminate\\Container\\Util::unwrapIfClosure(Object(Closure))
#20 /var/www/html/backend-actualizado/vendor/laravel/framework/src/Illuminate/Container/BoundMethod.php(35): Illuminate\\Container\\BoundMethod::callBoundMethod(Object(Illuminate\\Foundation\\Application), Array, Object(Closure))
#21 /var/www/html/backend-actualizado/vendor/laravel/framework/src/Illuminate/Container/Container.php(696): Illuminate\\Container\\BoundMethod::call(Object(Illuminate\\Foundation\\Application), Array, Array, NULL)
#22 /var/www/html/backend-actualizado/vendor/laravel/framework/src/Illuminate/Console/Command.php(213): Illuminate\\Container\\Container->call(Array)
#23 /var/www/html/backend-actualizado/vendor/symfony/console/Command/Command.php(341): Illuminate\\Console\\Command->execute(Object(Symfony\\Component\\Console\\Input\\ArgvInput), Object(Illuminate\\Console\\OutputStyle))
#24 /var/www/html/backend-actualizado/vendor/laravel/framework/src/Illuminate/Console/Command.php(182): Symfony\\Component\\Console\\Command\\Command->run(Object(Symfony\\Component\\Console\\Input\\ArgvInput), Object(Illuminate\\Console\\OutputStyle))
#25 /var/www/html/backend-actualizado/vendor/symfony/console/Application.php(1117): Illuminate\\Console\\Command->run(Object(Symfony\\Component\\Console\\Input\\ArgvInput), Object(Symfony\\Component\\Console\\Output\\ConsoleOutput))
#26 /var/www/html/backend-actualizado/vendor/symfony/console/Application.php(356): Symfony\\Component\\Console\\Application->doRunCommand(Object(Illuminate\\Database\\Console\\Migrations\\MigrateCommand), Object(Symfony\\Component\\Console\\Input\\ArgvInput), Object(Symfony\\Component\\Console\\Output\\ConsoleOutput))
#27 /var/www/html/backend-actualizado/vendor/symfony/console/Application.php(195): Symfony\\Component\\Console\\Application->doRun(Object(Symfony\\Component\\Console\\Input\\ArgvInput), Object(Symfony\\Component\\Console\\Output\\ConsoleOutput))
#28 /var/www/html/backend-actualizado/vendor/laravel/framework/src/Illuminate/Foundation/Console/Kernel.php(198): Symfony\\Component\\Console\\Application->run(Object(Symfony\\Component\\Console\\Input\\ArgvInput), Object(Symfony\\Component\\Console\\Output\\ConsoleOutput))
#29 /var/www/html/backend-actualizado/artisan(12): Illuminate\\Foundation\\Console\\Kernel->handle(Object(Symfony\\Component\\Console\\Input\\ArgvInput), Object(Symfony\\Component\\Console\\Output\\ConsoleOutput))
#30 {main}

[previous exception] [object] (PDOException(code: 2002): SQLSTATE[HY000] [2002] Connection refused at /var/www/html/backend-actualizado/vendor/laravel/framework/src/Illuminate/Database/Connectors/Connector.php:66)
[stacktrace]
#0 /var/www/html/backend-actualizado/vendor/laravel/framework/src/Illuminate/Database/Connectors/Connector.php(66): PDO->__construct('mysql:host=mysq...', 'root', Object(SensitiveParameterValue), Array)
#1 /var/www/html/backend-actualizado/vendor/laravel/framework/src/Illuminate/Database/Connectors/Connector.php(85): Illuminate\\Database\\Connectors\\Connector->createPdoConnection('mysql:host=mysq...', 'root', Object(SensitiveParameterValue), Array)
#2 /var/www/html/backend-actualizado/vendor/laravel/framework/src/Illuminate/Database/Connectors/Connector.php(48): Illuminate\\Database\\Connectors\\Connector->tryAgainIfCausedByLostConnection(Object(PDOException), 'mysql:host=mysq...', 'root', Object(SensitiveParameterValue), Array)
#3 /var/www/html/backend-actualizado/vendor/laravel/framework/src/Illuminate/Database/Connectors/MySqlConnector.php(24): Illuminate\\Database\\Connectors\\Connector->createConnection('mysql:host=mysq...', Array, Array)
#4 /var/www/html/backend-actualizado/vendor/laravel/framework/src/Illuminate/Database/Connectors/ConnectionFactory.php(185): Illuminate\\Database\\Connectors\\MySqlConnector->connect(Array)
#5 [internal function]: Illuminate\\Database\\Connectors\\ConnectionFactory->Illuminate\\Database\\Connectors\\{closure}()
#6 /var/www/html/backend-actualizado/vendor/laravel/framework/src/Illuminate/Database/Connection.php(1231): call_user_func(Object(Closure))
#7 /var/www/html/backend-actualizado/vendor/laravel/framework/src/Illuminate/Database/Connection.php(1267): Illuminate\\Database\\Connection->getPdo()
#8 /var/www/html/backend-actualizado/vendor/laravel/framework/src/Illuminate/Database/Connection.php(512): Illuminate\\Database\\Connection->getReadPdo()
#9 /var/www/html/backend-actualizado/vendor/laravel/framework/src/Illuminate/Database/Connection.php(407): Illuminate\\Database\\Connection->getPdoForSelect(true)
#10 /var/www/html/backend-actualizado/vendor/laravel/framework/src/Illuminate/Database/Connection.php(812): Illuminate\\Database\\Connection->Illuminate\\Database\\{closure}('select exists (...', Array)
#11 /var/www/html/backend-actualizado/vendor/laravel/framework/src/Illuminate/Database/Connection.php(979): Illuminate\\Database\\Connection->runQueryCallback('select exists (...', Array, Object(Closure))
#12 /var/www/html/backend-actualizado/vendor/laravel/framework/src/Illuminate/Database/Connection.php(958): Illuminate\\Database\\Connection->tryAgainIfCausedByLostConnection(Object(Illuminate\\Database\\QueryException), 'select exists (...', Array, Object(Closure))
#13 /var/www/html/backend-actualizado/vendor/laravel/framework/src/Illuminate/Database/Connection.php(781): Illuminate\\Database\\Connection->handleQueryException(Object(Illuminate\\Database\\QueryException), 'select exists (...', Array, Object(Closure))
#14 /var/www/html/backend-actualizado/vendor/laravel/framework/src/Illuminate/Database/Connection.php(398): Illuminate\\Database\\Connection->run('select exists (...', Array, Object(Closure))
#15 /var/www/html/backend-actualizado/vendor/laravel/framework/src/Illuminate/Database/Connection.php(344): Illuminate\\Database\\Connection->select('select exists (...', Array, true)
#16 /var/www/html/backend-actualizado/vendor/laravel/framework/src/Illuminate/Database/Connection.php(361): Illuminate\\Database\\Connection->selectOne('select exists (...', Array, true)
#17 /var/www/html/backend-actualizado/vendor/laravel/framework/src/Illuminate/Database/Schema/MySqlBuilder.php(45): Illuminate\\Database\\Connection->scalar('select exists (...')
#18 /var/www/html/backend-actualizado/vendor/laravel/framework/src/Illuminate/Database/Migrations/DatabaseMigrationRepository.php(184): Illuminate\\Database\\Schema\\MySqlBuilder->hasTable('migrations')
#19 /var/www/html/backend-actualizado/vendor/laravel/framework/src/Illuminate/Database/Migrations/Migrator.php(742): Illuminate\\Database\\Migrations\\DatabaseMigrationRepository->repositoryExists()
#20 /var/www/html/backend-actualizado/vendor/laravel/framework/src/Illuminate/Database/Console/Migrations/MigrateCommand.php(165): Illuminate\\Database\\Migrations\\Migrator->repositoryExists()
#21 /var/www/html/backend-actualizado/vendor/laravel/framework/src/Illuminate/Support/helpers.php(338): Illuminate\\Database\\Console\\Migrations\\MigrateCommand->Illuminate\\Database\\Console\\Migrations\\{closure}(1)
#22 /var/www/html/backend-actualizado/vendor/laravel/framework/src/Illuminate/Database/Console/Migrations/MigrateCommand.php(165): retry(1, Object(Closure), 0, Object(Closure))
#23 /var/www/html/backend-actualizado/vendor/laravel/framework/src/Illuminate/Database/Console/Migrations/MigrateCommand.php(141): Illuminate\\Database\\Console\\Migrations\\MigrateCommand->repositoryExists()
#24 /var/www/html/backend-actualizado/vendor/laravel/framework/src/Illuminate/Database/Console/Migrations/MigrateCommand.php(111): Illuminate\\Database\\Console\\Migrations\\MigrateCommand->prepareDatabase()
#25 /var/www/html/backend-actualizado/vendor/laravel/framework/src/Illuminate/Database/Migrations/Migrator.php(658): Illuminate\\Database\\Console\\Migrations\\MigrateCommand->Illuminate\\Database\\Console\\Migrations\\{closure}()
#26 /var/www/html/backend-actualizado/vendor/laravel/framework/src/Illuminate/Database/Console/Migrations/MigrateCommand.php(110): Illuminate\\Database\\Migrations\\Migrator->usingConnection(NULL, Object(Closure))
#27 /var/www/html/backend-actualizado/vendor/laravel/framework/src/Illuminate/Database/Console/Migrations/MigrateCommand.php(89): Illuminate\\Database\\Console\\Migrations\\MigrateCommand->runMigrations()
#28 /var/www/html/backend-actualizado/vendor/laravel/framework/src/Illuminate/Container/BoundMethod.php(36): Illuminate\\Database\\Console\\Migrations\\MigrateCommand->handle()
#29 /var/www/html/backend-actualizado/vendor/laravel/framework/src/Illuminate/Container/Util.php(43): Illuminate\\Container\\BoundMethod::Illuminate\\Container\\{closure}()
#30 /var/www/html/backend-actualizado/vendor/laravel/framework/src/Illuminate/Container/BoundMethod.php(95): Illuminate\\Container\\Util::unwrapIfClosure(Object(Closure))
#31 /var/www/html/backend-actualizado/vendor/laravel/framework/src/Illuminate/Container/BoundMethod.php(35): Illuminate\\Container\\BoundMethod::callBoundMethod(Object(Illuminate\\Foundation\\Application), Array, Object(Closure))
#32 /var/www/html/backend-actualizado/vendor/laravel/framework/src/Illuminate/Container/Container.php(696): Illuminate\\Container\\BoundMethod::call(Object(Illuminate\\Foundation\\Application), Array, Array, NULL)
#33 /var/www/html/backend-actualizado/vendor/laravel/framework/src/Illuminate/Console/Command.php(213): Illuminate\\Container\\Container->call(Array)
#34 /var/www/html/backend-actualizado/vendor/symfony/console/Command/Command.php(341): Illuminate\\Console\\Command->execute(Object(Symfony\\Component\\Console\\Input\\ArgvInput), Object(Illuminate\\Console\\OutputStyle))
#35 /var/www/html/backend-actualizado/vendor/laravel/framework/src/Illuminate/Console/Command.php(182): Symfony\\Component\\Console\\Command\\Command->run(Object(Symfony\\Component\\Console\\Input\\ArgvInput), Object(Illuminate\\Console\\OutputStyle))
#36 /var/www/html/backend-actualizado/vendor/symfony/console/Application.php(1117): Illuminate\\Console\\Command->run(Object(Symfony\\Component\\Console\\Input\\ArgvInput), Object(Symfony\\Component\\Console\\Output\\ConsoleOutput))
#37 /var/www/html/backend-actualizado/vendor/symfony/console/Application.php(356): Symfony\\Component\\Console\\Application->doRunCommand(Object(Illuminate\\Database\\Console\\Migrations\\MigrateCommand), Object(Symfony\\Component\\Console\\Input\\ArgvInput), Object(Symfony\\Component\\Console\\Output\\ConsoleOutput))
#38 /var/www/html/backend-actualizado/vendor/symfony/console/Application.php(195): Symfony\\Component\\Console\\Application->doRun(Object(Symfony\\Component\\Console\\Input\\ArgvInput), Object(Symfony\\Component\\Console\\Output\\ConsoleOutput))
#39 /var/www/html/backend-actualizado/vendor/laravel/framework/src/Illuminate/Foundation/Console/Kernel.php(198): Symfony\\Component\\Console\\Application->run(Object(Symfony\\Component\\Console\\Input\\ArgvInput), Object(Symfony\\Component\\Console\\Output\\ConsoleOutput))
#40 /var/www/html/backend-actualizado/artisan(12): Illuminate\\Foundation\\Console\\Kernel->handle(Object(Symfony\\Component\\Console\\Input\\ArgvInput), Object(Symfony\\Component\\Console\\Output\\ConsoleOutput))
#41 {main}
"} 
[2026-05-18 19:25:52] local.ERROR: SQLSTATE[HY000] [2002] Connection refused (Connection: mysql, SQL: select count(*) as aggregate from `telescope_entries` where `type` = exception and `family_hash` = be168411304395164ad6aae891656b2c) {"exception":"[object] (Illuminate\\Database\\QueryException(code: 2002): SQLSTATE[HY000] [2002] Connection refused (Connection: mysql, SQL: select count(*) as aggregate from `telescope_entries` where `type` = exception and `family_hash` = be168411304395164ad6aae891656b2c) at /var/www/html/backend-actualizado/vendor/laravel/framework/src/Illuminate/Database/Connection.php:825)
[stacktrace]
#0 /var/www/html/backend-actualizado/vendor/laravel/framework/src/Illuminate/Database/Connection.php(979): Illuminate\\Database\\Connection->runQueryCallback('select count(*)...', Array, Object(Closure))
#1 /var/www/html/backend-actualizado/vendor/laravel/framework/src/Illuminate/Database/Connection.php(958): Illuminate\\Database\\Connection->tryAgainIfCausedByLostConnection(Object(Illuminate\\Database\\QueryException), 'select count(*)...', Array, Object(Closure))
#2 /var/www/html/backend-actualizado/vendor/laravel/framework/src/Illuminate/Database/Connection.php(781): Illuminate\\Database\\Connection->handleQueryException(Object(Illuminate\\Database\\QueryException), 'select count(*)...', Array, Object(Closure))
#3 /var/www/html/backend-actualizado/vendor/laravel/framework/src/Illuminate/Database/Connection.php(398): Illuminate\\Database\\Connection->run('select count(*)...', Array, Object(Closure))
#4 /var/www/html/backend-actualizado/vendor/laravel/framework/src/Illuminate/Database/Query/Builder.php(3106): Illuminate\\Database\\Connection->select('select count(*)...', Array, true)
#5 /var/www/html/backend-actualizado/vendor/laravel/framework/src/Illuminate/Database/Query/Builder.php(3091): Illuminate\\Database\\Query\\Builder->runSelect()
#6 /var/www/html/backend-actualizado/vendor/laravel/framework/src/Illuminate/Database/Query/Builder.php(3676): Illuminate\\Database\\Query\\Builder->Illuminate\\Database\\Query\\{closure}()
#7 /var/www/html/backend-actualizado/vendor/laravel/framework/src/Illuminate/Database/Query/Builder.php(3090): Illuminate\\Database\\Query\\Builder->onceWithColumns(Array, Object(Closure))
#8 /var/www/html/backend-actualizado/vendor/laravel/framework/src/Illuminate/Database/Query/Builder.php(3603): Illuminate\\Database\\Query\\Builder->get(Array)
#9 /var/www/html/backend-actualizado/vendor/laravel/framework/src/Illuminate/Database/Query/Builder.php(3531): Illuminate\\Database\\Query\\Builder->aggregate('count', Array)
#10 /var/www/html/backend-actualizado/vendor/laravel/telescope/src/Storage/DatabaseEntriesRepository.php(123): Illuminate\\Database\\Query\\Builder->count()
#11 /var/www/html/backend-actualizado/vendor/laravel/telescope/src/Storage/DatabaseEntriesRepository.php(165): Laravel\\Telescope\\Storage\\DatabaseEntriesRepository->countExceptionOccurences(Object(Laravel\\Telescope\\IncomingExceptionEntry))
#12 [internal function]: Laravel\\Telescope\\Storage\\DatabaseEntriesRepository->Laravel\\Telescope\\Storage\\{closure}(Object(Laravel\\Telescope\\IncomingExceptionEntry), 1)
#13 /var/www/html/backend-actualizado/vendor/laravel/framework/src/Illuminate/Collections/Arr.php(609): array_map(Object(Closure), Array, Array)
#14 /var/www/html/backend-actualizado/vendor/laravel/framework/src/Illuminate/Collections/Collection.php(799): Illuminate\\Support\\Arr::map(Array, Object(Closure))
#15 /var/www/html/backend-actualizado/vendor/laravel/telescope/src/Storage/DatabaseEntriesRepository.php(164): Illuminate\\Support\\Collection->map(Object(Closure))
#16 /var/www/html/backend-actualizado/vendor/laravel/framework/src/Illuminate/Collections/Traits/EnumeratesValues.php(261): Laravel\\Telescope\\Storage\\DatabaseEntriesRepository->Laravel\\Telescope\\Storage\\{closure}(Object(Illuminate\\Support\\Collection), 0)
#17 /var/www/html/backend-actualizado/vendor/laravel/telescope/src/Storage/DatabaseEntriesRepository.php(163): Illuminate\\Support\\Collection->each(Object(Closure))
#18 /var/www/html/backend-actualizado/vendor/laravel/telescope/src/Storage/DatabaseEntriesRepository.php(140): Laravel\\Telescope\\Storage\\DatabaseEntriesRepository->storeExceptions(Object(Illuminate\\Support\\Collection))
#19 /var/www/html/backend-actualizado/vendor/laravel/telescope/src/Telescope.php(664): Laravel\\Telescope\\Storage\\DatabaseEntriesRepository->store(Object(Illuminate\\Support\\Collection))
#20 [internal function]: Laravel\\Telescope\\Telescope::Laravel\\Telescope\\{closure}()
#21 /var/www/html/backend-actualizado/vendor/laravel/telescope/src/Telescope.php(289): call_user_func(Object(Closure))
#22 /var/www/html/backend-actualizado/vendor/laravel/telescope/src/Telescope.php(656): Laravel\\Telescope\\Telescope::withoutRecording(Object(Closure))
#23 /var/www/html/backend-actualizado/vendor/laravel/telescope/src/ListensForStorageOpportunities.php(65): Laravel\\Telescope\\Telescope::store(Object(Laravel\\Telescope\\Storage\\DatabaseEntriesRepository))
#24 /var/www/html/backend-actualizado/vendor/laravel/framework/src/Illuminate/Container/BoundMethod.php(36): Laravel\\Telescope\\Telescope::Laravel\\Telescope\\{closure}()
#25 /var/www/html/backend-actualizado/vendor/laravel/framework/src/Illuminate/Container/Util.php(43): Illuminate\\Container\\BoundMethod::Illuminate\\Container\\{closure}()
#26 /var/www/html/backend-actualizado/vendor/laravel/framework/src/Illuminate/Container/BoundMethod.php(83): Illuminate\\Container\\Util::unwrapIfClosure(Object(Closure))
#27 /var/www/html/backend-actualizado/vendor/laravel/framework/src/Illuminate/Container/BoundMethod.php(35): Illuminate\\Container\\BoundMethod::callBoundMethod(Object(Illuminate\\Foundation\\Application), Object(Closure), Object(Closure))
#28 /var/www/html/backend-actualizado/vendor/laravel/framework/src/Illuminate/Container/Container.php(696): Illuminate\\Container\\BoundMethod::call(Object(Illuminate\\Foundation\\Application), Object(Closure), Array, NULL)
#29 /var/www/html/backend-actualizado/vendor/laravel/framework/src/Illuminate/Foundation/Application.php(1452): Illuminate\\Container\\Container->call(Object(Closure))
#30 /var/www/html/backend-actualizado/vendor/laravel/framework/src/Illuminate/Foundation/Console/Kernel.php(219): Illuminate\\Foundation\\Application->terminate()
#31 /var/www/html/backend-actualizado/artisan(17): Illuminate\\Foundation\\Console\\Kernel->terminate(Object(Symfony\\Component\\Console\\Input\\ArgvInput), 1)
#32 {main}

[previous exception] [object] (PDOException(code: 2002): SQLSTATE[HY000] [2002] Connection refused at /var/www/html/backend-actualizado/vendor/laravel/framework/src/Illuminate/Database/Connectors/Connector.php:66)
[stacktrace]
#0 /var/www/html/backend-actualizado/vendor/laravel/framework/src/Illuminate/Database/Connectors/Connector.php(66): PDO->__construct('mysql:host=mysq...', 'root', Object(SensitiveParameterValue), Array)
#1 /var/www/html/backend-actualizado/vendor/laravel/framework/src/Illuminate/Database/Connectors/Connector.php(85): Illuminate\\Database\\Connectors\\Connector->createPdoConnection('mysql:host=mysq...', 'root', Object(SensitiveParameterValue), Array)
#2 /var/www/html/backend-actualizado/vendor/laravel/framework/src/Illuminate/Database/Connectors/Connector.php(48): Illuminate\\Database\\Connectors\\Connector->tryAgainIfCausedByLostConnection(Object(PDOException), 'mysql:host=mysq...', 'root', Object(SensitiveParameterValue), Array)
#3 /var/www/html/backend-actualizado/vendor/laravel/framework/src/Illuminate/Database/Connectors/MySqlConnector.php(24): Illuminate\\Database\\Connectors\\Connector->createConnection('mysql:host=mysq...', Array, Array)
#4 /var/www/html/backend-actualizado/vendor/laravel/framework/src/Illuminate/Database/Connectors/ConnectionFactory.php(185): Illuminate\\Database\\Connectors\\MySqlConnector->connect(Array)
#5 [internal function]: Illuminate\\Database\\Connectors\\ConnectionFactory->Illuminate\\Database\\Connectors\\{closure}()
#6 /var/www/html/backend-actualizado/vendor/laravel/framework/src/Illuminate/Database/Connection.php(1231): call_user_func(Object(Closure))
#7 /var/www/html/backend-actualizado/vendor/laravel/framework/src/Illuminate/Database/Connection.php(1267): Illuminate\\Database\\Connection->getPdo()
#8 /var/www/html/backend-actualizado/vendor/laravel/framework/src/Illuminate/Database/Connection.php(512): Illuminate\\Database\\Connection->getReadPdo()
#9 /var/www/html/backend-actualizado/vendor/laravel/framework/src/Illuminate/Database/Connection.php(407): Illuminate\\Database\\Connection->getPdoForSelect(true)
#10 /var/www/html/backend-actualizado/vendor/laravel/framework/src/Illuminate/Database/Connection.php(812): Illuminate\\Database\\Connection->Illuminate\\Database\\{closure}('select count(*)...', Array)
#11 /var/www/html/backend-actualizado/vendor/laravel/framework/src/Illuminate/Database/Connection.php(979): Illuminate\\Database\\Connection->runQueryCallback('select count(*)...', Array, Object(Closure))
#12 /var/www/html/backend-actualizado/vendor/laravel/framework/src/Illuminate/Database/Connection.php(958): Illuminate\\Database\\Connection->tryAgainIfCausedByLostConnection(Object(Illuminate\\Database\\QueryException), 'select count(*)...', Array, Object(Closure))
#13 /var/www/html/backend-actualizado/vendor/laravel/framework/src/Illuminate/Database/Connection.php(781): Illuminate\\Database\\Connection->handleQueryException(Object(Illuminate\\Database\\QueryException), 'select count(*)...', Array, Object(Closure))
#14 /var/www/html/backend-actualizado/vendor/laravel/framework/src/Illuminate/Database/Connection.php(398): Illuminate\\Database\\Connection->run('select count(*)...', Array, Object(Closure))
#15 /var/www/html/backend-actualizado/vendor/laravel/framework/src/Illuminate/Database/Query/Builder.php(3106): Illuminate\\Database\\Connection->select('select count(*)...', Array, true)
#16 /var/www/html/backend-actualizado/vendor/laravel/framework/src/Illuminate/Database/Query/Builder.php(3091): Illuminate\\Database\\Query\\Builder->runSelect()
#17 /var/www/html/backend-actualizado/vendor/laravel/framework/src/Illuminate/Database/Query/Builder.php(3676): Illuminate\\Database\\Query\\Builder->Illuminate\\Database\\Query\\{closure}()
#18 /var/www/html/backend-actualizado/vendor/laravel/framework/src/Illuminate/Database/Query/Builder.php(3090): Illuminate\\Database\\Query\\Builder->onceWithColumns(Array, Object(Closure))
#19 /var/www/html/backend-actualizado/vendor/laravel/framework/src/Illuminate/Database/Query/Builder.php(3603): Illuminate\\Database\\Query\\Builder->get(Array)
#20 /var/www/html/backend-actualizado/vendor/laravel/framework/src/Illuminate/Database/Query/Builder.php(3531): Illuminate\\Database\\Query\\Builder->aggregate('count', Array)
#21 /var/www/html/backend-actualizado/vendor/laravel/telescope/src/Storage/DatabaseEntriesRepository.php(123): Illuminate\\Database\\Query\\Builder->count()
#22 /var/www/html/backend-actualizado/vendor/laravel/telescope/src/Storage/DatabaseEntriesRepository.php(165): Laravel\\Telescope\\Storage\\DatabaseEntriesRepository->countExceptionOccurences(Object(Laravel\\Telescope\\IncomingExceptionEntry))
#23 [internal function]: Laravel\\Telescope\\Storage\\DatabaseEntriesRepository->Laravel\\Telescope\\Storage\\{closure}(Object(Laravel\\Telescope\\IncomingExceptionEntry), 1)
#24 /var/www/html/backend-actualizado/vendor/laravel/framework/src/Illuminate/Collections/Arr.php(609): array_map(Object(Closure), Array, Array)
#25 /var/www/html/backend-actualizado/vendor/laravel/framework/src/Illuminate/Collections/Collection.php(799): Illuminate\\Support\\Arr::map(Array, Object(Closure))
#26 /var/www/html/backend-actualizado/vendor/laravel/telescope/src/Storage/DatabaseEntriesRepository.php(164): Illuminate\\Support\\Collection->map(Object(Closure))
#27 /var/www/html/backend-actualizado/vendor/laravel/framework/src/Illuminate/Collections/Traits/EnumeratesValues.php(261): Laravel\\Telescope\\Storage\\DatabaseEntriesRepository->Laravel\\Telescope\\Storage\\{closure}(Object(Illuminate\\Support\\Collection), 0)
#28 /var/www/html/backend-actualizado/vendor/laravel/telescope/src/Storage/DatabaseEntriesRepository.php(163): Illuminate\\Support\\Collection->each(Object(Closure))
#29 /var/www/html/backend-actualizado/vendor/laravel/telescope/src/Storage/DatabaseEntriesRepository.php(140): Laravel\\Telescope\\Storage\\DatabaseEntriesRepository->storeExceptions(Object(Illuminate\\Support\\Collection))
#30 /var/www/html/backend-actualizado/vendor/laravel/telescope/src/Telescope.php(664): Laravel\\Telescope\\Storage\\DatabaseEntriesRepository->store(Object(Illuminate\\Support\\Collection))
#31 [internal function]: Laravel\\Telescope\\Telescope::Laravel\\Telescope\\{closure}()
#32 /var/www/html/backend-actualizado/vendor/laravel/telescope/src/Telescope.php(289): call_user_func(Object(Closure))
#33 /var/www/html/backend-actualizado/vendor/laravel/telescope/src/Telescope.php(656): Laravel\\Telescope\\Telescope::withoutRecording(Object(Closure))
#34 /var/www/html/backend-actualizado/vendor/laravel/telescope/src/ListensForStorageOpportunities.php(65): Laravel\\Telescope\\Telescope::store(Object(Laravel\\Telescope\\Storage\\DatabaseEntriesRepository))
#35 /var/www/html/backend-actualizado/vendor/laravel/framework/src/Illuminate/Container/BoundMethod.php(36): Laravel\\Telescope\\Telescope::Laravel\\Telescope\\{closure}()
#36 /var/www/html/backend-actualizado/vendor/laravel/framework/src/Illuminate/Container/Util.php(43): Illuminate\\Container\\BoundMethod::Illuminate\\Container\\{closure}()
#37 /var/www/html/backend-actualizado/vendor/laravel/framework/src/Illuminate/Container/BoundMethod.php(83): Illuminate\\Container\\Util::unwrapIfClosure(Object(Closure))
#38 /var/www/html/backend-actualizado/vendor/laravel/framework/src/Illuminate/Container/BoundMethod.php(35): Illuminate\\Container\\BoundMethod::callBoundMethod(Object(Illuminate\\Foundation\\Application), Object(Closure), Object(Closure))
#39 /var/www/html/backend-actualizado/vendor/laravel/framework/src/Illuminate/Container/Container.php(696): Illuminate\\Container\\BoundMethod::call(Object(Illuminate\\Foundation\\Application), Object(Closure), Array, NULL)
#40 /var/www/html/backend-actualizado/vendor/laravel/framework/src/Illuminate/Foundation/Application.php(1452): Illuminate\\Container\\Container->call(Object(Closure))
#41 /var/www/html/backend-actualizado/vendor/laravel/framework/src/Illuminate/Foundation/Console/Kernel.php(219): Illuminate\\Foundation\\Application->terminate()
#42 /var/www/html/backend-actualizado/artisan(17): Illuminate\\Foundation\\Console\\Kernel->terminate(Object(Symfony\\Component\\Console\\Input\\ArgvInput), 1)
#43 {main}
"} 
[2026-05-18 19:25:52] local.ERROR: SQLSTATE[HY000] [2002] Connection refused (Connection: mysql, SQL: select variable_value as `Value` from performance_schema.session_status where variable_name = 'threads_connected') {"exception":"[object] (Illuminate\\Database\\QueryException(code: 2002): SQLSTATE[HY000] [2002] Connection refused (Connection: mysql, SQL: select variable_value as `Value` from performance_schema.session_status where variable_name = 'threads_connected') at /var/www/html/backend-actualizado/vendor/laravel/framework/src/Illuminate/Database/Connection.php:825)
[stacktrace]
#0 /var/www/html/backend-actualizado/vendor/laravel/framework/src/Illuminate/Database/Connection.php(979): Illuminate\\Database\\Connection->runQueryCallback('select variable...', Array, Object(Closure))
#1 /var/www/html/backend-actualizado/vendor/laravel/framework/src/Illuminate/Database/Connection.php(958): Illuminate\\Database\\Connection->tryAgainIfCausedByLostConnection(Object(Illuminate\\Database\\QueryException), 'select variable...', Array, Object(Closure))
#2 /var/www/html/backend-actualizado/vendor/laravel/framework/src/Illuminate/Database/Connection.php(781): Illuminate\\Database\\Connection->handleQueryException(Object(Illuminate\\Database\\QueryException), 'select variable...', Array, Object(Closure))
#3 /var/www/html/backend-actualizado/vendor/laravel/framework/src/Illuminate/Database/Connection.php(398): Illuminate\\Database\\Connection->run('select variable...', Array, Object(Closure))
#4 /var/www/html/backend-actualizado/vendor/laravel/framework/src/Illuminate/Database/Connection.php(344): Illuminate\\Database\\Connection->select('select variable...', Array, true)
#5 /var/www/html/backend-actualizado/vendor/laravel/framework/src/Illuminate/Database/Connection.php(361): Illuminate\\Database\\Connection->selectOne('select variable...', Array, true)
#6 /var/www/html/backend-actualizado/vendor/laravel/framework/src/Illuminate/Database/Connection.php(636): Illuminate\\Database\\Connection->scalar('select variable...')
#7 /var/www/html/backend-actualizado/vendor/laravel/framework/src/Illuminate/Database/Console/MonitorCommand.php(89): Illuminate\\Database\\Connection->threadCount()
#8 [internal function]: Illuminate\\Database\\Console\\MonitorCommand->Illuminate\\Database\\Console\\{closure}('mysql', 0)
#9 /var/www/html/backend-actualizado/vendor/laravel/framework/src/Illuminate/Collections/Arr.php(609): array_map(Object(Closure), Array, Array)
#10 /var/www/html/backend-actualizado/vendor/laravel/framework/src/Illuminate/Collections/Collection.php(799): Illuminate\\Support\\Arr::map(Array, Object(Closure))
#11 /var/www/html/backend-actualizado/vendor/laravel/framework/src/Illuminate/Database/Console/MonitorCommand.php(82): Illuminate\\Support\\Collection->map(Object(Closure))
#12 /var/www/html/backend-actualizado/vendor/laravel/framework/src/Illuminate/Database/Console/MonitorCommand.php(65): Illuminate\\Database\\Console\\MonitorCommand->parseDatabases(NULL)
#13 /var/www/html/backend-actualizado/vendor/laravel/framework/src/Illuminate/Container/BoundMethod.php(36): Illuminate\\Database\\Console\\MonitorCommand->handle()
#14 /var/www/html/backend-actualizado/vendor/laravel/framework/src/Illuminate/Container/Util.php(43): Illuminate\\Container\\BoundMethod::Illuminate\\Container\\{closure}()
#15 /var/www/html/backend-actualizado/vendor/laravel/framework/src/Illuminate/Container/BoundMethod.php(95): Illuminate\\Container\\Util::unwrapIfClosure(Object(Closure))
#16 /var/www/html/backend-actualizado/vendor/laravel/framework/src/Illuminate/Container/BoundMethod.php(35): Illuminate\\Container\\BoundMethod::callBoundMethod(Object(Illuminate\\Foundation\\Application), Array, Object(Closure))
#17 /var/www/html/backend-actualizado/vendor/laravel/framework/src/Illuminate/Container/Container.php(696): Illuminate\\Container\\BoundMethod::call(Object(Illuminate\\Foundation\\Application), Array, Array, NULL)
#18 /var/www/html/backend-actualizado/vendor/laravel/framework/src/Illuminate/Console/Command.php(213): Illuminate\\Container\\Container->call(Array)
#19 /var/www/html/backend-actualizado/vendor/symfony/console/Command/Command.php(341): Illuminate\\Console\\Command->execute(Object(Symfony\\Component\\Console\\Input\\ArgvInput), Object(Illuminate\\Console\\OutputStyle))
#20 /var/www/html/backend-actualizado/vendor/laravel/framework/src/Illuminate/Console/Command.php(182): Symfony\\Component\\Console\\Command\\Command->run(Object(Symfony\\Component\\Console\\Input\\ArgvInput), Object(Illuminate\\Console\\OutputStyle))
#21 /var/www/html/backend-actualizado/vendor/symfony/console/Application.php(1117): Illuminate\\Console\\Command->run(Object(Symfony\\Component\\Console\\Input\\ArgvInput), Object(Symfony\\Component\\Console\\Output\\ConsoleOutput))
#22 /var/www/html/backend-actualizado/vendor/symfony/console/Application.php(356): Symfony\\Component\\Console\\Application->doRunCommand(Object(Illuminate\\Database\\Console\\MonitorCommand), Object(Symfony\\Component\\Console\\Input\\ArgvInput), Object(Symfony\\Component\\Console\\Output\\ConsoleOutput))
#23 /var/www/html/backend-actualizado/vendor/symfony/console/Application.php(195): Symfony\\Component\\Console\\Application->doRun(Object(Symfony\\Component\\Console\\Input\\ArgvInput), Object(Symfony\\Component\\Console\\Output\\ConsoleOutput))
#24 /var/www/html/backend-actualizado/vendor/laravel/framework/src/Illuminate/Foundation/Console/Kernel.php(198): Symfony\\Component\\Console\\Application->run(Object(Symfony\\Component\\Console\\Input\\ArgvInput), Object(Symfony\\Component\\Console\\Output\\ConsoleOutput))
#25 /var/www/html/backend-actualizado/artisan(12): Illuminate\\Foundation\\Console\\Kernel->handle(Object(Symfony\\Component\\Console\\Input\\ArgvInput), Object(Symfony\\Component\\Console\\Output\\ConsoleOutput))
#26 {main}

[previous exception] [object] (PDOException(code: 2002): SQLSTATE[HY000] [2002] Connection refused at /var/www/html/backend-actualizado/vendor/laravel/framework/src/Illuminate/Database/Connectors/Connector.php:66)
[stacktrace]
#0 /var/www/html/backend-actualizado/vendor/laravel/framework/src/Illuminate/Database/Connectors/Connector.php(66): PDO->__construct('mysql:host=mysq...', 'root', Object(SensitiveParameterValue), Array)
#1 /var/www/html/backend-actualizado/vendor/laravel/framework/src/Illuminate/Database/Connectors/Connector.php(85): Illuminate\\Database\\Connectors\\Connector->createPdoConnection('mysql:host=mysq...', 'root', Object(SensitiveParameterValue), Array)
#2 /var/www/html/backend-actualizado/vendor/laravel/framework/src/Illuminate/Database/Connectors/Connector.php(48): Illuminate\\Database\\Connectors\\Connector->tryAgainIfCausedByLostConnection(Object(PDOException), 'mysql:host=mysq...', 'root', Object(SensitiveParameterValue), Array)
#3 /var/www/html/backend-actualizado/vendor/laravel/framework/src/Illuminate/Database/Connectors/MySqlConnector.php(24): Illuminate\\Database\\Connectors\\Connector->createConnection('mysql:host=mysq...', Array, Array)
#4 /var/www/html/backend-actualizado/vendor/laravel/framework/src/Illuminate/Database/Connectors/ConnectionFactory.php(185): Illuminate\\Database\\Connectors\\MySqlConnector->connect(Array)
#5 [internal function]: Illuminate\\Database\\Connectors\\ConnectionFactory->Illuminate\\Database\\Connectors\\{closure}()
#6 /var/www/html/backend-actualizado/vendor/laravel/framework/src/Illuminate/Database/Connection.php(1231): call_user_func(Object(Closure))
#7 /var/www/html/backend-actualizado/vendor/laravel/framework/src/Illuminate/Database/Connection.php(1267): Illuminate\\Database\\Connection->getPdo()
#8 /var/www/html/backend-actualizado/vendor/laravel/framework/src/Illuminate/Database/Connection.php(512): Illuminate\\Database\\Connection->getReadPdo()
#9 /var/www/html/backend-actualizado/vendor/laravel/framework/src/Illuminate/Database/Connection.php(407): Illuminate\\Database\\Connection->getPdoForSelect(true)
#10 /var/www/html/backend-actualizado/vendor/laravel/framework/src/Illuminate/Database/Connection.php(812): Illuminate\\Database\\Connection->Illuminate\\Database\\{closure}('select variable...', Array)
#11 /var/www/html/backend-actualizado/vendor/laravel/framework/src/Illuminate/Database/Connection.php(979): Illuminate\\Database\\Connection->runQueryCallback('select variable...', Array, Object(Closure))
#12 /var/www/html/backend-actualizado/vendor/laravel/framework/src/Illuminate/Database/Connection.php(958): Illuminate\\Database\\Connection->tryAgainIfCausedByLostConnection(Object(Illuminate\\Database\\QueryException), 'select variable...', Array, Object(Closure))
#13 /var/www/html/backend-actualizado/vendor/laravel/framework/src/Illuminate/Database/Connection.php(781): Illuminate\\Database\\Connection->handleQueryException(Object(Illuminate\\Database\\QueryException), 'select variable...', Array, Object(Closure))
#14 /var/www/html/backend-actualizado/vendor/laravel/framework/src/Illuminate/Database/Connection.php(398): Illuminate\\Database\\Connection->run('select variable...', Array, Object(Closure))
#15 /var/www/html/backend-actualizado/vendor/laravel/framework/src/Illuminate/Database/Connection.php(344): Illuminate\\Database\\Connection->select('select variable...', Array, true)
#16 /var/www/html/backend-actualizado/vendor/laravel/framework/src/Illuminate/Database/Connection.php(361): Illuminate\\Database\\Connection->selectOne('select variable...', Array, true)
#17 /var/www/html/backend-actualizado/vendor/laravel/framework/src/Illuminate/Database/Connection.php(636): Illuminate\\Database\\Connection->scalar('select variable...')
#18 /var/www/html/backend-actualizado/vendor/laravel/framework/src/Illuminate/Database/Console/MonitorCommand.php(89): Illuminate\\Database\\Connection->threadCount()
#19 [internal function]: Illuminate\\Database\\Console\\MonitorCommand->Illuminate\\Database\\Console\\{closure}('mysql', 0)
#20 /var/www/html/backend-actualizado/vendor/laravel/framework/src/Illuminate/Collections/Arr.php(609): array_map(Object(Closure), Array, Array)
#21 /var/www/html/backend-actualizado/vendor/laravel/framework/src/Illuminate/Collections/Collection.php(799): Illuminate\\Support\\Arr::map(Array, Object(Closure))
#22 /var/www/html/backend-actualizado/vendor/laravel/framework/src/Illuminate/Database/Console/MonitorCommand.php(82): Illuminate\\Support\\Collection->map(Object(Closure))
#23 /var/www/html/backend-actualizado/vendor/laravel/framework/src/Illuminate/Database/Console/MonitorCommand.php(65): Illuminate\\Database\\Console\\MonitorCommand->parseDatabases(NULL)
#24 /var/www/html/backend-actualizado/vendor/laravel/framework/src/Illuminate/Container/BoundMethod.php(36): Illuminate\\Database\\Console\\MonitorCommand->handle()
#25 /var/www/html/backend-actualizado/vendor/laravel/framework/src/Illuminate/Container/Util.php(43): Illuminate\\Container\\BoundMethod::Illuminate\\Container\\{closure}()
#26 /var/www/html/backend-actualizado/vendor/laravel/framework/src/Illuminate/Container/BoundMethod.php(95): Illuminate\\Container\\Util::unwrapIfClosure(Object(Closure))
#27 /var/www/html/backend-actualizado/vendor/laravel/framework/src/Illuminate/Container/BoundMethod.php(35): Illuminate\\Container\\BoundMethod::callBoundMethod(Object(Illuminate\\Foundation\\Application), Array, Object(Closure))
#28 /var/www/html/backend-actualizado/vendor/laravel/framework/src/Illuminate/Container/Container.php(696): Illuminate\\Container\\BoundMethod::call(Object(Illuminate\\Foundation\\Application), Array, Array, NULL)
#29 /var/www/html/backend-actualizado/vendor/laravel/framework/src/Illuminate/Console/Command.php(213): Illuminate\\Container\\Container->call(Array)
#30 /var/www/html/backend-actualizado/vendor/symfony/console/Command/Command.php(341): Illuminate\\Console\\Command->execute(Object(Symfony\\Component\\Console\\Input\\ArgvInput), Object(Illuminate\\Console\\OutputStyle))
#31 /var/www/html/backend-actualizado/vendor/laravel/framework/src/Illuminate/Console/Command.php(182): Symfony\\Component\\Console\\Command\\Command->run(Object(Symfony\\Component\\Console\\Input\\ArgvInput), Object(Illuminate\\Console\\OutputStyle))
#32 /var/www/html/backend-actualizado/vendor/symfony/console/Application.php(1117): Illuminate\\Console\\Command->run(Object(Symfony\\Component\\Console\\Input\\ArgvInput), Object(Symfony\\Component\\Console\\Output\\ConsoleOutput))
#33 /var/www/html/backend-actualizado/vendor/symfony/console/Application.php(356): Symfony\\Component\\Console\\Application->doRunCommand(Object(Illuminate\\Database\\Console\\MonitorCommand), Object(Symfony\\Component\\Console\\Input\\ArgvInput), Object(Symfony\\Component\\Console\\Output\\ConsoleOutput))
#34 /var/www/html/backend-actualizado/vendor/symfony/console/Application.php(195): Symfony\\Component\\Console\\Application->doRun(Object(Symfony\\Component\\Console\\Input\\ArgvInput), Object(Symfony\\Component\\Console\\Output\\ConsoleOutput))
#35 /var/www/html/backend-actualizado/vendor/laravel/framework/src/Illuminate/Foundation/Console/Kernel.php(198): Symfony\\Component\\Console\\Application->run(Object(Symfony\\Component\\Console\\Input\\ArgvInput), Object(Symfony\\Component\\Console\\Output\\ConsoleOutput))
#36 /var/www/html/backend-actualizado/artisan(12): Illuminate\\Foundation\\Console\\Kernel->handle(Object(Symfony\\Component\\Console\\Input\\ArgvInput), Object(Symfony\\Component\\Console\\Output\\ConsoleOutput))
#37 {main}
"} 
[2026-05-18 19:25:53] local.ERROR: SQLSTATE[HY000] [2002] Connection refused (Connection: mysql, SQL: select count(*) as aggregate from `telescope_entries` where `type` = exception and `family_hash` = be168411304395164ad6aae891656b2c) {"exception":"[object] (Illuminate\\Database\\QueryException(code: 2002): SQLSTATE[HY000] [2002] Connection refused (Connection: mysql, SQL: select count(*) as aggregate from `telescope_entries` where `type` = exception and `family_hash` = be168411304395164ad6aae891656b2c) at /var/www/html/backend-actualizado/vendor/laravel/framework/src/Illuminate/Database/Connection.php:825)
[stacktrace]
#0 /var/www/html/backend-actualizado/vendor/laravel/framework/src/Illuminate/Database/Connection.php(979): Illuminate\\Database\\Connection->runQueryCallback('select count(*)...', Array, Object(Closure))
#1 /var/www/html/backend-actualizado/vendor/laravel/framework/src/Illuminate/Database/Connection.php(958): Illuminate\\Database\\Connection->tryAgainIfCausedByLostConnection(Object(Illuminate\\Database\\QueryException), 'select count(*)...', Array, Object(Closure))
#2 /var/www/html/backend-actualizado/vendor/laravel/framework/src/Illuminate/Database/Connection.php(781): Illuminate\\Database\\Connection->handleQueryException(Object(Illuminate\\Database\\QueryException), 'select count(*)...', Array, Object(Closure))
#3 /var/www/html/backend-actualizado/vendor/laravel/framework/src/Illuminate/Database/Connection.php(398): Illuminate\\Database\\Connection->run('select count(*)...', Array, Object(Closure))
#4 /var/www/html/backend-actualizado/vendor/laravel/framework/src/Illuminate/Database/Query/Builder.php(3106): Illuminate\\Database\\Connection->select('select count(*)...', Array, true)
#5 /var/www/html/backend-actualizado/vendor/laravel/framework/src/Illuminate/Database/Query/Builder.php(3091): Illuminate\\Database\\Query\\Builder->runSelect()
#6 /var/www/html/backend-actualizado/vendor/laravel/framework/src/Illuminate/Database/Query/Builder.php(3676): Illuminate\\Database\\Query\\Builder->Illuminate\\Database\\Query\\{closure}()
#7 /var/www/html/backend-actualizado/vendor/laravel/framework/src/Illuminate/Database/Query/Builder.php(3090): Illuminate\\Database\\Query\\Builder->onceWithColumns(Array, Object(Closure))
#8 /var/www/html/backend-actualizado/vendor/laravel/framework/src/Illuminate/Database/Query/Builder.php(3603): Illuminate\\Database\\Query\\Builder->get(Array)
#9 /var/www/html/backend-actualizado/vendor/laravel/framework/src/Illuminate/Database/Query/Builder.php(3531): Illuminate\\Database\\Query\\Builder->aggregate('count', Array)
#10 /var/www/html/backend-actualizado/vendor/laravel/telescope/src/Storage/DatabaseEntriesRepository.php(123): Illuminate\\Database\\Query\\Builder->count()
#11 /var/www/html/backend-actualizado/vendor/laravel/telescope/src/Storage/DatabaseEntriesRepository.php(165): Laravel\\Telescope\\Storage\\DatabaseEntriesRepository->countExceptionOccurences(Object(Laravel\\Telescope\\IncomingExceptionEntry))
#12 [internal function]: Laravel\\Telescope\\Storage\\DatabaseEntriesRepository->Laravel\\Telescope\\Storage\\{closure}(Object(Laravel\\Telescope\\IncomingExceptionEntry), 1)
#13 /var/www/html/backend-actualizado/vendor/laravel/framework/src/Illuminate/Collections/Arr.php(609): array_map(Object(Closure), Array, Array)
#14 /var/www/html/backend-actualizado/vendor/laravel/framework/src/Illuminate/Collections/Collection.php(799): Illuminate\\Support\\Arr::map(Array, Object(Closure))
#15 /var/www/html/backend-actualizado/vendor/laravel/telescope/src/Storage/DatabaseEntriesRepository.php(164): Illuminate\\Support\\Collection->map(Object(Closure))
#16 /var/www/html/backend-actualizado/vendor/laravel/framework/src/Illuminate/Collections/Traits/EnumeratesValues.php(261): Laravel\\Telescope\\Storage\\DatabaseEntriesRepository->Laravel\\Telescope\\Storage\\{closure}(Object(Illuminate\\Support\\Collection), 0)
#17 /var/www/html/backend-actualizado/vendor/laravel/telescope/src/Storage/DatabaseEntriesRepository.php(163): Illuminate\\Support\\Collection->each(Object(Closure))
#18 /var/www/html/backend-actualizado/vendor/laravel/telescope/src/Storage/DatabaseEntriesRepository.php(140): Laravel\\Telescope\\Storage\\DatabaseEntriesRepository->storeExceptions(Object(Illuminate\\Support\\Collection))
#19 /var/www/html/backend-actualizado/vendor/laravel/telescope/src/Telescope.php(664): Laravel\\Telescope\\Storage\\DatabaseEntriesRepository->store(Object(Illuminate\\Support\\Collection))
#20 [internal function]: Laravel\\Telescope\\Telescope::Laravel\\Telescope\\{closure}()
#21 /var/www/html/backend-actualizado/vendor/laravel/telescope/src/Telescope.php(289): call_user_func(Object(Closure))
#22 /var/www/html/backend-actualizado/vendor/laravel/telescope/src/Telescope.php(656): Laravel\\Telescope\\Telescope::withoutRecording(Object(Closure))
#23 /var/www/html/backend-actualizado/vendor/laravel/telescope/src/ListensForStorageOpportunities.php(65): Laravel\\Telescope\\Telescope::store(Object(Laravel\\Telescope\\Storage\\DatabaseEntriesRepository))
#24 /var/www/html/backend-actualizado/vendor/laravel/framework/src/Illuminate/Container/BoundMethod.php(36): Laravel\\Telescope\\Telescope::Laravel\\Telescope\\{closure}()
#25 /var/www/html/backend-actualizado/vendor/laravel/framework/src/Illuminate/Container/Util.php(43): Illuminate\\Container\\BoundMethod::Illuminate\\Container\\{closure}()
#26 /var/www/html/backend-actualizado/vendor/laravel/framework/src/Illuminate/Container/BoundMethod.php(83): Illuminate\\Container\\Util::unwrapIfClosure(Object(Closure))
#27 /var/www/html/backend-actualizado/vendor/laravel/framework/src/Illuminate/Container/BoundMethod.php(35): Illuminate\\Container\\BoundMethod::callBoundMethod(Object(Illuminate\\Foundation\\Application), Object(Closure), Object(Closure))
#28 /var/www/html/backend-actualizado/vendor/laravel/framework/src/Illuminate/Container/Container.php(696): Illuminate\\Container\\BoundMethod::call(Object(Illuminate\\Foundation\\Application), Object(Closure), Array, NULL)
#29 /var/www/html/backend-actualizado/vendor/laravel/framework/src/Illuminate/Foundation/Application.php(1452): Illuminate\\Container\\Container->call(Object(Closure))
#30 /var/www/html/backend-actualizado/vendor/laravel/framework/src/Illuminate/Foundation/Console/Kernel.php(219): Illuminate\\Foundation\\Application->terminate()
#31 /var/www/html/backend-actualizado/artisan(17): Illuminate\\Foundation\\Console\\Kernel->terminate(Object(Symfony\\Component\\Console\\Input\\ArgvInput), 1)
#32 {main}

[previous exception] [object] (PDOException(code: 2002): SQLSTATE[HY000] [2002] Connection refused at /var/www/html/backend-actualizado/vendor/laravel/framework/src/Illuminate/Database/Connectors/Connector.php:66)
[stacktrace]
#0 /var/www/html/backend-actualizado/vendor/laravel/framework/src/Illuminate/Database/Connectors/Connector.php(66): PDO->__construct('mysql:host=mysq...', 'root', Object(SensitiveParameterValue), Array)
#1 /var/www/html/backend-actualizado/vendor/laravel/framework/src/Illuminate/Database/Connectors/Connector.php(85): Illuminate\\Database\\Connectors\\Connector->createPdoConnection('mysql:host=mysq...', 'root', Object(SensitiveParameterValue), Array)
#2 /var/www/html/backend-actualizado/vendor/laravel/framework/src/Illuminate/Database/Connectors/Connector.php(48): Illuminate\\Database\\Connectors\\Connector->tryAgainIfCausedByLostConnection(Object(PDOException), 'mysql:host=mysq...', 'root', Object(SensitiveParameterValue), Array)
#3 /var/www/html/backend-actualizado/vendor/laravel/framework/src/Illuminate/Database/Connectors/MySqlConnector.php(24): Illuminate\\Database\\Connectors\\Connector->createConnection('mysql:host=mysq...', Array, Array)
#4 /var/www/html/backend-actualizado/vendor/laravel/framework/src/Illuminate/Database/Connectors/ConnectionFactory.php(185): Illuminate\\Database\\Connectors\\MySqlConnector->connect(Array)
#5 [internal function]: Illuminate\\Database\\Connectors\\ConnectionFactory->Illuminate\\Database\\Connectors\\{closure}()
#6 /var/www/html/backend-actualizado/vendor/laravel/framework/src/Illuminate/Database/Connection.php(1231): call_user_func(Object(Closure))
#7 /var/www/html/backend-actualizado/vendor/laravel/framework/src/Illuminate/Database/Connection.php(1267): Illuminate\\Database\\Connection->getPdo()
#8 /var/www/html/backend-actualizado/vendor/laravel/framework/src/Illuminate/Database/Connection.php(512): Illuminate\\Database\\Connection->getReadPdo()
#9 /var/www/html/backend-actualizado/vendor/laravel/framework/src/Illuminate/Database/Connection.php(407): Illuminate\\Database\\Connection->getPdoForSelect(true)
#10 /var/www/html/backend-actualizado/vendor/laravel/framework/src/Illuminate/Database/Connection.php(812): Illuminate\\Database\\Connection->Illuminate\\Database\\{closure}('select count(*)...', Array)
#11 /var/www/html/backend-actualizado/vendor/laravel/framework/src/Illuminate/Database/Connection.php(979): Illuminate\\Database\\Connection->runQueryCallback('select count(*)...', Array, Object(Closure))
#12 /var/www/html/backend-actualizado/vendor/laravel/framework/src/Illuminate/Database/Connection.php(958): Illuminate\\Database\\Connection->tryAgainIfCausedByLostConnection(Object(Illuminate\\Database\\QueryException), 'select count(*)...', Array, Object(Closure))
#13 /var/www/html/backend-actualizado/vendor/laravel/framework/src/Illuminate/Database/Connection.php(781): Illuminate\\Database\\Connection->handleQueryException(Object(Illuminate\\Database\\QueryException), 'select count(*)...', Array, Object(Closure))
#14 /var/www/html/backend-actualizado/vendor/laravel/framework/src/Illuminate/Database/Connection.php(398): Illuminate\\Database\\Connection->run('select count(*)...', Array, Object(Closure))
#15 /var/www/html/backend-actualizado/vendor/laravel/framework/src/Illuminate/Database/Query/Builder.php(3106): Illuminate\\Database\\Connection->select('select count(*)...', Array, true)
#16 /var/www/html/backend-actualizado/vendor/laravel/framework/src/Illuminate/Database/Query/Builder.php(3091): Illuminate\\Database\\Query\\Builder->runSelect()
#17 /var/www/html/backend-actualizado/vendor/laravel/framework/src/Illuminate/Database/Query/Builder.php(3676): Illuminate\\Database\\Query\\Builder->Illuminate\\Database\\Query\\{closure}()
#18 /var/www/html/backend-actualizado/vendor/laravel/framework/src/Illuminate/Database/Query/Builder.php(3090): Illuminate\\Database\\Query\\Builder->onceWithColumns(Array, Object(Closure))
#19 /var/www/html/backend-actualizado/vendor/laravel/framework/src/Illuminate/Database/Query/Builder.php(3603): Illuminate\\Database\\Query\\Builder->get(Array)
#20 /var/www/html/backend-actualizado/vendor/laravel/framework/src/Illuminate/Database/Query/Builder.php(3531): Illuminate\\Database\\Query\\Builder->aggregate('count', Array)
#21 /var/www/html/backend-actualizado/vendor/laravel/telescope/src/Storage/DatabaseEntriesRepository.php(123): Illuminate\\Database\\Query\\Builder->count()
#22 /var/www/html/backend-actualizado/vendor/laravel/telescope/src/Storage/DatabaseEntriesRepository.php(165): Laravel\\Telescope\\Storage\\DatabaseEntriesRepository->countExceptionOccurences(Object(Laravel\\Telescope\\IncomingExceptionEntry))
#23 [internal function]: Laravel\\Telescope\\Storage\\DatabaseEntriesRepository->Laravel\\Telescope\\Storage\\{closure}(Object(Laravel\\Telescope\\IncomingExceptionEntry), 1)
#24 /var/www/html/backend-actualizado/vendor/laravel/framework/src/Illuminate/Collections/Arr.php(609): array_map(Object(Closure), Array, Array)
#25 /var/www/html/backend-actualizado/vendor/laravel/framework/src/Illuminate/Collections/Collection.php(799): Illuminate\\Support\\Arr::map(Array, Object(Closure))
#26 /var/www/html/backend-actualizado/vendor/laravel/telescope/src/Storage/DatabaseEntriesRepository.php(164): Illuminate\\Support\\Collection->map(Object(Closure))
#27 /var/www/html/backend-actualizado/vendor/laravel/framework/src/Illuminate/Collections/Traits/EnumeratesValues.php(261): Laravel\\Telescope\\Storage\\DatabaseEntriesRepository->Laravel\\Telescope\\Storage\\{closure}(Object(Illuminate\\Support\\Collection), 0)
#28 /var/www/html/backend-actualizado/vendor/laravel/telescope/src/Storage/DatabaseEntriesRepository.php(163): Illuminate\\Support\\Collection->each(Object(Closure))
#29 /var/www/html/backend-actualizado/vendor/laravel/telescope/src/Storage/DatabaseEntriesRepository.php(140): Laravel\\Telescope\\Storage\\DatabaseEntriesRepository->storeExceptions(Object(Illuminate\\Support\\Collection))
#30 /var/www/html/backend-actualizado/vendor/laravel/telescope/src/Telescope.php(664): Laravel\\Telescope\\Storage\\DatabaseEntriesRepository->store(Object(Illuminate\\Support\\Collection))
#31 [internal function]: Laravel\\Telescope\\Telescope::Laravel\\Telescope\\{closure}()
#32 /var/www/html/backend-actualizado/vendor/laravel/telescope/src/Telescope.php(289): call_user_func(Object(Closure))
#33 /var/www/html/backend-actualizado/vendor/laravel/telescope/src/Telescope.php(656): Laravel\\Telescope\\Telescope::withoutRecording(Object(Closure))
#34 /var/www/html/backend-actualizado/vendor/laravel/telescope/src/ListensForStorageOpportunities.php(65): Laravel\\Telescope\\Telescope::store(Object(Laravel\\Telescope\\Storage\\DatabaseEntriesRepository))
#35 /var/www/html/backend-actualizado/vendor/laravel/framework/src/Illuminate/Container/BoundMethod.php(36): Laravel\\Telescope\\Telescope::Laravel\\Telescope\\{closure}()
#36 /var/www/html/backend-actualizado/vendor/laravel/framework/src/Illuminate/Container/Util.php(43): Illuminate\\Container\\BoundMethod::Illuminate\\Container\\{closure}()
#37 /var/www/html/backend-actualizado/vendor/laravel/framework/src/Illuminate/Container/BoundMethod.php(83): Illuminate\\Container\\Util::unwrapIfClosure(Object(Closure))
#38 /var/www/html/backend-actualizado/vendor/laravel/framework/src/Illuminate/Container/BoundMethod.php(35): Illuminate\\Container\\BoundMethod::callBoundMethod(Object(Illuminate\\Foundation\\Application), Object(Closure), Object(Closure))
#39 /var/www/html/backend-actualizado/vendor/laravel/framework/src/Illuminate/Container/Container.php(696): Illuminate\\Container\\BoundMethod::call(Object(Illuminate\\Foundation\\Application), Object(Closure), Array, NULL)
#40 /var/www/html/backend-actualizado/vendor/laravel/framework/src/Illuminate/Foundation/Application.php(1452): Illuminate\\Container\\Container->call(Object(Closure))
#41 /var/www/html/backend-actualizado/vendor/laravel/framework/src/Illuminate/Foundation/Console/Kernel.php(219): Illuminate\\Foundation\\Application->terminate()
#42 /var/www/html/backend-actualizado/artisan(17): Illuminate\\Foundation\\Console\\Kernel->terminate(Object(Symfony\\Component\\Console\\Input\\ArgvInput), 1)
#43 {main}
"} 
[2026-05-18 19:25:55] local.ERROR: SQLSTATE[42S02]: Base table or view not found: 1146 Table 'legacy_products.telescope_entries' doesn't exist (Connection: mysql, SQL: insert into `telescope_entries` (`batch_id`, `content`, `created_at`, `family_hash`, `type`, `uuid`) values (a1cfa734-7462-4fc9-afc4-3343460f1734, {"connection":"mysql","driver":"mysql","bindings":[],"sql":"select variable_value as `Value` from performance_schema.session_status where variable_name = 'threads_connected'","time":"11.40","slow":false,"file":"\/var\/www\/html\/backend-actualizado\/artisan","line":12,"hash":"d51f0992b2a6a15747810ed1bac6213b","hostname":"f1f77e1e5c93"}, 2026-05-18 19:25:55, ?, query, a1cfa734-6fa7-4cde-b854-101ee86c47ff), (a1cfa734-7462-4fc9-afc4-3343460f1734, {"command":"db:monitor","exit_code":0,"arguments":{"command":"db:monitor"},"options":{"databases":null,"max":null,"help":false,"silent":false,"quiet":false,"verbose":false,"version":false,"ansi":null,"no-interaction":false,"env":null},"hostname":"f1f77e1e5c93"}, 2026-05-18 19:25:55, ?, command, a1cfa734-73e7-4db3-9820-5777ae30fbce)) {"exception":"[object] (Illuminate\\Database\\QueryException(code: 42S02): SQLSTATE[42S02]: Base table or view not found: 1146 Table 'legacy_products.telescope_entries' doesn't exist (Connection: mysql, SQL: insert into `telescope_entries` (`batch_id`, `content`, `created_at`, `family_hash`, `type`, `uuid`) values (a1cfa734-7462-4fc9-afc4-3343460f1734, {\"connection\":\"mysql\",\"driver\":\"mysql\",\"bindings\":[],\"sql\":\"select variable_value as `Value` from performance_schema.session_status where variable_name = 'threads_connected'\",\"time\":\"11.40\",\"slow\":false,\"file\":\"\\/var\\/www\\/html\\/backend-actualizado\\/artisan\",\"line\":12,\"hash\":\"d51f0992b2a6a15747810ed1bac6213b\",\"hostname\":\"f1f77e1e5c93\"}, 2026-05-18 19:25:55, ?, query, a1cfa734-6fa7-4cde-b854-101ee86c47ff), (a1cfa734-7462-4fc9-afc4-3343460f1734, {\"command\":\"db:monitor\",\"exit_code\":0,\"arguments\":{\"command\":\"db:monitor\"},\"options\":{\"databases\":null,\"max\":null,\"help\":false,\"silent\":false,\"quiet\":false,\"verbose\":false,\"version\":false,\"ansi\":null,\"no-interaction\":false,\"env\":null},\"hostname\":\"f1f77e1e5c93\"}, 2026-05-18 19:25:55, ?, command, a1cfa734-73e7-4db3-9820-5777ae30fbce)) at /var/www/html/backend-actualizado/vendor/laravel/framework/src/Illuminate/Database/Connection.php:825)
[stacktrace]
#0 /var/www/html/backend-actualizado/vendor/laravel/framework/src/Illuminate/Database/Connection.php(779): Illuminate\\Database\\Connection->runQueryCallback('insert into `te...', Array, Object(Closure))
#1 /var/www/html/backend-actualizado/vendor/laravel/framework/src/Illuminate/Database/MySqlConnection.php(42): Illuminate\\Database\\Connection->run('insert into `te...', Array, Object(Closure))
#2 /var/www/html/backend-actualizado/vendor/laravel/framework/src/Illuminate/Database/Query/Builder.php(3717): Illuminate\\Database\\MySqlConnection->insert('insert into `te...', Array)
#3 /var/www/html/backend-actualizado/vendor/laravel/telescope/src/Storage/DatabaseEntriesRepository.php(145): Illuminate\\Database\\Query\\Builder->insert(Array)
#4 /var/www/html/backend-actualizado/vendor/laravel/framework/src/Illuminate/Collections/Traits/EnumeratesValues.php(261): Laravel\\Telescope\\Storage\\DatabaseEntriesRepository->Laravel\\Telescope\\Storage\\{closure}(Object(Illuminate\\Support\\Collection), 0)
#5 /var/www/html/backend-actualizado/vendor/laravel/telescope/src/Storage/DatabaseEntriesRepository.php(144): Illuminate\\Support\\Collection->each(Object(Closure))
#6 /var/www/html/backend-actualizado/vendor/laravel/telescope/src/Telescope.php(664): Laravel\\Telescope\\Storage\\DatabaseEntriesRepository->store(Object(Illuminate\\Support\\Collection))
#7 [internal function]: Laravel\\Telescope\\Telescope::Laravel\\Telescope\\{closure}()
#8 /var/www/html/backend-actualizado/vendor/laravel/telescope/src/Telescope.php(289): call_user_func(Object(Closure))
#9 /var/www/html/backend-actualizado/vendor/laravel/telescope/src/Telescope.php(656): Laravel\\Telescope\\Telescope::withoutRecording(Object(Closure))
#10 /var/www/html/backend-actualizado/vendor/laravel/telescope/src/ListensForStorageOpportunities.php(65): Laravel\\Telescope\\Telescope::store(Object(Laravel\\Telescope\\Storage\\DatabaseEntriesRepository))
#11 /var/www/html/backend-actualizado/vendor/laravel/framework/src/Illuminate/Container/BoundMethod.php(36): Laravel\\Telescope\\Telescope::Laravel\\Telescope\\{closure}()
#12 /var/www/html/backend-actualizado/vendor/laravel/framework/src/Illuminate/Container/Util.php(43): Illuminate\\Container\\BoundMethod::Illuminate\\Container\\{closure}()
#13 /var/www/html/backend-actualizado/vendor/laravel/framework/src/Illuminate/Container/BoundMethod.php(83): Illuminate\\Container\\Util::unwrapIfClosure(Object(Closure))
#14 /var/www/html/backend-actualizado/vendor/laravel/framework/src/Illuminate/Container/BoundMethod.php(35): Illuminate\\Container\\BoundMethod::callBoundMethod(Object(Illuminate\\Foundation\\Application), Object(Closure), Object(Closure))
#15 /var/www/html/backend-actualizado/vendor/laravel/framework/src/Illuminate/Container/Container.php(696): Illuminate\\Container\\BoundMethod::call(Object(Illuminate\\Foundation\\Application), Object(Closure), Array, NULL)
#16 /var/www/html/backend-actualizado/vendor/laravel/framework/src/Illuminate/Foundation/Application.php(1452): Illuminate\\Container\\Container->call(Object(Closure))
#17 /var/www/html/backend-actualizado/vendor/laravel/framework/src/Illuminate/Foundation/Console/Kernel.php(219): Illuminate\\Foundation\\Application->terminate()
#18 /var/www/html/backend-actualizado/artisan(17): Illuminate\\Foundation\\Console\\Kernel->terminate(Object(Symfony\\Component\\Console\\Input\\ArgvInput), 0)
#19 {main}

[previous exception] [object] (PDOException(code: 42S02): SQLSTATE[42S02]: Base table or view not found: 1146 Table 'legacy_products.telescope_entries' doesn't exist at /var/www/html/backend-actualizado/vendor/laravel/framework/src/Illuminate/Database/MySqlConnection.php:47)
[stacktrace]
#0 /var/www/html/backend-actualizado/vendor/laravel/framework/src/Illuminate/Database/MySqlConnection.php(47): PDO->prepare('insert into `te...')
#1 /var/www/html/backend-actualizado/vendor/laravel/framework/src/Illuminate/Database/Connection.php(812): Illuminate\\Database\\MySqlConnection->Illuminate\\Database\\{closure}('insert into `te...', Array)
#2 /var/www/html/backend-actualizado/vendor/laravel/framework/src/Illuminate/Database/Connection.php(779): Illuminate\\Database\\Connection->runQueryCallback('insert into `te...', Array, Object(Closure))
#3 /var/www/html/backend-actualizado/vendor/laravel/framework/src/Illuminate/Database/MySqlConnection.php(42): Illuminate\\Database\\Connection->run('insert into `te...', Array, Object(Closure))
#4 /var/www/html/backend-actualizado/vendor/laravel/framework/src/Illuminate/Database/Query/Builder.php(3717): Illuminate\\Database\\MySqlConnection->insert('insert into `te...', Array)
#5 /var/www/html/backend-actualizado/vendor/laravel/telescope/src/Storage/DatabaseEntriesRepository.php(145): Illuminate\\Database\\Query\\Builder->insert(Array)
#6 /var/www/html/backend-actualizado/vendor/laravel/framework/src/Illuminate/Collections/Traits/EnumeratesValues.php(261): Laravel\\Telescope\\Storage\\DatabaseEntriesRepository->Laravel\\Telescope\\Storage\\{closure}(Object(Illuminate\\Support\\Collection), 0)
#7 /var/www/html/backend-actualizado/vendor/laravel/telescope/src/Storage/DatabaseEntriesRepository.php(144): Illuminate\\Support\\Collection->each(Object(Closure))
#8 /var/www/html/backend-actualizado/vendor/laravel/telescope/src/Telescope.php(664): Laravel\\Telescope\\Storage\\DatabaseEntriesRepository->store(Object(Illuminate\\Support\\Collection))
#9 [internal function]: Laravel\\Telescope\\Telescope::Laravel\\Telescope\\{closure}()
#10 /var/www/html/backend-actualizado/vendor/laravel/telescope/src/Telescope.php(289): call_user_func(Object(Closure))
#11 /var/www/html/backend-actualizado/vendor/laravel/telescope/src/Telescope.php(656): Laravel\\Telescope\\Telescope::withoutRecording(Object(Closure))
#12 /var/www/html/backend-actualizado/vendor/laravel/telescope/src/ListensForStorageOpportunities.php(65): Laravel\\Telescope\\Telescope::store(Object(Laravel\\Telescope\\Storage\\DatabaseEntriesRepository))
#13 /var/www/html/backend-actualizado/vendor/laravel/framework/src/Illuminate/Container/BoundMethod.php(36): Laravel\\Telescope\\Telescope::Laravel\\Telescope\\{closure}()
#14 /var/www/html/backend-actualizado/vendor/laravel/framework/src/Illuminate/Container/Util.php(43): Illuminate\\Container\\BoundMethod::Illuminate\\Container\\{closure}()
#15 /var/www/html/backend-actualizado/vendor/laravel/framework/src/Illuminate/Container/BoundMethod.php(83): Illuminate\\Container\\Util::unwrapIfClosure(Object(Closure))
#16 /var/www/html/backend-actualizado/vendor/laravel/framework/src/Illuminate/Container/BoundMethod.php(35): Illuminate\\Container\\BoundMethod::callBoundMethod(Object(Illuminate\\Foundation\\Application), Object(Closure), Object(Closure))
#17 /var/www/html/backend-actualizado/vendor/laravel/framework/src/Illuminate/Container/Container.php(696): Illuminate\\Container\\BoundMethod::call(Object(Illuminate\\Foundation\\Application), Object(Closure), Array, NULL)
#18 /var/www/html/backend-actualizado/vendor/laravel/framework/src/Illuminate/Foundation/Application.php(1452): Illuminate\\Container\\Container->call(Object(Closure))
#19 /var/www/html/backend-actualizado/vendor/laravel/framework/src/Illuminate/Foundation/Console/Kernel.php(219): Illuminate\\Foundation\\Application->terminate()
#20 /var/www/html/backend-actualizado/artisan(17): Illuminate\\Foundation\\Console\\Kernel->terminate(Object(Symfony\\Component\\Console\\Input\\ArgvInput), 0)
#21 {main}
"} 
[2026-05-18 19:26:07] local.ERROR: Allowed memory size of 134217728 bytes exhausted (tried to allocate 20480 bytes) {"exception":"[object] (Symfony\\Component\\ErrorHandler\\Error\\FatalError(code: 0): Allowed memory size of 134217728 bytes exhausted (tried to allocate 20480 bytes) at /var/www/html/backend-actualizado/vendor/laravel/framework/src/Illuminate/Database/Query/Builder.php:3705)
[stacktrace]
#0 {main}
"} 
[2026-05-18 19:26:20] local.ERROR: SQLSTATE[42S02]: Base table or view not found: 1146 Table 'legacy_products.telescope_entries' doesn't exist (Connection: mysql, SQL: insert into `telescope_entries` (`batch_id`, `content`, `created_at`, `family_hash`, `type`, `uuid`) values (a1cfa75b-79e7-4619-a7ac-942b03bbb8b2, {"name":"errors::404","path":"\/vendor\/laravel\/framework\/src\/Illuminate\/Foundation\/Exceptions\/views\/404.blade.php","data":["exception"],"hostname":"f1f77e1e5c93"}, 2026-05-18 19:26:20, ?, view, a1cfa75b-7463-40f7-805c-78a85c3d17d1), (a1cfa75b-79e7-4619-a7ac-942b03bbb8b2, {"name":"errors::minimal","path":"\/vendor\/laravel\/framework\/src\/Illuminate\/Foundation\/Exceptions\/views\/minimal.blade.php","data":["exception"],"hostname":"f1f77e1e5c93"}, 2026-05-18 19:26:20, ?, view, a1cfa75b-7830-4eb3-8782-9c2c60cafb80), (a1cfa75b-79e7-4619-a7ac-942b03bbb8b2, {"ip_address":"172.18.0.1","uri":"\/api\/telescope","method":"GET","controller_action":null,"middleware":[],"headers":{"cookie":"XSRF-TOKEN=eyJpdiI6IkFmZ21vRGFwY1R1OG5hRkVQRnM4aWc9PSIsInZhbHVlIjoiZmdzQWRUMlc0cExRNU5LTmNFSjBwVTUrbWtKaS81eFNKenJlZVZPQkUvRC9rcjg4TFdmc3U1eUF5by9FSDk5dVc4RlVTMU1XK1ZXdGZSNHhUWFl3alNtWnJINjNINUlCS2R3U2xBMEd6L3lhWU1SUkxHUWtQMlFPa09Dd1NlSi8iLCJtYWMiOiJmNDAwM2YwOTJiNzA3ZGZlYjg2ODU3MzYzNTYzYmRlYmNiMGNmZmI1YTQxNDUwMmFiYWM2MmIzYzhiMDRiZDU1IiwidGFnIjoiIn0%3D; backendlegacy_session=eyJpdiI6ImtKVXZJR3hJRjNFdUwzT0NHVGplYkE9PSIsInZhbHVlIjoibHh5ZFNtUHhQeDFHWHZxN2Y5UDJxVTVmREFVTG1RR0djQzV6MlVvMW1yRSt6Q2ZjUEFjUytvWHJ3WEFHemtTQWVJR1JZK1lrS293MitQTDY3Rk1WVFdyQmQxZ2MvamJLQkx0dDF4VWJpcndXMk5vc1ZtZGZqUG1UcTloZkQ0cmIiLCJtYWMiOiJiN2VkNDA2ZWZhZjAwYzc4Y2ZkNTFmYjFlMzFkODlkNzM4YjNlODEyMzg0YmNhYjM2YTQ3MWMxZjQ0YzBiMjc5IiwidGFnIjoiIn0%3D","accept-language":"es-ES,es;q=0.9,en;q=0.8","accept-encoding":"gzip, deflate, br, zstd","sec-fetch-dest":"document","sec-fetch-user":"?1","sec-fetch-mode":"navigate","sec-fetch-site":"none","accept":"text\/html,application\/xhtml+xml,application\/xml;q=0.9,image\/avif,image\/webp,image\/apng,*\/*;q=0.8,application\/signed-exchange;v=b3;q=0.7","user-agent":"Mozilla\/5.0 (X11; Linux x86_64) AppleWebKit\/537.36 (KHTML, like Gecko) Chrome\/147.0.0.0 Safari\/537.36 OPR\/131.0.0.0","upgrade-insecure-requests":"1","sec-ch-ua-platform":"\"Linux\"","sec-ch-ua-mobile":"?0","sec-ch-ua":"\"Opera\";v=\"131\", \"Not.A\/Brand\";v=\"8\", \"Chromium\";v=\"147\"","connection":"keep-alive","host":"localhost:8000"},"payload":[],"session":[],"response_headers":{"cache-control":"no-cache, private","date":"Mon, 18 May 2026 19:26:20 GMT","content-type":"text\/html; charset=utf-8","vary":"Origin"},"response_status":404,"response":"HTML Response","duration":248,"memory":10,"hostname":"f1f77e1e5c93"}, 2026-05-18 19:26:20, ?, request, a1cfa75b-7887-409e-90cc-36bbb6c4c039)) {"exception":"[object] (Illuminate\\Database\\QueryException(code: 42S02): SQLSTATE[42S02]: Base table or view not found: 1146 Table 'legacy_products.telescope_entries' doesn't exist (Connection: mysql, SQL: insert into `telescope_entries` (`batch_id`, `content`, `created_at`, `family_hash`, `type`, `uuid`) values (a1cfa75b-79e7-4619-a7ac-942b03bbb8b2, {\"name\":\"errors::404\",\"path\":\"\\/vendor\\/laravel\\/framework\\/src\\/Illuminate\\/Foundation\\/Exceptions\\/views\\/404.blade.php\",\"data\":[\"exception\"],\"hostname\":\"f1f77e1e5c93\"}, 2026-05-18 19:26:20, ?, view, a1cfa75b-7463-40f7-805c-78a85c3d17d1), (a1cfa75b-79e7-4619-a7ac-942b03bbb8b2, {\"name\":\"errors::minimal\",\"path\":\"\\/vendor\\/laravel\\/framework\\/src\\/Illuminate\\/Foundation\\/Exceptions\\/views\\/minimal.blade.php\",\"data\":[\"exception\"],\"hostname\":\"f1f77e1e5c93\"}, 2026-05-18 19:26:20, ?, view, a1cfa75b-7830-4eb3-8782-9c2c60cafb80), (a1cfa75b-79e7-4619-a7ac-942b03bbb8b2, {\"ip_address\":\"172.18.0.1\",\"uri\":\"\\/api\\/telescope\",\"method\":\"GET\",\"controller_action\":null,\"middleware\":[],\"headers\":{\"cookie\":\"XSRF-TOKEN=eyJpdiI6IkFmZ21vRGFwY1R1OG5hRkVQRnM4aWc9PSIsInZhbHVlIjoiZmdzQWRUMlc0cExRNU5LTmNFSjBwVTUrbWtKaS81eFNKenJlZVZPQkUvRC9rcjg4TFdmc3U1eUF5by9FSDk5dVc4RlVTMU1XK1ZXdGZSNHhUWFl3alNtWnJINjNINUlCS2R3U2xBMEd6L3lhWU1SUkxHUWtQMlFPa09Dd1NlSi8iLCJtYWMiOiJmNDAwM2YwOTJiNzA3ZGZlYjg2ODU3MzYzNTYzYmRlYmNiMGNmZmI1YTQxNDUwMmFiYWM2MmIzYzhiMDRiZDU1IiwidGFnIjoiIn0%3D; backendlegacy_session=eyJpdiI6ImtKVXZJR3hJRjNFdUwzT0NHVGplYkE9PSIsInZhbHVlIjoibHh5ZFNtUHhQeDFHWHZxN2Y5UDJxVTVmREFVTG1RR0djQzV6MlVvMW1yRSt6Q2ZjUEFjUytvWHJ3WEFHemtTQWVJR1JZK1lrS293MitQTDY3Rk1WVFdyQmQxZ2MvamJLQkx0dDF4VWJpcndXMk5vc1ZtZGZqUG1UcTloZkQ0cmIiLCJtYWMiOiJiN2VkNDA2ZWZhZjAwYzc4Y2ZkNTFmYjFlMzFkODlkNzM4YjNlODEyMzg0YmNhYjM2YTQ3MWMxZjQ0YzBiMjc5IiwidGFnIjoiIn0%3D\",\"accept-language\":\"es-ES,es;q=0.9,en;q=0.8\",\"accept-encoding\":\"gzip, deflate, br, zstd\",\"sec-fetch-dest\":\"document\",\"sec-fetch-user\":\"?1\",\"sec-fetch-mode\":\"navigate\",\"sec-fetch-site\":\"none\",\"accept\":\"text\\/html,application\\/xhtml+xml,application\\/xml;q=0.9,image\\/avif,image\\/webp,image\\/apng,*\\/*;q=0.8,application\\/signed-exchange;v=b3;q=0.7\",\"user-agent\":\"Mozilla\\/5.0 (X11; Linux x86_64) AppleWebKit\\/537.36 (KHTML, like Gecko) Chrome\\/147.0.0.0 Safari\\/537.36 OPR\\/131.0.0.0\",\"upgrade-insecure-requests\":\"1\",\"sec-ch-ua-platform\":\"\\\"Linux\\\"\",\"sec-ch-ua-mobile\":\"?0\",\"sec-ch-ua\":\"\\\"Opera\\\";v=\\\"131\\\", \\\"Not.A\\/Brand\\\";v=\\\"8\\\", \\\"Chromium\\\";v=\\\"147\\\"\",\"connection\":\"keep-alive\",\"host\":\"localhost:8000\"},\"payload\":[],\"session\":[],\"response_headers\":{\"cache-control\":\"no-cache, private\",\"date\":\"Mon, 18 May 2026 19:26:20 GMT\",\"content-type\":\"text\\/html; charset=utf-8\",\"vary\":\"Origin\"},\"response_status\":404,\"response\":\"HTML Response\",\"duration\":248,\"memory\":10,\"hostname\":\"f1f77e1e5c93\"}, 2026-05-18 19:26:20, ?, request, a1cfa75b-7887-409e-90cc-36bbb6c4c039)) at /var/www/html/backend-actualizado/vendor/laravel/framework/src/Illuminate/Database/Connection.php:825)
[stacktrace]
#0 /var/www/html/backend-actualizado/vendor/laravel/framework/src/Illuminate/Database/Connection.php(779): Illuminate\\Database\\Connection->runQueryCallback('insert into `te...', Array, Object(Closure))
#1 /var/www/html/backend-actualizado/vendor/laravel/framework/src/Illuminate/Database/MySqlConnection.php(42): Illuminate\\Database\\Connection->run('insert into `te...', Array, Object(Closure))
#2 /var/www/html/backend-actualizado/vendor/laravel/framework/src/Illuminate/Database/Query/Builder.php(3717): Illuminate\\Database\\MySqlConnection->insert('insert into `te...', Array)
#3 /var/www/html/backend-actualizado/vendor/laravel/telescope/src/Storage/DatabaseEntriesRepository.php(145): Illuminate\\Database\\Query\\Builder->insert(Array)
#4 /var/www/html/backend-actualizado/vendor/laravel/framework/src/Illuminate/Collections/Traits/EnumeratesValues.php(261): Laravel\\Telescope\\Storage\\DatabaseEntriesRepository->Laravel\\Telescope\\Storage\\{closure}(Object(Illuminate\\Support\\Collection), 0)
#5 /var/www/html/backend-actualizado/vendor/laravel/telescope/src/Storage/DatabaseEntriesRepository.php(144): Illuminate\\Support\\Collection->each(Object(Closure))
#6 /var/www/html/backend-actualizado/vendor/laravel/telescope/src/Telescope.php(664): Laravel\\Telescope\\Storage\\DatabaseEntriesRepository->store(Object(Illuminate\\Support\\Collection))
#7 [internal function]: Laravel\\Telescope\\Telescope::Laravel\\Telescope\\{closure}()
#8 /var/www/html/backend-actualizado/vendor/laravel/telescope/src/Telescope.php(289): call_user_func(Object(Closure))
#9 /var/www/html/backend-actualizado/vendor/laravel/telescope/src/Telescope.php(656): Laravel\\Telescope\\Telescope::withoutRecording(Object(Closure))
#10 /var/www/html/backend-actualizado/vendor/laravel/telescope/src/ListensForStorageOpportunities.php(65): Laravel\\Telescope\\Telescope::store(Object(Laravel\\Telescope\\Storage\\DatabaseEntriesRepository))
#11 /var/www/html/backend-actualizado/vendor/laravel/framework/src/Illuminate/Container/BoundMethod.php(36): Laravel\\Telescope\\Telescope::Laravel\\Telescope\\{closure}()
#12 /var/www/html/backend-actualizado/vendor/laravel/framework/src/Illuminate/Container/Util.php(43): Illuminate\\Container\\BoundMethod::Illuminate\\Container\\{closure}()
#13 /var/www/html/backend-actualizado/vendor/laravel/framework/src/Illuminate/Container/BoundMethod.php(83): Illuminate\\Container\\Util::unwrapIfClosure(Object(Closure))
#14 /var/www/html/backend-actualizado/vendor/laravel/framework/src/Illuminate/Container/BoundMethod.php(35): Illuminate\\Container\\BoundMethod::callBoundMethod(Object(Illuminate\\Foundation\\Application), Object(Closure), Object(Closure))
#15 /var/www/html/backend-actualizado/vendor/laravel/framework/src/Illuminate/Container/Container.php(696): Illuminate\\Container\\BoundMethod::call(Object(Illuminate\\Foundation\\Application), Object(Closure), Array, NULL)
#16 /var/www/html/backend-actualizado/vendor/laravel/framework/src/Illuminate/Foundation/Application.php(1452): Illuminate\\Container\\Container->call(Object(Closure))
#17 /var/www/html/backend-actualizado/vendor/laravel/framework/src/Illuminate/Foundation/Http/Kernel.php(218): Illuminate\\Foundation\\Application->terminate()
#18 /var/www/html/backend-actualizado/public/index.php(15): Illuminate\\Foundation\\Http\\Kernel->terminate(Object(Illuminate\\Http\\Request), Object(Illuminate\\Http\\Response))
#19 {main}

[previous exception] [object] (PDOException(code: 42S02): SQLSTATE[42S02]: Base table or view not found: 1146 Table 'legacy_products.telescope_entries' doesn't exist at /var/www/html/backend-actualizado/vendor/laravel/framework/src/Illuminate/Database/MySqlConnection.php:47)
[stacktrace]
#0 /var/www/html/backend-actualizado/vendor/laravel/framework/src/Illuminate/Database/MySqlConnection.php(47): PDO->prepare('insert into `te...')
#1 /var/www/html/backend-actualizado/vendor/laravel/framework/src/Illuminate/Database/Connection.php(812): Illuminate\\Database\\MySqlConnection->Illuminate\\Database\\{closure}('insert into `te...', Array)
#2 /var/www/html/backend-actualizado/vendor/laravel/framework/src/Illuminate/Database/Connection.php(779): Illuminate\\Database\\Connection->runQueryCallback('insert into `te...', Array, Object(Closure))
#3 /var/www/html/backend-actualizado/vendor/laravel/framework/src/Illuminate/Database/MySqlConnection.php(42): Illuminate\\Database\\Connection->run('insert into `te...', Array, Object(Closure))
#4 /var/www/html/backend-actualizado/vendor/laravel/framework/src/Illuminate/Database/Query/Builder.php(3717): Illuminate\\Database\\MySqlConnection->insert('insert into `te...', Array)
#5 /var/www/html/backend-actualizado/vendor/laravel/telescope/src/Storage/DatabaseEntriesRepository.php(145): Illuminate\\Database\\Query\\Builder->insert(Array)
#6 /var/www/html/backend-actualizado/vendor/laravel/framework/src/Illuminate/Collections/Traits/EnumeratesValues.php(261): Laravel\\Telescope\\Storage\\DatabaseEntriesRepository->Laravel\\Telescope\\Storage\\{closure}(Object(Illuminate\\Support\\Collection), 0)
#7 /var/www/html/backend-actualizado/vendor/laravel/telescope/src/Storage/DatabaseEntriesRepository.php(144): Illuminate\\Support\\Collection->each(Object(Closure))
#8 /var/www/html/backend-actualizado/vendor/laravel/telescope/src/Telescope.php(664): Laravel\\Telescope\\Storage\\DatabaseEntriesRepository->store(Object(Illuminate\\Support\\Collection))
#9 [internal function]: Laravel\\Telescope\\Telescope::Laravel\\Telescope\\{closure}()
#10 /var/www/html/backend-actualizado/vendor/laravel/telescope/src/Telescope.php(289): call_user_func(Object(Closure))
#11 /var/www/html/backend-actualizado/vendor/laravel/telescope/src/Telescope.php(656): Laravel\\Telescope\\Telescope::withoutRecording(Object(Closure))
#12 /var/www/html/backend-actualizado/vendor/laravel/telescope/src/ListensForStorageOpportunities.php(65): Laravel\\Telescope\\Telescope::store(Object(Laravel\\Telescope\\Storage\\DatabaseEntriesRepository))
#13 /var/www/html/backend-actualizado/vendor/laravel/framework/src/Illuminate/Container/BoundMethod.php(36): Laravel\\Telescope\\Telescope::Laravel\\Telescope\\{closure}()
#14 /var/www/html/backend-actualizado/vendor/laravel/framework/src/Illuminate/Container/Util.php(43): Illuminate\\Container\\BoundMethod::Illuminate\\Container\\{closure}()
#15 /var/www/html/backend-actualizado/vendor/laravel/framework/src/Illuminate/Container/BoundMethod.php(83): Illuminate\\Container\\Util::unwrapIfClosure(Object(Closure))
#16 /var/www/html/backend-actualizado/vendor/laravel/framework/src/Illuminate/Container/BoundMethod.php(35): Illuminate\\Container\\BoundMethod::callBoundMethod(Object(Illuminate\\Foundation\\Application), Object(Closure), Object(Closure))
#17 /var/www/html/backend-actualizado/vendor/laravel/framework/src/Illuminate/Container/Container.php(696): Illuminate\\Container\\BoundMethod::call(Object(Illuminate\\Foundation\\Application), Object(Closure), Array, NULL)
#18 /var/www/html/backend-actualizado/vendor/laravel/framework/src/Illuminate/Foundation/Application.php(1452): Illuminate\\Container\\Container->call(Object(Closure))
#19 /var/www/html/backend-actualizado/vendor/laravel/framework/src/Illuminate/Foundation/Http/Kernel.php(218): Illuminate\\Foundation\\Application->terminate()
#20 /var/www/html/backend-actualizado/public/index.php(15): Illuminate\\Foundation\\Http\\Kernel->terminate(Object(Illuminate\\Http\\Request), Object(Illuminate\\Http\\Response))
#21 {main}
"} 
[2026-05-18 19:26:24] local.ERROR: SQLSTATE[42S02]: Base table or view not found: 1146 Table 'legacy_products.telescope_entries' doesn't exist (Connection: mysql, SQL: select * from `telescope_entries` where `type` = request and `should_display_on_index` = 1 order by `sequence` desc limit 50) {"exception":"[object] (Illuminate\\Database\\QueryException(code: 42S02): SQLSTATE[42S02]: Base table or view not found: 1146 Table 'legacy_products.telescope_entries' doesn't exist (Connection: mysql, SQL: select * from `telescope_entries` where `type` = request and `should_display_on_index` = 1 order by `sequence` desc limit 50) at /var/www/html/backend-actualizado/vendor/laravel/framework/src/Illuminate/Database/Connection.php:825)
[stacktrace]
#0 /var/www/html/backend-actualizado/vendor/laravel/framework/src/Illuminate/Database/Connection.php(779): Illuminate\\Database\\Connection->runQueryCallback('select * from `...', Array, Object(Closure))
#1 /var/www/html/backend-actualizado/vendor/laravel/framework/src/Illuminate/Database/Connection.php(398): Illuminate\\Database\\Connection->run('select * from `...', Array, Object(Closure))
#2 /var/www/html/backend-actualizado/vendor/laravel/framework/src/Illuminate/Database/Query/Builder.php(3106): Illuminate\\Database\\Connection->select('select * from `...', Array, true)
#3 /var/www/html/backend-actualizado/vendor/laravel/framework/src/Illuminate/Database/Query/Builder.php(3091): Illuminate\\Database\\Query\\Builder->runSelect()
#4 /var/www/html/backend-actualizado/vendor/laravel/framework/src/Illuminate/Database/Query/Builder.php(3676): Illuminate\\Database\\Query\\Builder->Illuminate\\Database\\Query\\{closure}()
#5 /var/www/html/backend-actualizado/vendor/laravel/framework/src/Illuminate/Database/Query/Builder.php(3090): Illuminate\\Database\\Query\\Builder->onceWithColumns(Array, Object(Closure))
#6 /var/www/html/backend-actualizado/vendor/laravel/framework/src/Illuminate/Database/Eloquent/Builder.php(811): Illuminate\\Database\\Query\\Builder->get(Array)
#7 /var/www/html/backend-actualizado/vendor/laravel/framework/src/Illuminate/Database/Eloquent/Builder.php(793): Illuminate\\Database\\Eloquent\\Builder->getModels(Array)
#8 /var/www/html/backend-actualizado/vendor/laravel/telescope/src/Storage/DatabaseEntriesRepository.php(96): Illuminate\\Database\\Eloquent\\Builder->get()
#9 /var/www/html/backend-actualizado/vendor/laravel/telescope/src/Http/Controllers/EntryController.php(36): Laravel\\Telescope\\Storage\\DatabaseEntriesRepository->get('request', Object(Laravel\\Telescope\\Storage\\EntryQueryOptions))
#10 /var/www/html/backend-actualizado/vendor/laravel/framework/src/Illuminate/Routing/Controller.php(54): Laravel\\Telescope\\Http\\Controllers\\EntryController->index(Object(Illuminate\\Http\\Request), Object(Laravel\\Telescope\\Storage\\DatabaseEntriesRepository))
#11 /var/www/html/backend-actualizado/vendor/laravel/framework/src/Illuminate/Routing/ControllerDispatcher.php(44): Illuminate\\Routing\\Controller->callAction('index', Array)
#12 /var/www/html/backend-actualizado/vendor/laravel/framework/src/Illuminate/Routing/Route.php(266): Illuminate\\Routing\\ControllerDispatcher->dispatch(Object(Illuminate\\Routing\\Route), Object(Laravel\\Telescope\\Http\\Controllers\\RequestsController), 'index')
#13 /var/www/html/backend-actualizado/vendor/laravel/framework/src/Illuminate/Routing/Route.php(212): Illuminate\\Routing\\Route->runController()
#14 /var/www/html/backend-actualizado/vendor/laravel/framework/src/Illuminate/Routing/Router.php(808): Illuminate\\Routing\\Route->run()
#15 /var/www/html/backend-actualizado/vendor/laravel/framework/src/Illuminate/Pipeline/Pipeline.php(170): Illuminate\\Routing\\Router->Illuminate\\Routing\\{closure}(Object(Illuminate\\Http\\Request))
#16 /var/www/html/backend-actualizado/vendor/laravel/telescope/src/Http/Middleware/Authorize.php(18): Illuminate\\Pipeline\\Pipeline->Illuminate\\Pipeline\\{closure}(Object(Illuminate\\Http\\Request))
#17 /var/www/html/backend-actualizado/vendor/laravel/framework/src/Illuminate/Pipeline/Pipeline.php(209): Laravel\\Telescope\\Http\\Middleware\\Authorize->handle(Object(Illuminate\\Http\\Request), Object(Closure))
#18 /var/www/html/backend-actualizado/vendor/laravel/framework/src/Illuminate/Routing/Middleware/SubstituteBindings.php(51): Illuminate\\Pipeline\\Pipeline->Illuminate\\Pipeline\\{closure}(Object(Illuminate\\Http\\Request))
#19 /var/www/html/backend-actualizado/vendor/laravel/framework/src/Illuminate/Pipeline/Pipeline.php(209): Illuminate\\Routing\\Middleware\\SubstituteBindings->handle(Object(Illuminate\\Http\\Request), Object(Closure))
#20 /var/www/html/backend-actualizado/vendor/laravel/framework/src/Illuminate/Foundation/Http/Middleware/VerifyCsrfToken.php(88): Illuminate\\Pipeline\\Pipeline->Illuminate\\Pipeline\\{closure}(Object(Illuminate\\Http\\Request))
#21 /var/www/html/backend-actualizado/vendor/laravel/framework/src/Illuminate/Pipeline/Pipeline.php(209): Illuminate\\Foundation\\Http\\Middleware\\VerifyCsrfToken->handle(Object(Illuminate\\Http\\Request), Object(Closure))
#22 /var/www/html/backend-actualizado/vendor/laravel/framework/src/Illuminate/View/Middleware/ShareErrorsFromSession.php(49): Illuminate\\Pipeline\\Pipeline->Illuminate\\Pipeline\\{closure}(Object(Illuminate\\Http\\Request))
#23 /var/www/html/backend-actualizado/vendor/laravel/framework/src/Illuminate/Pipeline/Pipeline.php(209): Illuminate\\View\\Middleware\\ShareErrorsFromSession->handle(Object(Illuminate\\Http\\Request), Object(Closure))
#24 /var/www/html/backend-actualizado/vendor/laravel/framework/src/Illuminate/Session/Middleware/StartSession.php(121): Illuminate\\Pipeline\\Pipeline->Illuminate\\Pipeline\\{closure}(Object(Illuminate\\Http\\Request))
#25 /var/www/html/backend-actualizado/vendor/laravel/framework/src/Illuminate/Session/Middleware/StartSession.php(64): Illuminate\\Session\\Middleware\\StartSession->handleStatefulRequest(Object(Illuminate\\Http\\Request), Object(Illuminate\\Session\\Store), Object(Closure))
#26 /var/www/html/backend-actualizado/vendor/laravel/framework/src/Illuminate/Pipeline/Pipeline.php(209): Illuminate\\Session\\Middleware\\StartSession->handle(Object(Illuminate\\Http\\Request), Object(Closure))
#27 /var/www/html/backend-actualizado/vendor/laravel/framework/src/Illuminate/Cookie/Middleware/AddQueuedCookiesToResponse.php(37): Illuminate\\Pipeline\\Pipeline->Illuminate\\Pipeline\\{closure}(Object(Illuminate\\Http\\Request))
#28 /var/www/html/backend-actualizado/vendor/laravel/framework/src/Illuminate/Pipeline/Pipeline.php(209): Illuminate\\Cookie\\Middleware\\AddQueuedCookiesToResponse->handle(Object(Illuminate\\Http\\Request), Object(Closure))
#29 /var/www/html/backend-actualizado/vendor/laravel/framework/src/Illuminate/Cookie/Middleware/EncryptCookies.php(75): Illuminate\\Pipeline\\Pipeline->Illuminate\\Pipeline\\{closure}(Object(Illuminate\\Http\\Request))
#30 /var/www/html/backend-actualizado/vendor/laravel/framework/src/Illuminate/Pipeline/Pipeline.php(209): Illuminate\\Cookie\\Middleware\\EncryptCookies->handle(Object(Illuminate\\Http\\Request), Object(Closure))
#31 /var/www/html/backend-actualizado/vendor/laravel/sentinel/src/Http/Middleware/SentinelMiddleware.php(22): Illuminate\\Pipeline\\Pipeline->Illuminate\\Pipeline\\{closure}(Object(Illuminate\\Http\\Request))
#32 /var/www/html/backend-actualizado/vendor/laravel/framework/src/Illuminate/Pipeline/Pipeline.php(209): Laravel\\Sentinel\\Http\\Middleware\\SentinelMiddleware->handle(Object(Illuminate\\Http\\Request), Object(Closure), 'telescope')
#33 /var/www/html/backend-actualizado/vendor/laravel/framework/src/Illuminate/Pipeline/Pipeline.php(127): Illuminate\\Pipeline\\Pipeline->Illuminate\\Pipeline\\{closure}(Object(Illuminate\\Http\\Request))
#34 /var/www/html/backend-actualizado/vendor/laravel/framework/src/Illuminate/Routing/Router.php(807): Illuminate\\Pipeline\\Pipeline->then(Object(Closure))
#35 /var/www/html/backend-actualizado/vendor/laravel/framework/src/Illuminate/Routing/Router.php(786): Illuminate\\Routing\\Router->runRouteWithinStack(Object(Illuminate\\Routing\\Route), Object(Illuminate\\Http\\Request))
#36 /var/www/html/backend-actualizado/vendor/laravel/framework/src/Illuminate/Routing/Router.php(750): Illuminate\\Routing\\Router->runRoute(Object(Illuminate\\Http\\Request), Object(Illuminate\\Routing\\Route))
#37 /var/www/html/backend-actualizado/vendor/laravel/framework/src/Illuminate/Routing/Router.php(739): Illuminate\\Routing\\Router->dispatchToRoute(Object(Illuminate\\Http\\Request))
#38 /var/www/html/backend-actualizado/vendor/laravel/framework/src/Illuminate/Foundation/Http/Kernel.php(201): Illuminate\\Routing\\Router->dispatch(Object(Illuminate\\Http\\Request))
#39 /var/www/html/backend-actualizado/vendor/laravel/framework/src/Illuminate/Pipeline/Pipeline.php(170): Illuminate\\Foundation\\Http\\Kernel->Illuminate\\Foundation\\Http\\{closure}(Object(Illuminate\\Http\\Request))
#40 /var/www/html/backend-actualizado/vendor/laravel/framework/src/Illuminate/Foundation/Http/Middleware/TransformsRequest.php(21): Illuminate\\Pipeline\\Pipeline->Illuminate\\Pipeline\\{closure}(Object(Illuminate\\Http\\Request))
#41 /var/www/html/backend-actualizado/vendor/laravel/framework/src/Illuminate/Foundation/Http/Middleware/ConvertEmptyStringsToNull.php(31): Illuminate\\Foundation\\Http\\Middleware\\TransformsRequest->handle(Object(Illuminate\\Http\\Request), Object(Closure))
#42 /var/www/html/backend-actualizado/vendor/laravel/framework/src/Illuminate/Pipeline/Pipeline.php(209): Illuminate\\Foundation\\Http\\Middleware\\ConvertEmptyStringsToNull->handle(Object(Illuminate\\Http\\Request), Object(Closure))
#43 /var/www/html/backend-actualizado/vendor/laravel/framework/src/Illuminate/Foundation/Http/Middleware/TransformsRequest.php(21): Illuminate\\Pipeline\\Pipeline->Illuminate\\Pipeline\\{closure}(Object(Illuminate\\Http\\Request))
#44 /var/www/html/backend-actualizado/vendor/laravel/framework/src/Illuminate/Foundation/Http/Middleware/TrimStrings.php(51): Illuminate\\Foundation\\Http\\Middleware\\TransformsRequest->handle(Object(Illuminate\\Http\\Request), Object(Closure))
#45 /var/www/html/backend-actualizado/vendor/laravel/framework/src/Illuminate/Pipeline/Pipeline.php(209): Illuminate\\Foundation\\Http\\Middleware\\TrimStrings->handle(Object(Illuminate\\Http\\Request), Object(Closure))
#46 /var/www/html/backend-actualizado/vendor/laravel/framework/src/Illuminate/Http/Middleware/ValidatePostSize.php(27): Illuminate\\Pipeline\\Pipeline->Illuminate\\Pipeline\\{closure}(Object(Illuminate\\Http\\Request))
#47 /var/www/html/backend-actualizado/vendor/laravel/framework/src/Illuminate/Pipeline/Pipeline.php(209): Illuminate\\Http\\Middleware\\ValidatePostSize->handle(Object(Illuminate\\Http\\Request), Object(Closure))
#48 /var/www/html/backend-actualizado/vendor/laravel/framework/src/Illuminate/Foundation/Http/Middleware/PreventRequestsDuringMaintenance.php(110): Illuminate\\Pipeline\\Pipeline->Illuminate\\Pipeline\\{closure}(Object(Illuminate\\Http\\Request))
#49 /var/www/html/backend-actualizado/vendor/laravel/framework/src/Illuminate/Pipeline/Pipeline.php(209): Illuminate\\Foundation\\Http\\Middleware\\PreventRequestsDuringMaintenance->handle(Object(Illuminate\\Http\\Request), Object(Closure))
#50 /var/www/html/backend-actualizado/vendor/laravel/framework/src/Illuminate/Http/Middleware/HandleCors.php(62): Illuminate\\Pipeline\\Pipeline->Illuminate\\Pipeline\\{closure}(Object(Illuminate\\Http\\Request))
#51 /var/www/html/backend-actualizado/vendor/laravel/framework/src/Illuminate/Pipeline/Pipeline.php(209): Illuminate\\Http\\Middleware\\HandleCors->handle(Object(Illuminate\\Http\\Request), Object(Closure))
#52 /var/www/html/backend-actualizado/vendor/laravel/framework/src/Illuminate/Http/Middleware/TrustProxies.php(58): Illuminate\\Pipeline\\Pipeline->Illuminate\\Pipeline\\{closure}(Object(Illuminate\\Http\\Request))
#53 /var/www/html/backend-actualizado/vendor/laravel/framework/src/Illuminate/Pipeline/Pipeline.php(209): Illuminate\\Http\\Middleware\\TrustProxies->handle(Object(Illuminate\\Http\\Request), Object(Closure))
#54 /var/www/html/backend-actualizado/vendor/laravel/framework/src/Illuminate/Foundation/Http/Middleware/InvokeDeferredCallbacks.php(22): Illuminate\\Pipeline\\Pipeline->Illuminate\\Pipeline\\{closure}(Object(Illuminate\\Http\\Request))
#55 /var/www/html/backend-actualizado/vendor/laravel/framework/src/Illuminate/Pipeline/Pipeline.php(209): Illuminate\\Foundation\\Http\\Middleware\\InvokeDeferredCallbacks->handle(Object(Illuminate\\Http\\Request), Object(Closure))
#56 /var/www/html/backend-actualizado/vendor/laravel/framework/src/Illuminate/Pipeline/Pipeline.php(127): Illuminate\\Pipeline\\Pipeline->Illuminate\\Pipeline\\{closure}(Object(Illuminate\\Http\\Request))
#57 /var/www/html/backend-actualizado/vendor/laravel/framework/src/Illuminate/Foundation/Http/Kernel.php(176): Illuminate\\Pipeline\\Pipeline->then(Object(Closure))
#58 /var/www/html/backend-actualizado/vendor/laravel/framework/src/Illuminate/Foundation/Http/Kernel.php(145): Illuminate\\Foundation\\Http\\Kernel->sendRequestThroughRouter(Object(Illuminate\\Http\\Request))
#59 /var/www/html/backend-actualizado/public/index.php(11): Illuminate\\Foundation\\Http\\Kernel->handle(Object(Illuminate\\Http\\Request))
#60 {main}

[previous exception] [object] (PDOException(code: 42S02): SQLSTATE[42S02]: Base table or view not found: 1146 Table 'legacy_products.telescope_entries' doesn't exist at /var/www/html/backend-actualizado/vendor/laravel/framework/src/Illuminate/Database/Connection.php:407)
[stacktrace]
#0 /var/www/html/backend-actualizado/vendor/laravel/framework/src/Illuminate/Database/Connection.php(407): PDO->prepare('select * from `...')
#1 /var/www/html/backend-actualizado/vendor/laravel/framework/src/Illuminate/Database/Connection.php(812): Illuminate\\Database\\Connection->Illuminate\\Database\\{closure}('select * from `...', Array)
#2 /var/www/html/backend-actualizado/vendor/laravel/framework/src/Illuminate/Database/Connection.php(779): Illuminate\\Database\\Connection->runQueryCallback('select * from `...', Array, Object(Closure))
#3 /var/www/html/backend-actualizado/vendor/laravel/framework/src/Illuminate/Database/Connection.php(398): Illuminate\\Database\\Connection->run('select * from `...', Array, Object(Closure))
#4 /var/www/html/backend-actualizado/vendor/laravel/framework/src/Illuminate/Database/Query/Builder.php(3106): Illuminate\\Database\\Connection->select('select * from `...', Array, true)
#5 /var/www/html/backend-actualizado/vendor/laravel/framework/src/Illuminate/Database/Query/Builder.php(3091): Illuminate\\Database\\Query\\Builder->runSelect()
#6 /var/www/html/backend-actualizado/vendor/laravel/framework/src/Illuminate/Database/Query/Builder.php(3676): Illuminate\\Database\\Query\\Builder->Illuminate\\Database\\Query\\{closure}()
#7 /var/www/html/backend-actualizado/vendor/laravel/framework/src/Illuminate/Database/Query/Builder.php(3090): Illuminate\\Database\\Query\\Builder->onceWithColumns(Array, Object(Closure))
#8 /var/www/html/backend-actualizado/vendor/laravel/framework/src/Illuminate/Database/Eloquent/Builder.php(811): Illuminate\\Database\\Query\\Builder->get(Array)
#9 /var/www/html/backend-actualizado/vendor/laravel/framework/src/Illuminate/Database/Eloquent/Builder.php(793): Illuminate\\Database\\Eloquent\\Builder->getModels(Array)
#10 /var/www/html/backend-actualizado/vendor/laravel/telescope/src/Storage/DatabaseEntriesRepository.php(96): Illuminate\\Database\\Eloquent\\Builder->get()
#11 /var/www/html/backend-actualizado/vendor/laravel/telescope/src/Http/Controllers/EntryController.php(36): Laravel\\Telescope\\Storage\\DatabaseEntriesRepository->get('request', Object(Laravel\\Telescope\\Storage\\EntryQueryOptions))
#12 /var/www/html/backend-actualizado/vendor/laravel/framework/src/Illuminate/Routing/Controller.php(54): Laravel\\Telescope\\Http\\Controllers\\EntryController->index(Object(Illuminate\\Http\\Request), Object(Laravel\\Telescope\\Storage\\DatabaseEntriesRepository))
#13 /var/www/html/backend-actualizado/vendor/laravel/framework/src/Illuminate/Routing/ControllerDispatcher.php(44): Illuminate\\Routing\\Controller->callAction('index', Array)
#14 /var/www/html/backend-actualizado/vendor/laravel/framework/src/Illuminate/Routing/Route.php(266): Illuminate\\Routing\\ControllerDispatcher->dispatch(Object(Illuminate\\Routing\\Route), Object(Laravel\\Telescope\\Http\\Controllers\\RequestsController), 'index')
#15 /var/www/html/backend-actualizado/vendor/laravel/framework/src/Illuminate/Routing/Route.php(212): Illuminate\\Routing\\Route->runController()
#16 /var/www/html/backend-actualizado/vendor/laravel/framework/src/Illuminate/Routing/Router.php(808): Illuminate\\Routing\\Route->run()
#17 /var/www/html/backend-actualizado/vendor/laravel/framework/src/Illuminate/Pipeline/Pipeline.php(170): Illuminate\\Routing\\Router->Illuminate\\Routing\\{closure}(Object(Illuminate\\Http\\Request))
#18 /var/www/html/backend-actualizado/vendor/laravel/telescope/src/Http/Middleware/Authorize.php(18): Illuminate\\Pipeline\\Pipeline->Illuminate\\Pipeline\\{closure}(Object(Illuminate\\Http\\Request))
#19 /var/www/html/backend-actualizado/vendor/laravel/framework/src/Illuminate/Pipeline/Pipeline.php(209): Laravel\\Telescope\\Http\\Middleware\\Authorize->handle(Object(Illuminate\\Http\\Request), Object(Closure))
#20 /var/www/html/backend-actualizado/vendor/laravel/framework/src/Illuminate/Routing/Middleware/SubstituteBindings.php(51): Illuminate\\Pipeline\\Pipeline->Illuminate\\Pipeline\\{closure}(Object(Illuminate\\Http\\Request))
#21 /var/www/html/backend-actualizado/vendor/laravel/framework/src/Illuminate/Pipeline/Pipeline.php(209): Illuminate\\Routing\\Middleware\\SubstituteBindings->handle(Object(Illuminate\\Http\\Request), Object(Closure))
#22 /var/www/html/backend-actualizado/vendor/laravel/framework/src/Illuminate/Foundation/Http/Middleware/VerifyCsrfToken.php(88): Illuminate\\Pipeline\\Pipeline->Illuminate\\Pipeline\\{closure}(Object(Illuminate\\Http\\Request))
#23 /var/www/html/backend-actualizado/vendor/laravel/framework/src/Illuminate/Pipeline/Pipeline.php(209): Illuminate\\Foundation\\Http\\Middleware\\VerifyCsrfToken->handle(Object(Illuminate\\Http\\Request), Object(Closure))
#24 /var/www/html/backend-actualizado/vendor/laravel/framework/src/Illuminate/View/Middleware/ShareErrorsFromSession.php(49): Illuminate\\Pipeline\\Pipeline->Illuminate\\Pipeline\\{closure}(Object(Illuminate\\Http\\Request))
#25 /var/www/html/backend-actualizado/vendor/laravel/framework/src/Illuminate/Pipeline/Pipeline.php(209): Illuminate\\View\\Middleware\\ShareErrorsFromSession->handle(Object(Illuminate\\Http\\Request), Object(Closure))
#26 /var/www/html/backend-actualizado/vendor/laravel/framework/src/Illuminate/Session/Middleware/StartSession.php(121): Illuminate\\Pipeline\\Pipeline->Illuminate\\Pipeline\\{closure}(Object(Illuminate\\Http\\Request))
#27 /var/www/html/backend-actualizado/vendor/laravel/framework/src/Illuminate/Session/Middleware/StartSession.php(64): Illuminate\\Session\\Middleware\\StartSession->handleStatefulRequest(Object(Illuminate\\Http\\Request), Object(Illuminate\\Session\\Store), Object(Closure))
#28 /var/www/html/backend-actualizado/vendor/laravel/framework/src/Illuminate/Pipeline/Pipeline.php(209): Illuminate\\Session\\Middleware\\StartSession->handle(Object(Illuminate\\Http\\Request), Object(Closure))
#29 /var/www/html/backend-actualizado/vendor/laravel/framework/src/Illuminate/Cookie/Middleware/AddQueuedCookiesToResponse.php(37): Illuminate\\Pipeline\\Pipeline->Illuminate\\Pipeline\\{closure}(Object(Illuminate\\Http\\Request))
#30 /var/www/html/backend-actualizado/vendor/laravel/framework/src/Illuminate/Pipeline/Pipeline.php(209): Illuminate\\Cookie\\Middleware\\AddQueuedCookiesToResponse->handle(Object(Illuminate\\Http\\Request), Object(Closure))
#31 /var/www/html/backend-actualizado/vendor/laravel/framework/src/Illuminate/Cookie/Middleware/EncryptCookies.php(75): Illuminate\\Pipeline\\Pipeline->Illuminate\\Pipeline\\{closure}(Object(Illuminate\\Http\\Request))
#32 /var/www/html/backend-actualizado/vendor/laravel/framework/src/Illuminate/Pipeline/Pipeline.php(209): Illuminate\\Cookie\\Middleware\\EncryptCookies->handle(Object(Illuminate\\Http\\Request), Object(Closure))
#33 /var/www/html/backend-actualizado/vendor/laravel/sentinel/src/Http/Middleware/SentinelMiddleware.php(22): Illuminate\\Pipeline\\Pipeline->Illuminate\\Pipeline\\{closure}(Object(Illuminate\\Http\\Request))
#34 /var/www/html/backend-actualizado/vendor/laravel/framework/src/Illuminate/Pipeline/Pipeline.php(209): Laravel\\Sentinel\\Http\\Middleware\\SentinelMiddleware->handle(Object(Illuminate\\Http\\Request), Object(Closure), 'telescope')
#35 /var/www/html/backend-actualizado/vendor/laravel/framework/src/Illuminate/Pipeline/Pipeline.php(127): Illuminate\\Pipeline\\Pipeline->Illuminate\\Pipeline\\{closure}(Object(Illuminate\\Http\\Request))
#36 /var/www/html/backend-actualizado/vendor/laravel/framework/src/Illuminate/Routing/Router.php(807): Illuminate\\Pipeline\\Pipeline->then(Object(Closure))
#37 /var/www/html/backend-actualizado/vendor/laravel/framework/src/Illuminate/Routing/Router.php(786): Illuminate\\Routing\\Router->runRouteWithinStack(Object(Illuminate\\Routing\\Route), Object(Illuminate\\Http\\Request))
#38 /var/www/html/backend-actualizado/vendor/laravel/framework/src/Illuminate/Routing/Router.php(750): Illuminate\\Routing\\Router->runRoute(Object(Illuminate\\Http\\Request), Object(Illuminate\\Routing\\Route))
#39 /var/www/html/backend-actualizado/vendor/laravel/framework/src/Illuminate/Routing/Router.php(739): Illuminate\\Routing\\Router->dispatchToRoute(Object(Illuminate\\Http\\Request))
#40 /var/www/html/backend-actualizado/vendor/laravel/framework/src/Illuminate/Foundation/Http/Kernel.php(201): Illuminate\\Routing\\Router->dispatch(Object(Illuminate\\Http\\Request))
#41 /var/www/html/backend-actualizado/vendor/laravel/framework/src/Illuminate/Pipeline/Pipeline.php(170): Illuminate\\Foundation\\Http\\Kernel->Illuminate\\Foundation\\Http\\{closure}(Object(Illuminate\\Http\\Request))
#42 /var/www/html/backend-actualizado/vendor/laravel/framework/src/Illuminate/Foundation/Http/Middleware/TransformsRequest.php(21): Illuminate\\Pipeline\\Pipeline->Illuminate\\Pipeline\\{closure}(Object(Illuminate\\Http\\Request))
#43 /var/www/html/backend-actualizado/vendor/laravel/framework/src/Illuminate/Foundation/Http/Middleware/ConvertEmptyStringsToNull.php(31): Illuminate\\Foundation\\Http\\Middleware\\TransformsRequest->handle(Object(Illuminate\\Http\\Request), Object(Closure))
#44 /var/www/html/backend-actualizado/vendor/laravel/framework/src/Illuminate/Pipeline/Pipeline.php(209): Illuminate\\Foundation\\Http\\Middleware\\ConvertEmptyStringsToNull->handle(Object(Illuminate\\Http\\Request), Object(Closure))
#45 /var/www/html/backend-actualizado/vendor/laravel/framework/src/Illuminate/Foundation/Http/Middleware/TransformsRequest.php(21): Illuminate\\Pipeline\\Pipeline->Illuminate\\Pipeline\\{closure}(Object(Illuminate\\Http\\Request))
#46 /var/www/html/backend-actualizado/vendor/laravel/framework/src/Illuminate/Foundation/Http/Middleware/TrimStrings.php(51): Illuminate\\Foundation\\Http\\Middleware\\TransformsRequest->handle(Object(Illuminate\\Http\\Request), Object(Closure))
#47 /var/www/html/backend-actualizado/vendor/laravel/framework/src/Illuminate/Pipeline/Pipeline.php(209): Illuminate\\Foundation\\Http\\Middleware\\TrimStrings->handle(Object(Illuminate\\Http\\Request), Object(Closure))
#48 /var/www/html/backend-actualizado/vendor/laravel/framework/src/Illuminate/Http/Middleware/ValidatePostSize.php(27): Illuminate\\Pipeline\\Pipeline->Illuminate\\Pipeline\\{closure}(Object(Illuminate\\Http\\Request))
#49 /var/www/html/backend-actualizado/vendor/laravel/framework/src/Illuminate/Pipeline/Pipeline.php(209): Illuminate\\Http\\Middleware\\ValidatePostSize->handle(Object(Illuminate\\Http\\Request), Object(Closure))
#50 /var/www/html/backend-actualizado/vendor/laravel/framework/src/Illuminate/Foundation/Http/Middleware/PreventRequestsDuringMaintenance.php(110): Illuminate\\Pipeline\\Pipeline->Illuminate\\Pipeline\\{closure}(Object(Illuminate\\Http\\Request))
#51 /var/www/html/backend-actualizado/vendor/laravel/framework/src/Illuminate/Pipeline/Pipeline.php(209): Illuminate\\Foundation\\Http\\Middleware\\PreventRequestsDuringMaintenance->handle(Object(Illuminate\\Http\\Request), Object(Closure))
#52 /var/www/html/backend-actualizado/vendor/laravel/framework/src/Illuminate/Http/Middleware/HandleCors.php(62): Illuminate\\Pipeline\\Pipeline->Illuminate\\Pipeline\\{closure}(Object(Illuminate\\Http\\Request))
#53 /var/www/html/backend-actualizado/vendor/laravel/framework/src/Illuminate/Pipeline/Pipeline.php(209): Illuminate\\Http\\Middleware\\HandleCors->handle(Object(Illuminate\\Http\\Request), Object(Closure))
#54 /var/www/html/backend-actualizado/vendor/laravel/framework/src/Illuminate/Http/Middleware/TrustProxies.php(58): Illuminate\\Pipeline\\Pipeline->Illuminate\\Pipeline\\{closure}(Object(Illuminate\\Http\\Request))
#55 /var/www/html/backend-actualizado/vendor/laravel/framework/src/Illuminate/Pipeline/Pipeline.php(209): Illuminate\\Http\\Middleware\\TrustProxies->handle(Object(Illuminate\\Http\\Request), Object(Closure))
#56 /var/www/html/backend-actualizado/vendor/laravel/framework/src/Illuminate/Foundation/Http/Middleware/InvokeDeferredCallbacks.php(22): Illuminate\\Pipeline\\Pipeline->Illuminate\\Pipeline\\{closure}(Object(Illuminate\\Http\\Request))
#57 /var/www/html/backend-actualizado/vendor/laravel/framework/src/Illuminate/Pipeline/Pipeline.php(209): Illuminate\\Foundation\\Http\\Middleware\\InvokeDeferredCallbacks->handle(Object(Illuminate\\Http\\Request), Object(Closure))
#58 /var/www/html/backend-actualizado/vendor/laravel/framework/src/Illuminate/Pipeline/Pipeline.php(127): Illuminate\\Pipeline\\Pipeline->Illuminate\\Pipeline\\{closure}(Object(Illuminate\\Http\\Request))
#59 /var/www/html/backend-actualizado/vendor/laravel/framework/src/Illuminate/Foundation/Http/Kernel.php(176): Illuminate\\Pipeline\\Pipeline->then(Object(Closure))
#60 /var/www/html/backend-actualizado/vendor/laravel/framework/src/Illuminate/Foundation/Http/Kernel.php(145): Illuminate\\Foundation\\Http\\Kernel->sendRequestThroughRouter(Object(Illuminate\\Http\\Request))
#61 /var/www/html/backend-actualizado/public/index.php(11): Illuminate\\Foundation\\Http\\Kernel->handle(Object(Illuminate\\Http\\Request))
#62 {main}
"} 
[2026-05-18 19:26:28] local.ERROR: SQLSTATE[42S02]: Base table or view not found: 1146 Table 'legacy_products.telescope_entries' doesn't exist (Connection: mysql, SQL: select * from `telescope_entries` where `type` = command and `should_display_on_index` = 1 order by `sequence` desc limit 50) {"exception":"[object] (Illuminate\\Database\\QueryException(code: 42S02): SQLSTATE[42S02]: Base table or view not found: 1146 Table 'legacy_products.telescope_entries' doesn't exist (Connection: mysql, SQL: select * from `telescope_entries` where `type` = command and `should_display_on_index` = 1 order by `sequence` desc limit 50) at /var/www/html/backend-actualizado/vendor/laravel/framework/src/Illuminate/Database/Connection.php:825)
[stacktrace]
#0 /var/www/html/backend-actualizado/vendor/laravel/framework/src/Illuminate/Database/Connection.php(779): Illuminate\\Database\\Connection->runQueryCallback('select * from `...', Array, Object(Closure))
#1 /var/www/html/backend-actualizado/vendor/laravel/framework/src/Illuminate/Database/Connection.php(398): Illuminate\\Database\\Connection->run('select * from `...', Array, Object(Closure))
#2 /var/www/html/backend-actualizado/vendor/laravel/framework/src/Illuminate/Database/Query/Builder.php(3106): Illuminate\\Database\\Connection->select('select * from `...', Array, true)
#3 /var/www/html/backend-actualizado/vendor/laravel/framework/src/Illuminate/Database/Query/Builder.php(3091): Illuminate\\Database\\Query\\Builder->runSelect()
#4 /var/www/html/backend-actualizado/vendor/laravel/framework/src/Illuminate/Database/Query/Builder.php(3676): Illuminate\\Database\\Query\\Builder->Illuminate\\Database\\Query\\{closure}()
#5 /var/www/html/backend-actualizado/vendor/laravel/framework/src/Illuminate/Database/Query/Builder.php(3090): Illuminate\\Database\\Query\\Builder->onceWithColumns(Array, Object(Closure))
#6 /var/www/html/backend-actualizado/vendor/laravel/framework/src/Illuminate/Database/Eloquent/Builder.php(811): Illuminate\\Database\\Query\\Builder->get(Array)
#7 /var/www/html/backend-actualizado/vendor/laravel/framework/src/Illuminate/Database/Eloquent/Builder.php(793): Illuminate\\Database\\Eloquent\\Builder->getModels(Array)
#8 /var/www/html/backend-actualizado/vendor/laravel/telescope/src/Storage/DatabaseEntriesRepository.php(96): Illuminate\\Database\\Eloquent\\Builder->get()
#9 /var/www/html/backend-actualizado/vendor/laravel/telescope/src/Http/Controllers/EntryController.php(36): Laravel\\Telescope\\Storage\\DatabaseEntriesRepository->get('command', Object(Laravel\\Telescope\\Storage\\EntryQueryOptions))
#10 /var/www/html/backend-actualizado/vendor/laravel/framework/src/Illuminate/Routing/Controller.php(54): Laravel\\Telescope\\Http\\Controllers\\EntryController->index(Object(Illuminate\\Http\\Request), Object(Laravel\\Telescope\\Storage\\DatabaseEntriesRepository))
#11 /var/www/html/backend-actualizado/vendor/laravel/framework/src/Illuminate/Routing/ControllerDispatcher.php(44): Illuminate\\Routing\\Controller->callAction('index', Array)
#12 /var/www/html/backend-actualizado/vendor/laravel/framework/src/Illuminate/Routing/Route.php(266): Illuminate\\Routing\\ControllerDispatcher->dispatch(Object(Illuminate\\Routing\\Route), Object(Laravel\\Telescope\\Http\\Controllers\\CommandsController), 'index')
#13 /var/www/html/backend-actualizado/vendor/laravel/framework/src/Illuminate/Routing/Route.php(212): Illuminate\\Routing\\Route->runController()
#14 /var/www/html/backend-actualizado/vendor/laravel/framework/src/Illuminate/Routing/Router.php(808): Illuminate\\Routing\\Route->run()
#15 /var/www/html/backend-actualizado/vendor/laravel/framework/src/Illuminate/Pipeline/Pipeline.php(170): Illuminate\\Routing\\Router->Illuminate\\Routing\\{closure}(Object(Illuminate\\Http\\Request))
#16 /var/www/html/backend-actualizado/vendor/laravel/telescope/src/Http/Middleware/Authorize.php(18): Illuminate\\Pipeline\\Pipeline->Illuminate\\Pipeline\\{closure}(Object(Illuminate\\Http\\Request))
#17 /var/www/html/backend-actualizado/vendor/laravel/framework/src/Illuminate/Pipeline/Pipeline.php(209): Laravel\\Telescope\\Http\\Middleware\\Authorize->handle(Object(Illuminate\\Http\\Request), Object(Closure))
#18 /var/www/html/backend-actualizado/vendor/laravel/framework/src/Illuminate/Routing/Middleware/SubstituteBindings.php(51): Illuminate\\Pipeline\\Pipeline->Illuminate\\Pipeline\\{closure}(Object(Illuminate\\Http\\Request))
#19 /var/www/html/backend-actualizado/vendor/laravel/framework/src/Illuminate/Pipeline/Pipeline.php(209): Illuminate\\Routing\\Middleware\\SubstituteBindings->handle(Object(Illuminate\\Http\\Request), Object(Closure))
#20 /var/www/html/backend-actualizado/vendor/laravel/framework/src/Illuminate/Foundation/Http/Middleware/VerifyCsrfToken.php(88): Illuminate\\Pipeline\\Pipeline->Illuminate\\Pipeline\\{closure}(Object(Illuminate\\Http\\Request))
#21 /var/www/html/backend-actualizado/vendor/laravel/framework/src/Illuminate/Pipeline/Pipeline.php(209): Illuminate\\Foundation\\Http\\Middleware\\VerifyCsrfToken->handle(Object(Illuminate\\Http\\Request), Object(Closure))
#22 /var/www/html/backend-actualizado/vendor/laravel/framework/src/Illuminate/View/Middleware/ShareErrorsFromSession.php(49): Illuminate\\Pipeline\\Pipeline->Illuminate\\Pipeline\\{closure}(Object(Illuminate\\Http\\Request))
#23 /var/www/html/backend-actualizado/vendor/laravel/framework/src/Illuminate/Pipeline/Pipeline.php(209): Illuminate\\View\\Middleware\\ShareErrorsFromSession->handle(Object(Illuminate\\Http\\Request), Object(Closure))
#24 /var/www/html/backend-actualizado/vendor/laravel/framework/src/Illuminate/Session/Middleware/StartSession.php(121): Illuminate\\Pipeline\\Pipeline->Illuminate\\Pipeline\\{closure}(Object(Illuminate\\Http\\Request))
#25 /var/www/html/backend-actualizado/vendor/laravel/framework/src/Illuminate/Session/Middleware/StartSession.php(64): Illuminate\\Session\\Middleware\\StartSession->handleStatefulRequest(Object(Illuminate\\Http\\Request), Object(Illuminate\\Session\\Store), Object(Closure))
#26 /var/www/html/backend-actualizado/vendor/laravel/framework/src/Illuminate/Pipeline/Pipeline.php(209): Illuminate\\Session\\Middleware\\StartSession->handle(Object(Illuminate\\Http\\Request), Object(Closure))
#27 /var/www/html/backend-actualizado/vendor/laravel/framework/src/Illuminate/Cookie/Middleware/AddQueuedCookiesToResponse.php(37): Illuminate\\Pipeline\\Pipeline->Illuminate\\Pipeline\\{closure}(Object(Illuminate\\Http\\Request))
#28 /var/www/html/backend-actualizado/vendor/laravel/framework/src/Illuminate/Pipeline/Pipeline.php(209): Illuminate\\Cookie\\Middleware\\AddQueuedCookiesToResponse->handle(Object(Illuminate\\Http\\Request), Object(Closure))
#29 /var/www/html/backend-actualizado/vendor/laravel/framework/src/Illuminate/Cookie/Middleware/EncryptCookies.php(75): Illuminate\\Pipeline\\Pipeline->Illuminate\\Pipeline\\{closure}(Object(Illuminate\\Http\\Request))
#30 /var/www/html/backend-actualizado/vendor/laravel/framework/src/Illuminate/Pipeline/Pipeline.php(209): Illuminate\\Cookie\\Middleware\\EncryptCookies->handle(Object(Illuminate\\Http\\Request), Object(Closure))
#31 /var/www/html/backend-actualizado/vendor/laravel/sentinel/src/Http/Middleware/SentinelMiddleware.php(22): Illuminate\\Pipeline\\Pipeline->Illuminate\\Pipeline\\{closure}(Object(Illuminate\\Http\\Request))
#32 /var/www/html/backend-actualizado/vendor/laravel/framework/src/Illuminate/Pipeline/Pipeline.php(209): Laravel\\Sentinel\\Http\\Middleware\\SentinelMiddleware->handle(Object(Illuminate\\Http\\Request), Object(Closure), 'telescope')
#33 /var/www/html/backend-actualizado/vendor/laravel/framework/src/Illuminate/Pipeline/Pipeline.php(127): Illuminate\\Pipeline\\Pipeline->Illuminate\\Pipeline\\{closure}(Object(Illuminate\\Http\\Request))
#34 /var/www/html/backend-actualizado/vendor/laravel/framework/src/Illuminate/Routing/Router.php(807): Illuminate\\Pipeline\\Pipeline->then(Object(Closure))
#35 /var/www/html/backend-actualizado/vendor/laravel/framework/src/Illuminate/Routing/Router.php(786): Illuminate\\Routing\\Router->runRouteWithinStack(Object(Illuminate\\Routing\\Route), Object(Illuminate\\Http\\Request))
#36 /var/www/html/backend-actualizado/vendor/laravel/framework/src/Illuminate/Routing/Router.php(750): Illuminate\\Routing\\Router->runRoute(Object(Illuminate\\Http\\Request), Object(Illuminate\\Routing\\Route))
#37 /var/www/html/backend-actualizado/vendor/laravel/framework/src/Illuminate/Routing/Router.php(739): Illuminate\\Routing\\Router->dispatchToRoute(Object(Illuminate\\Http\\Request))
#38 /var/www/html/backend-actualizado/vendor/laravel/framework/src/Illuminate/Foundation/Http/Kernel.php(201): Illuminate\\Routing\\Router->dispatch(Object(Illuminate\\Http\\Request))
#39 /var/www/html/backend-actualizado/vendor/laravel/framework/src/Illuminate/Pipeline/Pipeline.php(170): Illuminate\\Foundation\\Http\\Kernel->Illuminate\\Foundation\\Http\\{closure}(Object(Illuminate\\Http\\Request))
#40 /var/www/html/backend-actualizado/vendor/laravel/framework/src/Illuminate/Foundation/Http/Middleware/TransformsRequest.php(21): Illuminate\\Pipeline\\Pipeline->Illuminate\\Pipeline\\{closure}(Object(Illuminate\\Http\\Request))
#41 /var/www/html/backend-actualizado/vendor/laravel/framework/src/Illuminate/Foundation/Http/Middleware/ConvertEmptyStringsToNull.php(31): Illuminate\\Foundation\\Http\\Middleware\\TransformsRequest->handle(Object(Illuminate\\Http\\Request), Object(Closure))
#42 /var/www/html/backend-actualizado/vendor/laravel/framework/src/Illuminate/Pipeline/Pipeline.php(209): Illuminate\\Foundation\\Http\\Middleware\\ConvertEmptyStringsToNull->handle(Object(Illuminate\\Http\\Request), Object(Closure))
#43 /var/www/html/backend-actualizado/vendor/laravel/framework/src/Illuminate/Foundation/Http/Middleware/TransformsRequest.php(21): Illuminate\\Pipeline\\Pipeline->Illuminate\\Pipeline\\{closure}(Object(Illuminate\\Http\\Request))
#44 /var/www/html/backend-actualizado/vendor/laravel/framework/src/Illuminate/Foundation/Http/Middleware/TrimStrings.php(51): Illuminate\\Foundation\\Http\\Middleware\\TransformsRequest->handle(Object(Illuminate\\Http\\Request), Object(Closure))
#45 /var/www/html/backend-actualizado/vendor/laravel/framework/src/Illuminate/Pipeline/Pipeline.php(209): Illuminate\\Foundation\\Http\\Middleware\\TrimStrings->handle(Object(Illuminate\\Http\\Request), Object(Closure))
#46 /var/www/html/backend-actualizado/vendor/laravel/framework/src/Illuminate/Http/Middleware/ValidatePostSize.php(27): Illuminate\\Pipeline\\Pipeline->Illuminate\\Pipeline\\{closure}(Object(Illuminate\\Http\\Request))
#47 /var/www/html/backend-actualizado/vendor/laravel/framework/src/Illuminate/Pipeline/Pipeline.php(209): Illuminate\\Http\\Middleware\\ValidatePostSize->handle(Object(Illuminate\\Http\\Request), Object(Closure))
#48 /var/www/html/backend-actualizado/vendor/laravel/framework/src/Illuminate/Foundation/Http/Middleware/PreventRequestsDuringMaintenance.php(110): Illuminate\\Pipeline\\Pipeline->Illuminate\\Pipeline\\{closure}(Object(Illuminate\\Http\\Request))
#49 /var/www/html/backend-actualizado/vendor/laravel/framework/src/Illuminate/Pipeline/Pipeline.php(209): Illuminate\\Foundation\\Http\\Middleware\\PreventRequestsDuringMaintenance->handle(Object(Illuminate\\Http\\Request), Object(Closure))
#50 /var/www/html/backend-actualizado/vendor/laravel/framework/src/Illuminate/Http/Middleware/HandleCors.php(62): Illuminate\\Pipeline\\Pipeline->Illuminate\\Pipeline\\{closure}(Object(Illuminate\\Http\\Request))
#51 /var/www/html/backend-actualizado/vendor/laravel/framework/src/Illuminate/Pipeline/Pipeline.php(209): Illuminate\\Http\\Middleware\\HandleCors->handle(Object(Illuminate\\Http\\Request), Object(Closure))
#52 /var/www/html/backend-actualizado/vendor/laravel/framework/src/Illuminate/Http/Middleware/TrustProxies.php(58): Illuminate\\Pipeline\\Pipeline->Illuminate\\Pipeline\\{closure}(Object(Illuminate\\Http\\Request))
#53 /var/www/html/backend-actualizado/vendor/laravel/framework/src/Illuminate/Pipeline/Pipeline.php(209): Illuminate\\Http\\Middleware\\TrustProxies->handle(Object(Illuminate\\Http\\Request), Object(Closure))
#54 /var/www/html/backend-actualizado/vendor/laravel/framework/src/Illuminate/Foundation/Http/Middleware/InvokeDeferredCallbacks.php(22): Illuminate\\Pipeline\\Pipeline->Illuminate\\Pipeline\\{closure}(Object(Illuminate\\Http\\Request))
#55 /var/www/html/backend-actualizado/vendor/laravel/framework/src/Illuminate/Pipeline/Pipeline.php(209): Illuminate\\Foundation\\Http\\Middleware\\InvokeDeferredCallbacks->handle(Object(Illuminate\\Http\\Request), Object(Closure))
#56 /var/www/html/backend-actualizado/vendor/laravel/framework/src/Illuminate/Pipeline/Pipeline.php(127): Illuminate\\Pipeline\\Pipeline->Illuminate\\Pipeline\\{closure}(Object(Illuminate\\Http\\Request))
#57 /var/www/html/backend-actualizado/vendor/laravel/framework/src/Illuminate/Foundation/Http/Kernel.php(176): Illuminate\\Pipeline\\Pipeline->then(Object(Closure))
#58 /var/www/html/backend-actualizado/vendor/laravel/framework/src/Illuminate/Foundation/Http/Kernel.php(145): Illuminate\\Foundation\\Http\\Kernel->sendRequestThroughRouter(Object(Illuminate\\Http\\Request))
#59 /var/www/html/backend-actualizado/public/index.php(11): Illuminate\\Foundation\\Http\\Kernel->handle(Object(Illuminate\\Http\\Request))
#60 {main}

[previous exception] [object] (PDOException(code: 42S02): SQLSTATE[42S02]: Base table or view not found: 1146 Table 'legacy_products.telescope_entries' doesn't exist at /var/www/html/backend-actualizado/vendor/laravel/framework/src/Illuminate/Database/Connection.php:407)
[stacktrace]
#0 /var/www/html/backend-actualizado/vendor/laravel/framework/src/Illuminate/Database/Connection.php(407): PDO->prepare('select * from `...')
#1 /var/www/html/backend-actualizado/vendor/laravel/framework/src/Illuminate/Database/Connection.php(812): Illuminate\\Database\\Connection->Illuminate\\Database\\{closure}('select * from `...', Array)
#2 /var/www/html/backend-actualizado/vendor/laravel/framework/src/Illuminate/Database/Connection.php(779): Illuminate\\Database\\Connection->runQueryCallback('select * from `...', Array, Object(Closure))
#3 /var/www/html/backend-actualizado/vendor/laravel/framework/src/Illuminate/Database/Connection.php(398): Illuminate\\Database\\Connection->run('select * from `...', Array, Object(Closure))
#4 /var/www/html/backend-actualizado/vendor/laravel/framework/src/Illuminate/Database/Query/Builder.php(3106): Illuminate\\Database\\Connection->select('select * from `...', Array, true)
#5 /var/www/html/backend-actualizado/vendor/laravel/framework/src/Illuminate/Database/Query/Builder.php(3091): Illuminate\\Database\\Query\\Builder->runSelect()
#6 /var/www/html/backend-actualizado/vendor/laravel/framework/src/Illuminate/Database/Query/Builder.php(3676): Illuminate\\Database\\Query\\Builder->Illuminate\\Database\\Query\\{closure}()
#7 /var/www/html/backend-actualizado/vendor/laravel/framework/src/Illuminate/Database/Query/Builder.php(3090): Illuminate\\Database\\Query\\Builder->onceWithColumns(Array, Object(Closure))
#8 /var/www/html/backend-actualizado/vendor/laravel/framework/src/Illuminate/Database/Eloquent/Builder.php(811): Illuminate\\Database\\Query\\Builder->get(Array)
#9 /var/www/html/backend-actualizado/vendor/laravel/framework/src/Illuminate/Database/Eloquent/Builder.php(793): Illuminate\\Database\\Eloquent\\Builder->getModels(Array)
#10 /var/www/html/backend-actualizado/vendor/laravel/telescope/src/Storage/DatabaseEntriesRepository.php(96): Illuminate\\Database\\Eloquent\\Builder->get()
#11 /var/www/html/backend-actualizado/vendor/laravel/telescope/src/Http/Controllers/EntryController.php(36): Laravel\\Telescope\\Storage\\DatabaseEntriesRepository->get('command', Object(Laravel\\Telescope\\Storage\\EntryQueryOptions))
#12 /var/www/html/backend-actualizado/vendor/laravel/framework/src/Illuminate/Routing/Controller.php(54): Laravel\\Telescope\\Http\\Controllers\\EntryController->index(Object(Illuminate\\Http\\Request), Object(Laravel\\Telescope\\Storage\\DatabaseEntriesRepository))
#13 /var/www/html/backend-actualizado/vendor/laravel/framework/src/Illuminate/Routing/ControllerDispatcher.php(44): Illuminate\\Routing\\Controller->callAction('index', Array)
#14 /var/www/html/backend-actualizado/vendor/laravel/framework/src/Illuminate/Routing/Route.php(266): Illuminate\\Routing\\ControllerDispatcher->dispatch(Object(Illuminate\\Routing\\Route), Object(Laravel\\Telescope\\Http\\Controllers\\CommandsController), 'index')
#15 /var/www/html/backend-actualizado/vendor/laravel/framework/src/Illuminate/Routing/Route.php(212): Illuminate\\Routing\\Route->runController()
#16 /var/www/html/backend-actualizado/vendor/laravel/framework/src/Illuminate/Routing/Router.php(808): Illuminate\\Routing\\Route->run()
#17 /var/www/html/backend-actualizado/vendor/laravel/framework/src/Illuminate/Pipeline/Pipeline.php(170): Illuminate\\Routing\\Router->Illuminate\\Routing\\{closure}(Object(Illuminate\\Http\\Request))
#18 /var/www/html/backend-actualizado/vendor/laravel/telescope/src/Http/Middleware/Authorize.php(18): Illuminate\\Pipeline\\Pipeline->Illuminate\\Pipeline\\{closure}(Object(Illuminate\\Http\\Request))
#19 /var/www/html/backend-actualizado/vendor/laravel/framework/src/Illuminate/Pipeline/Pipeline.php(209): Laravel\\Telescope\\Http\\Middleware\\Authorize->handle(Object(Illuminate\\Http\\Request), Object(Closure))
#20 /var/www/html/backend-actualizado/vendor/laravel/framework/src/Illuminate/Routing/Middleware/SubstituteBindings.php(51): Illuminate\\Pipeline\\Pipeline->Illuminate\\Pipeline\\{closure}(Object(Illuminate\\Http\\Request))
#21 /var/www/html/backend-actualizado/vendor/laravel/framework/src/Illuminate/Pipeline/Pipeline.php(209): Illuminate\\Routing\\Middleware\\SubstituteBindings->handle(Object(Illuminate\\Http\\Request), Object(Closure))
#22 /var/www/html/backend-actualizado/vendor/laravel/framework/src/Illuminate/Foundation/Http/Middleware/VerifyCsrfToken.php(88): Illuminate\\Pipeline\\Pipeline->Illuminate\\Pipeline\\{closure}(Object(Illuminate\\Http\\Request))
#23 /var/www/html/backend-actualizado/vendor/laravel/framework/src/Illuminate/Pipeline/Pipeline.php(209): Illuminate\\Foundation\\Http\\Middleware\\VerifyCsrfToken->handle(Object(Illuminate\\Http\\Request), Object(Closure))
#24 /var/www/html/backend-actualizado/vendor/laravel/framework/src/Illuminate/View/Middleware/ShareErrorsFromSession.php(49): Illuminate\\Pipeline\\Pipeline->Illuminate\\Pipeline\\{closure}(Object(Illuminate\\Http\\Request))
#25 /var/www/html/backend-actualizado/vendor/laravel/framework/src/Illuminate/Pipeline/Pipeline.php(209): Illuminate\\View\\Middleware\\ShareErrorsFromSession->handle(Object(Illuminate\\Http\\Request), Object(Closure))
#26 /var/www/html/backend-actualizado/vendor/laravel/framework/src/Illuminate/Session/Middleware/StartSession.php(121): Illuminate\\Pipeline\\Pipeline->Illuminate\\Pipeline\\{closure}(Object(Illuminate\\Http\\Request))
#27 /var/www/html/backend-actualizado/vendor/laravel/framework/src/Illuminate/Session/Middleware/StartSession.php(64): Illuminate\\Session\\Middleware\\StartSession->handleStatefulRequest(Object(Illuminate\\Http\\Request), Object(Illuminate\\Session\\Store), Object(Closure))
#28 /var/www/html/backend-actualizado/vendor/laravel/framework/src/Illuminate/Pipeline/Pipeline.php(209): Illuminate\\Session\\Middleware\\StartSession->handle(Object(Illuminate\\Http\\Request), Object(Closure))
#29 /var/www/html/backend-actualizado/vendor/laravel/framework/src/Illuminate/Cookie/Middleware/AddQueuedCookiesToResponse.php(37): Illuminate\\Pipeline\\Pipeline->Illuminate\\Pipeline\\{closure}(Object(Illuminate\\Http\\Request))
#30 /var/www/html/backend-actualizado/vendor/laravel/framework/src/Illuminate/Pipeline/Pipeline.php(209): Illuminate\\Cookie\\Middleware\\AddQueuedCookiesToResponse->handle(Object(Illuminate\\Http\\Request), Object(Closure))
#31 /var/www/html/backend-actualizado/vendor/laravel/framework/src/Illuminate/Cookie/Middleware/EncryptCookies.php(75): Illuminate\\Pipeline\\Pipeline->Illuminate\\Pipeline\\{closure}(Object(Illuminate\\Http\\Request))
#32 /var/www/html/backend-actualizado/vendor/laravel/framework/src/Illuminate/Pipeline/Pipeline.php(209): Illuminate\\Cookie\\Middleware\\EncryptCookies->handle(Object(Illuminate\\Http\\Request), Object(Closure))
#33 /var/www/html/backend-actualizado/vendor/laravel/sentinel/src/Http/Middleware/SentinelMiddleware.php(22): Illuminate\\Pipeline\\Pipeline->Illuminate\\Pipeline\\{closure}(Object(Illuminate\\Http\\Request))
#34 /var/www/html/backend-actualizado/vendor/laravel/framework/src/Illuminate/Pipeline/Pipeline.php(209): Laravel\\Sentinel\\Http\\Middleware\\SentinelMiddleware->handle(Object(Illuminate\\Http\\Request), Object(Closure), 'telescope')
#35 /var/www/html/backend-actualizado/vendor/laravel/framework/src/Illuminate/Pipeline/Pipeline.php(127): Illuminate\\Pipeline\\Pipeline->Illuminate\\Pipeline\\{closure}(Object(Illuminate\\Http\\Request))
#36 /var/www/html/backend-actualizado/vendor/laravel/framework/src/Illuminate/Routing/Router.php(807): Illuminate\\Pipeline\\Pipeline->then(Object(Closure))
#37 /var/www/html/backend-actualizado/vendor/laravel/framework/src/Illuminate/Routing/Router.php(786): Illuminate\\Routing\\Router->runRouteWithinStack(Object(Illuminate\\Routing\\Route), Object(Illuminate\\Http\\Request))
#38 /var/www/html/backend-actualizado/vendor/laravel/framework/src/Illuminate/Routing/Router.php(750): Illuminate\\Routing\\Router->runRoute(Object(Illuminate\\Http\\Request), Object(Illuminate\\Routing\\Route))
#39 /var/www/html/backend-actualizado/vendor/laravel/framework/src/Illuminate/Routing/Router.php(739): Illuminate\\Routing\\Router->dispatchToRoute(Object(Illuminate\\Http\\Request))
#40 /var/www/html/backend-actualizado/vendor/laravel/framework/src/Illuminate/Foundation/Http/Kernel.php(201): Illuminate\\Routing\\Router->dispatch(Object(Illuminate\\Http\\Request))
#41 /var/www/html/backend-actualizado/vendor/laravel/framework/src/Illuminate/Pipeline/Pipeline.php(170): Illuminate\\Foundation\\Http\\Kernel->Illuminate\\Foundation\\Http\\{closure}(Object(Illuminate\\Http\\Request))
#42 /var/www/html/backend-actualizado/vendor/laravel/framework/src/Illuminate/Foundation/Http/Middleware/TransformsRequest.php(21): Illuminate\\Pipeline\\Pipeline->Illuminate\\Pipeline\\{closure}(Object(Illuminate\\Http\\Request))
#43 /var/www/html/backend-actualizado/vendor/laravel/framework/src/Illuminate/Foundation/Http/Middleware/ConvertEmptyStringsToNull.php(31): Illuminate\\Foundation\\Http\\Middleware\\TransformsRequest->handle(Object(Illuminate\\Http\\Request), Object(Closure))
#44 /var/www/html/backend-actualizado/vendor/laravel/framework/src/Illuminate/Pipeline/Pipeline.php(209): Illuminate\\Foundation\\Http\\Middleware\\ConvertEmptyStringsToNull->handle(Object(Illuminate\\Http\\Request), Object(Closure))
#45 /var/www/html/backend-actualizado/vendor/laravel/framework/src/Illuminate/Foundation/Http/Middleware/TransformsRequest.php(21): Illuminate\\Pipeline\\Pipeline->Illuminate\\Pipeline\\{closure}(Object(Illuminate\\Http\\Request))
#46 /var/www/html/backend-actualizado/vendor/laravel/framework/src/Illuminate/Foundation/Http/Middleware/TrimStrings.php(51): Illuminate\\Foundation\\Http\\Middleware\\TransformsRequest->handle(Object(Illuminate\\Http\\Request), Object(Closure))
#47 /var/www/html/backend-actualizado/vendor/laravel/framework/src/Illuminate/Pipeline/Pipeline.php(209): Illuminate\\Foundation\\Http\\Middleware\\TrimStrings->handle(Object(Illuminate\\Http\\Request), Object(Closure))
#48 /var/www/html/backend-actualizado/vendor/laravel/framework/src/Illuminate/Http/Middleware/ValidatePostSize.php(27): Illuminate\\Pipeline\\Pipeline->Illuminate\\Pipeline\\{closure}(Object(Illuminate\\Http\\Request))
#49 /var/www/html/backend-actualizado/vendor/laravel/framework/src/Illuminate/Pipeline/Pipeline.php(209): Illuminate\\Http\\Middleware\\ValidatePostSize->handle(Object(Illuminate\\Http\\Request), Object(Closure))
#50 /var/www/html/backend-actualizado/vendor/laravel/framework/src/Illuminate/Foundation/Http/Middleware/PreventRequestsDuringMaintenance.php(110): Illuminate\\Pipeline\\Pipeline->Illuminate\\Pipeline\\{closure}(Object(Illuminate\\Http\\Request))
#51 /var/www/html/backend-actualizado/vendor/laravel/framework/src/Illuminate/Pipeline/Pipeline.php(209): Illuminate\\Foundation\\Http\\Middleware\\PreventRequestsDuringMaintenance->handle(Object(Illuminate\\Http\\Request), Object(Closure))
#52 /var/www/html/backend-actualizado/vendor/laravel/framework/src/Illuminate/Http/Middleware/HandleCors.php(62): Illuminate\\Pipeline\\Pipeline->Illuminate\\Pipeline\\{closure}(Object(Illuminate\\Http\\Request))
#53 /var/www/html/backend-actualizado/vendor/laravel/framework/src/Illuminate/Pipeline/Pipeline.php(209): Illuminate\\Http\\Middleware\\HandleCors->handle(Object(Illuminate\\Http\\Request), Object(Closure))
#54 /var/www/html/backend-actualizado/vendor/laravel/framework/src/Illuminate/Http/Middleware/TrustProxies.php(58): Illuminate\\Pipeline\\Pipeline->Illuminate\\Pipeline\\{closure}(Object(Illuminate\\Http\\Request))
#55 /var/www/html/backend-actualizado/vendor/laravel/framework/src/Illuminate/Pipeline/Pipeline.php(209): Illuminate\\Http\\Middleware\\TrustProxies->handle(Object(Illuminate\\Http\\Request), Object(Closure))
#56 /var/www/html/backend-actualizado/vendor/laravel/framework/src/Illuminate/Foundation/Http/Middleware/InvokeDeferredCallbacks.php(22): Illuminate\\Pipeline\\Pipeline->Illuminate\\Pipeline\\{closure}(Object(Illuminate\\Http\\Request))
#57 /var/www/html/backend-actualizado/vendor/laravel/framework/src/Illuminate/Pipeline/Pipeline.php(209): Illuminate\\Foundation\\Http\\Middleware\\InvokeDeferredCallbacks->handle(Object(Illuminate\\Http\\Request), Object(Closure))
#58 /var/www/html/backend-actualizado/vendor/laravel/framework/src/Illuminate/Pipeline/Pipeline.php(127): Illuminate\\Pipeline\\Pipeline->Illuminate\\Pipeline\\{closure}(Object(Illuminate\\Http\\Request))
#59 /var/www/html/backend-actualizado/vendor/laravel/framework/src/Illuminate/Foundation/Http/Kernel.php(176): Illuminate\\Pipeline\\Pipeline->then(Object(Closure))
#60 /var/www/html/backend-actualizado/vendor/laravel/framework/src/Illuminate/Foundation/Http/Kernel.php(145): Illuminate\\Foundation\\Http\\Kernel->sendRequestThroughRouter(Object(Illuminate\\Http\\Request))
#61 /var/www/html/backend-actualizado/public/index.php(11): Illuminate\\Foundation\\Http\\Kernel->handle(Object(Illuminate\\Http\\Request))
#62 {main}
"} 
[2026-05-18 19:26:44] local.ERROR: SQLSTATE[42S02]: Base table or view not found: 1146 Table 'legacy_products.telescope_monitoring' doesn't exist (Connection: mysql, SQL: select `tag` from `telescope_monitoring`) {"exception":"[object] (Illuminate\\Database\\QueryException(code: 42S02): SQLSTATE[42S02]: Base table or view not found: 1146 Table 'legacy_products.telescope_monitoring' doesn't exist (Connection: mysql, SQL: select `tag` from `telescope_monitoring`) at /var/www/html/backend-actualizado/vendor/laravel/framework/src/Illuminate/Database/Connection.php:825)
[stacktrace]
#0 /var/www/html/backend-actualizado/vendor/laravel/framework/src/Illuminate/Database/Connection.php(779): Illuminate\\Database\\Connection->runQueryCallback('select `tag` fr...', Array, Object(Closure))
#1 /var/www/html/backend-actualizado/vendor/laravel/framework/src/Illuminate/Database/Connection.php(398): Illuminate\\Database\\Connection->run('select `tag` fr...', Array, Object(Closure))
#2 /var/www/html/backend-actualizado/vendor/laravel/framework/src/Illuminate/Database/Query/Builder.php(3106): Illuminate\\Database\\Connection->select('select `tag` fr...', Array, true)
#3 /var/www/html/backend-actualizado/vendor/laravel/framework/src/Illuminate/Database/Query/Builder.php(3362): Illuminate\\Database\\Query\\Builder->runSelect()
#4 /var/www/html/backend-actualizado/vendor/laravel/framework/src/Illuminate/Database/Query/Builder.php(3676): Illuminate\\Database\\Query\\Builder->Illuminate\\Database\\Query\\{closure}()
#5 /var/www/html/backend-actualizado/vendor/laravel/framework/src/Illuminate/Database/Query/Builder.php(3358): Illuminate\\Database\\Query\\Builder->onceWithColumns(Array, Object(Closure))
#6 /var/www/html/backend-actualizado/vendor/laravel/telescope/src/Storage/DatabaseEntriesRepository.php(334): Illuminate\\Database\\Query\\Builder->pluck('tag')
#7 /var/www/html/backend-actualizado/vendor/laravel/telescope/src/Http/Controllers/MonitoredTagController.php(37): Laravel\\Telescope\\Storage\\DatabaseEntriesRepository->monitoring()
#8 /var/www/html/backend-actualizado/vendor/laravel/framework/src/Illuminate/Routing/Controller.php(54): Laravel\\Telescope\\Http\\Controllers\\MonitoredTagController->index()
#9 /var/www/html/backend-actualizado/vendor/laravel/framework/src/Illuminate/Routing/ControllerDispatcher.php(44): Illuminate\\Routing\\Controller->callAction('index', Array)
#10 /var/www/html/backend-actualizado/vendor/laravel/framework/src/Illuminate/Routing/Route.php(266): Illuminate\\Routing\\ControllerDispatcher->dispatch(Object(Illuminate\\Routing\\Route), Object(Laravel\\Telescope\\Http\\Controllers\\MonitoredTagController), 'index')
#11 /var/www/html/backend-actualizado/vendor/laravel/framework/src/Illuminate/Routing/Route.php(212): Illuminate\\Routing\\Route->runController()
#12 /var/www/html/backend-actualizado/vendor/laravel/framework/src/Illuminate/Routing/Router.php(808): Illuminate\\Routing\\Route->run()
#13 /var/www/html/backend-actualizado/vendor/laravel/framework/src/Illuminate/Pipeline/Pipeline.php(170): Illuminate\\Routing\\Router->Illuminate\\Routing\\{closure}(Object(Illuminate\\Http\\Request))
#14 /var/www/html/backend-actualizado/vendor/laravel/telescope/src/Http/Middleware/Authorize.php(18): Illuminate\\Pipeline\\Pipeline->Illuminate\\Pipeline\\{closure}(Object(Illuminate\\Http\\Request))
#15 /var/www/html/backend-actualizado/vendor/laravel/framework/src/Illuminate/Pipeline/Pipeline.php(209): Laravel\\Telescope\\Http\\Middleware\\Authorize->handle(Object(Illuminate\\Http\\Request), Object(Closure))
#16 /var/www/html/backend-actualizado/vendor/laravel/framework/src/Illuminate/Routing/Middleware/SubstituteBindings.php(51): Illuminate\\Pipeline\\Pipeline->Illuminate\\Pipeline\\{closure}(Object(Illuminate\\Http\\Request))
#17 /var/www/html/backend-actualizado/vendor/laravel/framework/src/Illuminate/Pipeline/Pipeline.php(209): Illuminate\\Routing\\Middleware\\SubstituteBindings->handle(Object(Illuminate\\Http\\Request), Object(Closure))
#18 /var/www/html/backend-actualizado/vendor/laravel/framework/src/Illuminate/Foundation/Http/Middleware/VerifyCsrfToken.php(88): Illuminate\\Pipeline\\Pipeline->Illuminate\\Pipeline\\{closure}(Object(Illuminate\\Http\\Request))
#19 /var/www/html/backend-actualizado/vendor/laravel/framework/src/Illuminate/Pipeline/Pipeline.php(209): Illuminate\\Foundation\\Http\\Middleware\\VerifyCsrfToken->handle(Object(Illuminate\\Http\\Request), Object(Closure))
#20 /var/www/html/backend-actualizado/vendor/laravel/framework/src/Illuminate/View/Middleware/ShareErrorsFromSession.php(49): Illuminate\\Pipeline\\Pipeline->Illuminate\\Pipeline\\{closure}(Object(Illuminate\\Http\\Request))
#21 /var/www/html/backend-actualizado/vendor/laravel/framework/src/Illuminate/Pipeline/Pipeline.php(209): Illuminate\\View\\Middleware\\ShareErrorsFromSession->handle(Object(Illuminate\\Http\\Request), Object(Closure))
#22 /var/www/html/backend-actualizado/vendor/laravel/framework/src/Illuminate/Session/Middleware/StartSession.php(121): Illuminate\\Pipeline\\Pipeline->Illuminate\\Pipeline\\{closure}(Object(Illuminate\\Http\\Request))
#23 /var/www/html/backend-actualizado/vendor/laravel/framework/src/Illuminate/Session/Middleware/StartSession.php(64): Illuminate\\Session\\Middleware\\StartSession->handleStatefulRequest(Object(Illuminate\\Http\\Request), Object(Illuminate\\Session\\Store), Object(Closure))
#24 /var/www/html/backend-actualizado/vendor/laravel/framework/src/Illuminate/Pipeline/Pipeline.php(209): Illuminate\\Session\\Middleware\\StartSession->handle(Object(Illuminate\\Http\\Request), Object(Closure))
#25 /var/www/html/backend-actualizado/vendor/laravel/framework/src/Illuminate/Cookie/Middleware/AddQueuedCookiesToResponse.php(37): Illuminate\\Pipeline\\Pipeline->Illuminate\\Pipeline\\{closure}(Object(Illuminate\\Http\\Request))
#26 /var/www/html/backend-actualizado/vendor/laravel/framework/src/Illuminate/Pipeline/Pipeline.php(209): Illuminate\\Cookie\\Middleware\\AddQueuedCookiesToResponse->handle(Object(Illuminate\\Http\\Request), Object(Closure))
#27 /var/www/html/backend-actualizado/vendor/laravel/framework/src/Illuminate/Cookie/Middleware/EncryptCookies.php(75): Illuminate\\Pipeline\\Pipeline->Illuminate\\Pipeline\\{closure}(Object(Illuminate\\Http\\Request))
#28 /var/www/html/backend-actualizado/vendor/laravel/framework/src/Illuminate/Pipeline/Pipeline.php(209): Illuminate\\Cookie\\Middleware\\EncryptCookies->handle(Object(Illuminate\\Http\\Request), Object(Closure))
#29 /var/www/html/backend-actualizado/vendor/laravel/sentinel/src/Http/Middleware/SentinelMiddleware.php(22): Illuminate\\Pipeline\\Pipeline->Illuminate\\Pipeline\\{closure}(Object(Illuminate\\Http\\Request))
#30 /var/www/html/backend-actualizado/vendor/laravel/framework/src/Illuminate/Pipeline/Pipeline.php(209): Laravel\\Sentinel\\Http\\Middleware\\SentinelMiddleware->handle(Object(Illuminate\\Http\\Request), Object(Closure), 'telescope')
#31 /var/www/html/backend-actualizado/vendor/laravel/framework/src/Illuminate/Pipeline/Pipeline.php(127): Illuminate\\Pipeline\\Pipeline->Illuminate\\Pipeline\\{closure}(Object(Illuminate\\Http\\Request))
#32 /var/www/html/backend-actualizado/vendor/laravel/framework/src/Illuminate/Routing/Router.php(807): Illuminate\\Pipeline\\Pipeline->then(Object(Closure))
#33 /var/www/html/backend-actualizado/vendor/laravel/framework/src/Illuminate/Routing/Router.php(786): Illuminate\\Routing\\Router->runRouteWithinStack(Object(Illuminate\\Routing\\Route), Object(Illuminate\\Http\\Request))
#34 /var/www/html/backend-actualizado/vendor/laravel/framework/src/Illuminate/Routing/Router.php(750): Illuminate\\Routing\\Router->runRoute(Object(Illuminate\\Http\\Request), Object(Illuminate\\Routing\\Route))
#35 /var/www/html/backend-actualizado/vendor/laravel/framework/src/Illuminate/Routing/Router.php(739): Illuminate\\Routing\\Router->dispatchToRoute(Object(Illuminate\\Http\\Request))
#36 /var/www/html/backend-actualizado/vendor/laravel/framework/src/Illuminate/Foundation/Http/Kernel.php(201): Illuminate\\Routing\\Router->dispatch(Object(Illuminate\\Http\\Request))
#37 /var/www/html/backend-actualizado/vendor/laravel/framework/src/Illuminate/Pipeline/Pipeline.php(170): Illuminate\\Foundation\\Http\\Kernel->Illuminate\\Foundation\\Http\\{closure}(Object(Illuminate\\Http\\Request))
#38 /var/www/html/backend-actualizado/vendor/laravel/framework/src/Illuminate/Foundation/Http/Middleware/TransformsRequest.php(21): Illuminate\\Pipeline\\Pipeline->Illuminate\\Pipeline\\{closure}(Object(Illuminate\\Http\\Request))
#39 /var/www/html/backend-actualizado/vendor/laravel/framework/src/Illuminate/Foundation/Http/Middleware/ConvertEmptyStringsToNull.php(31): Illuminate\\Foundation\\Http\\Middleware\\TransformsRequest->handle(Object(Illuminate\\Http\\Request), Object(Closure))
#40 /var/www/html/backend-actualizado/vendor/laravel/framework/src/Illuminate/Pipeline/Pipeline.php(209): Illuminate\\Foundation\\Http\\Middleware\\ConvertEmptyStringsToNull->handle(Object(Illuminate\\Http\\Request), Object(Closure))
#41 /var/www/html/backend-actualizado/vendor/laravel/framework/src/Illuminate/Foundation/Http/Middleware/TransformsRequest.php(21): Illuminate\\Pipeline\\Pipeline->Illuminate\\Pipeline\\{closure}(Object(Illuminate\\Http\\Request))
#42 /var/www/html/backend-actualizado/vendor/laravel/framework/src/Illuminate/Foundation/Http/Middleware/TrimStrings.php(51): Illuminate\\Foundation\\Http\\Middleware\\TransformsRequest->handle(Object(Illuminate\\Http\\Request), Object(Closure))
#43 /var/www/html/backend-actualizado/vendor/laravel/framework/src/Illuminate/Pipeline/Pipeline.php(209): Illuminate\\Foundation\\Http\\Middleware\\TrimStrings->handle(Object(Illuminate\\Http\\Request), Object(Closure))
#44 /var/www/html/backend-actualizado/vendor/laravel/framework/src/Illuminate/Http/Middleware/ValidatePostSize.php(27): Illuminate\\Pipeline\\Pipeline->Illuminate\\Pipeline\\{closure}(Object(Illuminate\\Http\\Request))
#45 /var/www/html/backend-actualizado/vendor/laravel/framework/src/Illuminate/Pipeline/Pipeline.php(209): Illuminate\\Http\\Middleware\\ValidatePostSize->handle(Object(Illuminate\\Http\\Request), Object(Closure))
#46 /var/www/html/backend-actualizado/vendor/laravel/framework/src/Illuminate/Foundation/Http/Middleware/PreventRequestsDuringMaintenance.php(110): Illuminate\\Pipeline\\Pipeline->Illuminate\\Pipeline\\{closure}(Object(Illuminate\\Http\\Request))
#47 /var/www/html/backend-actualizado/vendor/laravel/framework/src/Illuminate/Pipeline/Pipeline.php(209): Illuminate\\Foundation\\Http\\Middleware\\PreventRequestsDuringMaintenance->handle(Object(Illuminate\\Http\\Request), Object(Closure))
#48 /var/www/html/backend-actualizado/vendor/laravel/framework/src/Illuminate/Http/Middleware/HandleCors.php(62): Illuminate\\Pipeline\\Pipeline->Illuminate\\Pipeline\\{closure}(Object(Illuminate\\Http\\Request))
#49 /var/www/html/backend-actualizado/vendor/laravel/framework/src/Illuminate/Pipeline/Pipeline.php(209): Illuminate\\Http\\Middleware\\HandleCors->handle(Object(Illuminate\\Http\\Request), Object(Closure))
#50 /var/www/html/backend-actualizado/vendor/laravel/framework/src/Illuminate/Http/Middleware/TrustProxies.php(58): Illuminate\\Pipeline\\Pipeline->Illuminate\\Pipeline\\{closure}(Object(Illuminate\\Http\\Request))
#51 /var/www/html/backend-actualizado/vendor/laravel/framework/src/Illuminate/Pipeline/Pipeline.php(209): Illuminate\\Http\\Middleware\\TrustProxies->handle(Object(Illuminate\\Http\\Request), Object(Closure))
#52 /var/www/html/backend-actualizado/vendor/laravel/framework/src/Illuminate/Foundation/Http/Middleware/InvokeDeferredCallbacks.php(22): Illuminate\\Pipeline\\Pipeline->Illuminate\\Pipeline\\{closure}(Object(Illuminate\\Http\\Request))
#53 /var/www/html/backend-actualizado/vendor/laravel/framework/src/Illuminate/Pipeline/Pipeline.php(209): Illuminate\\Foundation\\Http\\Middleware\\InvokeDeferredCallbacks->handle(Object(Illuminate\\Http\\Request), Object(Closure))
#54 /var/www/html/backend-actualizado/vendor/laravel/framework/src/Illuminate/Pipeline/Pipeline.php(127): Illuminate\\Pipeline\\Pipeline->Illuminate\\Pipeline\\{closure}(Object(Illuminate\\Http\\Request))
#55 /var/www/html/backend-actualizado/vendor/laravel/framework/src/Illuminate/Foundation/Http/Kernel.php(176): Illuminate\\Pipeline\\Pipeline->then(Object(Closure))
#56 /var/www/html/backend-actualizado/vendor/laravel/framework/src/Illuminate/Foundation/Http/Kernel.php(145): Illuminate\\Foundation\\Http\\Kernel->sendRequestThroughRouter(Object(Illuminate\\Http\\Request))
#57 /var/www/html/backend-actualizado/public/index.php(11): Illuminate\\Foundation\\Http\\Kernel->handle(Object(Illuminate\\Http\\Request))
#58 {main}

[previous exception] [object] (PDOException(code: 42S02): SQLSTATE[42S02]: Base table or view not found: 1146 Table 'legacy_products.telescope_monitoring' doesn't exist at /var/www/html/backend-actualizado/vendor/laravel/framework/src/Illuminate/Database/Connection.php:407)
[stacktrace]
#0 /var/www/html/backend-actualizado/vendor/laravel/framework/src/Illuminate/Database/Connection.php(407): PDO->prepare('select `tag` fr...')
#1 /var/www/html/backend-actualizado/vendor/laravel/framework/src/Illuminate/Database/Connection.php(812): Illuminate\\Database\\Connection->Illuminate\\Database\\{closure}('select `tag` fr...', Array)
#2 /var/www/html/backend-actualizado/vendor/laravel/framework/src/Illuminate/Database/Connection.php(779): Illuminate\\Database\\Connection->runQueryCallback('select `tag` fr...', Array, Object(Closure))
#3 /var/www/html/backend-actualizado/vendor/laravel/framework/src/Illuminate/Database/Connection.php(398): Illuminate\\Database\\Connection->run('select `tag` fr...', Array, Object(Closure))
#4 /var/www/html/backend-actualizado/vendor/laravel/framework/src/Illuminate/Database/Query/Builder.php(3106): Illuminate\\Database\\Connection->select('select `tag` fr...', Array, true)
#5 /var/www/html/backend-actualizado/vendor/laravel/framework/src/Illuminate/Database/Query/Builder.php(3362): Illuminate\\Database\\Query\\Builder->runSelect()
#6 /var/www/html/backend-actualizado/vendor/laravel/framework/src/Illuminate/Database/Query/Builder.php(3676): Illuminate\\Database\\Query\\Builder->Illuminate\\Database\\Query\\{closure}()
#7 /var/www/html/backend-actualizado/vendor/laravel/framework/src/Illuminate/Database/Query/Builder.php(3358): Illuminate\\Database\\Query\\Builder->onceWithColumns(Array, Object(Closure))
#8 /var/www/html/backend-actualizado/vendor/laravel/telescope/src/Storage/DatabaseEntriesRepository.php(334): Illuminate\\Database\\Query\\Builder->pluck('tag')
#9 /var/www/html/backend-actualizado/vendor/laravel/telescope/src/Http/Controllers/MonitoredTagController.php(37): Laravel\\Telescope\\Storage\\DatabaseEntriesRepository->monitoring()
#10 /var/www/html/backend-actualizado/vendor/laravel/framework/src/Illuminate/Routing/Controller.php(54): Laravel\\Telescope\\Http\\Controllers\\MonitoredTagController->index()
#11 /var/www/html/backend-actualizado/vendor/laravel/framework/src/Illuminate/Routing/ControllerDispatcher.php(44): Illuminate\\Routing\\Controller->callAction('index', Array)
#12 /var/www/html/backend-actualizado/vendor/laravel/framework/src/Illuminate/Routing/Route.php(266): Illuminate\\Routing\\ControllerDispatcher->dispatch(Object(Illuminate\\Routing\\Route), Object(Laravel\\Telescope\\Http\\Controllers\\MonitoredTagController), 'index')
#13 /var/www/html/backend-actualizado/vendor/laravel/framework/src/Illuminate/Routing/Route.php(212): Illuminate\\Routing\\Route->runController()
#14 /var/www/html/backend-actualizado/vendor/laravel/framework/src/Illuminate/Routing/Router.php(808): Illuminate\\Routing\\Route->run()
#15 /var/www/html/backend-actualizado/vendor/laravel/framework/src/Illuminate/Pipeline/Pipeline.php(170): Illuminate\\Routing\\Router->Illuminate\\Routing\\{closure}(Object(Illuminate\\Http\\Request))
#16 /var/www/html/backend-actualizado/vendor/laravel/telescope/src/Http/Middleware/Authorize.php(18): Illuminate\\Pipeline\\Pipeline->Illuminate\\Pipeline\\{closure}(Object(Illuminate\\Http\\Request))
#17 /var/www/html/backend-actualizado/vendor/laravel/framework/src/Illuminate/Pipeline/Pipeline.php(209): Laravel\\Telescope\\Http\\Middleware\\Authorize->handle(Object(Illuminate\\Http\\Request), Object(Closure))
#18 /var/www/html/backend-actualizado/vendor/laravel/framework/src/Illuminate/Routing/Middleware/SubstituteBindings.php(51): Illuminate\\Pipeline\\Pipeline->Illuminate\\Pipeline\\{closure}(Object(Illuminate\\Http\\Request))
#19 /var/www/html/backend-actualizado/vendor/laravel/framework/src/Illuminate/Pipeline/Pipeline.php(209): Illuminate\\Routing\\Middleware\\SubstituteBindings->handle(Object(Illuminate\\Http\\Request), Object(Closure))
#20 /var/www/html/backend-actualizado/vendor/laravel/framework/src/Illuminate/Foundation/Http/Middleware/VerifyCsrfToken.php(88): Illuminate\\Pipeline\\Pipeline->Illuminate\\Pipeline\\{closure}(Object(Illuminate\\Http\\Request))
#21 /var/www/html/backend-actualizado/vendor/laravel/framework/src/Illuminate/Pipeline/Pipeline.php(209): Illuminate\\Foundation\\Http\\Middleware\\VerifyCsrfToken->handle(Object(Illuminate\\Http\\Request), Object(Closure))
#22 /var/www/html/backend-actualizado/vendor/laravel/framework/src/Illuminate/View/Middleware/ShareErrorsFromSession.php(49): Illuminate\\Pipeline\\Pipeline->Illuminate\\Pipeline\\{closure}(Object(Illuminate\\Http\\Request))
#23 /var/www/html/backend-actualizado/vendor/laravel/framework/src/Illuminate/Pipeline/Pipeline.php(209): Illuminate\\View\\Middleware\\ShareErrorsFromSession->handle(Object(Illuminate\\Http\\Request), Object(Closure))
#24 /var/www/html/backend-actualizado/vendor/laravel/framework/src/Illuminate/Session/Middleware/StartSession.php(121): Illuminate\\Pipeline\\Pipeline->Illuminate\\Pipeline\\{closure}(Object(Illuminate\\Http\\Request))
#25 /var/www/html/backend-actualizado/vendor/laravel/framework/src/Illuminate/Session/Middleware/StartSession.php(64): Illuminate\\Session\\Middleware\\StartSession->handleStatefulRequest(Object(Illuminate\\Http\\Request), Object(Illuminate\\Session\\Store), Object(Closure))
#26 /var/www/html/backend-actualizado/vendor/laravel/framework/src/Illuminate/Pipeline/Pipeline.php(209): Illuminate\\Session\\Middleware\\StartSession->handle(Object(Illuminate\\Http\\Request), Object(Closure))
#27 /var/www/html/backend-actualizado/vendor/laravel/framework/src/Illuminate/Cookie/Middleware/AddQueuedCookiesToResponse.php(37): Illuminate\\Pipeline\\Pipeline->Illuminate\\Pipeline\\{closure}(Object(Illuminate\\Http\\Request))
#28 /var/www/html/backend-actualizado/vendor/laravel/framework/src/Illuminate/Pipeline/Pipeline.php(209): Illuminate\\Cookie\\Middleware\\AddQueuedCookiesToResponse->handle(Object(Illuminate\\Http\\Request), Object(Closure))
#29 /var/www/html/backend-actualizado/vendor/laravel/framework/src/Illuminate/Cookie/Middleware/EncryptCookies.php(75): Illuminate\\Pipeline\\Pipeline->Illuminate\\Pipeline\\{closure}(Object(Illuminate\\Http\\Request))
#30 /var/www/html/backend-actualizado/vendor/laravel/framework/src/Illuminate/Pipeline/Pipeline.php(209): Illuminate\\Cookie\\Middleware\\EncryptCookies->handle(Object(Illuminate\\Http\\Request), Object(Closure))
#31 /var/www/html/backend-actualizado/vendor/laravel/sentinel/src/Http/Middleware/SentinelMiddleware.php(22): Illuminate\\Pipeline\\Pipeline->Illuminate\\Pipeline\\{closure}(Object(Illuminate\\Http\\Request))
#32 /var/www/html/backend-actualizado/vendor/laravel/framework/src/Illuminate/Pipeline/Pipeline.php(209): Laravel\\Sentinel\\Http\\Middleware\\SentinelMiddleware->handle(Object(Illuminate\\Http\\Request), Object(Closure), 'telescope')
#33 /var/www/html/backend-actualizado/vendor/laravel/framework/src/Illuminate/Pipeline/Pipeline.php(127): Illuminate\\Pipeline\\Pipeline->Illuminate\\Pipeline\\{closure}(Object(Illuminate\\Http\\Request))
#34 /var/www/html/backend-actualizado/vendor/laravel/framework/src/Illuminate/Routing/Router.php(807): Illuminate\\Pipeline\\Pipeline->then(Object(Closure))
#35 /var/www/html/backend-actualizado/vendor/laravel/framework/src/Illuminate/Routing/Router.php(786): Illuminate\\Routing\\Router->runRouteWithinStack(Object(Illuminate\\Routing\\Route), Object(Illuminate\\Http\\Request))
#36 /var/www/html/backend-actualizado/vendor/laravel/framework/src/Illuminate/Routing/Router.php(750): Illuminate\\Routing\\Router->runRoute(Object(Illuminate\\Http\\Request), Object(Illuminate\\Routing\\Route))
#37 /var/www/html/backend-actualizado/vendor/laravel/framework/src/Illuminate/Routing/Router.php(739): Illuminate\\Routing\\Router->dispatchToRoute(Object(Illuminate\\Http\\Request))
#38 /var/www/html/backend-actualizado/vendor/laravel/framework/src/Illuminate/Foundation/Http/Kernel.php(201): Illuminate\\Routing\\Router->dispatch(Object(Illuminate\\Http\\Request))
#39 /var/www/html/backend-actualizado/vendor/laravel/framework/src/Illuminate/Pipeline/Pipeline.php(170): Illuminate\\Foundation\\Http\\Kernel->Illuminate\\Foundation\\Http\\{closure}(Object(Illuminate\\Http\\Request))
#40 /var/www/html/backend-actualizado/vendor/laravel/framework/src/Illuminate/Foundation/Http/Middleware/TransformsRequest.php(21): Illuminate\\Pipeline\\Pipeline->Illuminate\\Pipeline\\{closure}(Object(Illuminate\\Http\\Request))
#41 /var/www/html/backend-actualizado/vendor/laravel/framework/src/Illuminate/Foundation/Http/Middleware/ConvertEmptyStringsToNull.php(31): Illuminate\\Foundation\\Http\\Middleware\\TransformsRequest->handle(Object(Illuminate\\Http\\Request), Object(Closure))
#42 /var/www/html/backend-actualizado/vendor/laravel/framework/src/Illuminate/Pipeline/Pipeline.php(209): Illuminate\\Foundation\\Http\\Middleware\\ConvertEmptyStringsToNull->handle(Object(Illuminate\\Http\\Request), Object(Closure))
#43 /var/www/html/backend-actualizado/vendor/laravel/framework/src/Illuminate/Foundation/Http/Middleware/TransformsRequest.php(21): Illuminate\\Pipeline\\Pipeline->Illuminate\\Pipeline\\{closure}(Object(Illuminate\\Http\\Request))
#44 /var/www/html/backend-actualizado/vendor/laravel/framework/src/Illuminate/Foundation/Http/Middleware/TrimStrings.php(51): Illuminate\\Foundation\\Http\\Middleware\\TransformsRequest->handle(Object(Illuminate\\Http\\Request), Object(Closure))
#45 /var/www/html/backend-actualizado/vendor/laravel/framework/src/Illuminate/Pipeline/Pipeline.php(209): Illuminate\\Foundation\\Http\\Middleware\\TrimStrings->handle(Object(Illuminate\\Http\\Request), Object(Closure))
#46 /var/www/html/backend-actualizado/vendor/laravel/framework/src/Illuminate/Http/Middleware/ValidatePostSize.php(27): Illuminate\\Pipeline\\Pipeline->Illuminate\\Pipeline\\{closure}(Object(Illuminate\\Http\\Request))
#47 /var/www/html/backend-actualizado/vendor/laravel/framework/src/Illuminate/Pipeline/Pipeline.php(209): Illuminate\\Http\\Middleware\\ValidatePostSize->handle(Object(Illuminate\\Http\\Request), Object(Closure))
#48 /var/www/html/backend-actualizado/vendor/laravel/framework/src/Illuminate/Foundation/Http/Middleware/PreventRequestsDuringMaintenance.php(110): Illuminate\\Pipeline\\Pipeline->Illuminate\\Pipeline\\{closure}(Object(Illuminate\\Http\\Request))
#49 /var/www/html/backend-actualizado/vendor/laravel/framework/src/Illuminate/Pipeline/Pipeline.php(209): Illuminate\\Foundation\\Http\\Middleware\\PreventRequestsDuringMaintenance->handle(Object(Illuminate\\Http\\Request), Object(Closure))
#50 /var/www/html/backend-actualizado/vendor/laravel/framework/src/Illuminate/Http/Middleware/HandleCors.php(62): Illuminate\\Pipeline\\Pipeline->Illuminate\\Pipeline\\{closure}(Object(Illuminate\\Http\\Request))
#51 /var/www/html/backend-actualizado/vendor/laravel/framework/src/Illuminate/Pipeline/Pipeline.php(209): Illuminate\\Http\\Middleware\\HandleCors->handle(Object(Illuminate\\Http\\Request), Object(Closure))
#52 /var/www/html/backend-actualizado/vendor/laravel/framework/src/Illuminate/Http/Middleware/TrustProxies.php(58): Illuminate\\Pipeline\\Pipeline->Illuminate\\Pipeline\\{closure}(Object(Illuminate\\Http\\Request))
#53 /var/www/html/backend-actualizado/vendor/laravel/framework/src/Illuminate/Pipeline/Pipeline.php(209): Illuminate\\Http\\Middleware\\TrustProxies->handle(Object(Illuminate\\Http\\Request), Object(Closure))
#54 /var/www/html/backend-actualizado/vendor/laravel/framework/src/Illuminate/Foundation/Http/Middleware/InvokeDeferredCallbacks.php(22): Illuminate\\Pipeline\\Pipeline->Illuminate\\Pipeline\\{closure}(Object(Illuminate\\Http\\Request))
#55 /var/www/html/backend-actualizado/vendor/laravel/framework/src/Illuminate/Pipeline/Pipeline.php(209): Illuminate\\Foundation\\Http\\Middleware\\InvokeDeferredCallbacks->handle(Object(Illuminate\\Http\\Request), Object(Closure))
#56 /var/www/html/backend-actualizado/vendor/laravel/framework/src/Illuminate/Pipeline/Pipeline.php(127): Illuminate\\Pipeline\\Pipeline->Illuminate\\Pipeline\\{closure}(Object(Illuminate\\Http\\Request))
#57 /var/www/html/backend-actualizado/vendor/laravel/framework/src/Illuminate/Foundation/Http/Kernel.php(176): Illuminate\\Pipeline\\Pipeline->then(Object(Closure))
#58 /var/www/html/backend-actualizado/vendor/laravel/framework/src/Illuminate/Foundation/Http/Kernel.php(145): Illuminate\\Foundation\\Http\\Kernel->sendRequestThroughRouter(Object(Illuminate\\Http\\Request))
#59 /var/www/html/backend-actualizado/public/index.php(11): Illuminate\\Foundation\\Http\\Kernel->handle(Object(Illuminate\\Http\\Request))
#60 {main}
"} 
[2026-05-18 19:27:01] local.ERROR: SQLSTATE[42S02]: Base table or view not found: 1146 Table 'legacy_products.telescope_entries' doesn't exist (Connection: mysql, SQL: select * from `telescope_entries` where `type` = job and `should_display_on_index` = 1 order by `sequence` desc limit 50) {"exception":"[object] (Illuminate\\Database\\QueryException(code: 42S02): SQLSTATE[42S02]: Base table or view not found: 1146 Table 'legacy_products.telescope_entries' doesn't exist (Connection: mysql, SQL: select * from `telescope_entries` where `type` = job and `should_display_on_index` = 1 order by `sequence` desc limit 50) at /var/www/html/backend-actualizado/vendor/laravel/framework/src/Illuminate/Database/Connection.php:825)
[stacktrace]
#0 /var/www/html/backend-actualizado/vendor/laravel/framework/src/Illuminate/Database/Connection.php(779): Illuminate\\Database\\Connection->runQueryCallback('select * from `...', Array, Object(Closure))
#1 /var/www/html/backend-actualizado/vendor/laravel/framework/src/Illuminate/Database/Connection.php(398): Illuminate\\Database\\Connection->run('select * from `...', Array, Object(Closure))
#2 /var/www/html/backend-actualizado/vendor/laravel/framework/src/Illuminate/Database/Query/Builder.php(3106): Illuminate\\Database\\Connection->select('select * from `...', Array, true)
#3 /var/www/html/backend-actualizado/vendor/laravel/framework/src/Illuminate/Database/Query/Builder.php(3091): Illuminate\\Database\\Query\\Builder->runSelect()
#4 /var/www/html/backend-actualizado/vendor/laravel/framework/src/Illuminate/Database/Query/Builder.php(3676): Illuminate\\Database\\Query\\Builder->Illuminate\\Database\\Query\\{closure}()
#5 /var/www/html/backend-actualizado/vendor/laravel/framework/src/Illuminate/Database/Query/Builder.php(3090): Illuminate\\Database\\Query\\Builder->onceWithColumns(Array, Object(Closure))
#6 /var/www/html/backend-actualizado/vendor/laravel/framework/src/Illuminate/Database/Eloquent/Builder.php(811): Illuminate\\Database\\Query\\Builder->get(Array)
#7 /var/www/html/backend-actualizado/vendor/laravel/framework/src/Illuminate/Database/Eloquent/Builder.php(793): Illuminate\\Database\\Eloquent\\Builder->getModels(Array)
#8 /var/www/html/backend-actualizado/vendor/laravel/telescope/src/Storage/DatabaseEntriesRepository.php(96): Illuminate\\Database\\Eloquent\\Builder->get()
#9 /var/www/html/backend-actualizado/vendor/laravel/telescope/src/Http/Controllers/EntryController.php(36): Laravel\\Telescope\\Storage\\DatabaseEntriesRepository->get('job', Object(Laravel\\Telescope\\Storage\\EntryQueryOptions))
#10 /var/www/html/backend-actualizado/vendor/laravel/framework/src/Illuminate/Routing/Controller.php(54): Laravel\\Telescope\\Http\\Controllers\\EntryController->index(Object(Illuminate\\Http\\Request), Object(Laravel\\Telescope\\Storage\\DatabaseEntriesRepository))
#11 /var/www/html/backend-actualizado/vendor/laravel/framework/src/Illuminate/Routing/ControllerDispatcher.php(44): Illuminate\\Routing\\Controller->callAction('index', Array)
#12 /var/www/html/backend-actualizado/vendor/laravel/framework/src/Illuminate/Routing/Route.php(266): Illuminate\\Routing\\ControllerDispatcher->dispatch(Object(Illuminate\\Routing\\Route), Object(Laravel\\Telescope\\Http\\Controllers\\QueueController), 'index')
#13 /var/www/html/backend-actualizado/vendor/laravel/framework/src/Illuminate/Routing/Route.php(212): Illuminate\\Routing\\Route->runController()
#14 /var/www/html/backend-actualizado/vendor/laravel/framework/src/Illuminate/Routing/Router.php(808): Illuminate\\Routing\\Route->run()
#15 /var/www/html/backend-actualizado/vendor/laravel/framework/src/Illuminate/Pipeline/Pipeline.php(170): Illuminate\\Routing\\Router->Illuminate\\Routing\\{closure}(Object(Illuminate\\Http\\Request))
#16 /var/www/html/backend-actualizado/vendor/laravel/telescope/src/Http/Middleware/Authorize.php(18): Illuminate\\Pipeline\\Pipeline->Illuminate\\Pipeline\\{closure}(Object(Illuminate\\Http\\Request))
#17 /var/www/html/backend-actualizado/vendor/laravel/framework/src/Illuminate/Pipeline/Pipeline.php(209): Laravel\\Telescope\\Http\\Middleware\\Authorize->handle(Object(Illuminate\\Http\\Request), Object(Closure))
#18 /var/www/html/backend-actualizado/vendor/laravel/framework/src/Illuminate/Routing/Middleware/SubstituteBindings.php(51): Illuminate\\Pipeline\\Pipeline->Illuminate\\Pipeline\\{closure}(Object(Illuminate\\Http\\Request))
#19 /var/www/html/backend-actualizado/vendor/laravel/framework/src/Illuminate/Pipeline/Pipeline.php(209): Illuminate\\Routing\\Middleware\\SubstituteBindings->handle(Object(Illuminate\\Http\\Request), Object(Closure))
#20 /var/www/html/backend-actualizado/vendor/laravel/framework/src/Illuminate/Foundation/Http/Middleware/VerifyCsrfToken.php(88): Illuminate\\Pipeline\\Pipeline->Illuminate\\Pipeline\\{closure}(Object(Illuminate\\Http\\Request))
#21 /var/www/html/backend-actualizado/vendor/laravel/framework/src/Illuminate/Pipeline/Pipeline.php(209): Illuminate\\Foundation\\Http\\Middleware\\VerifyCsrfToken->handle(Object(Illuminate\\Http\\Request), Object(Closure))
#22 /var/www/html/backend-actualizado/vendor/laravel/framework/src/Illuminate/View/Middleware/ShareErrorsFromSession.php(49): Illuminate\\Pipeline\\Pipeline->Illuminate\\Pipeline\\{closure}(Object(Illuminate\\Http\\Request))
#23 /var/www/html/backend-actualizado/vendor/laravel/framework/src/Illuminate/Pipeline/Pipeline.php(209): Illuminate\\View\\Middleware\\ShareErrorsFromSession->handle(Object(Illuminate\\Http\\Request), Object(Closure))
#24 /var/www/html/backend-actualizado/vendor/laravel/framework/src/Illuminate/Session/Middleware/StartSession.php(121): Illuminate\\Pipeline\\Pipeline->Illuminate\\Pipeline\\{closure}(Object(Illuminate\\Http\\Request))
#25 /var/www/html/backend-actualizado/vendor/laravel/framework/src/Illuminate/Session/Middleware/StartSession.php(64): Illuminate\\Session\\Middleware\\StartSession->handleStatefulRequest(Object(Illuminate\\Http\\Request), Object(Illuminate\\Session\\Store), Object(Closure))
#26 /var/www/html/backend-actualizado/vendor/laravel/framework/src/Illuminate/Pipeline/Pipeline.php(209): Illuminate\\Session\\Middleware\\StartSession->handle(Object(Illuminate\\Http\\Request), Object(Closure))
#27 /var/www/html/backend-actualizado/vendor/laravel/framework/src/Illuminate/Cookie/Middleware/AddQueuedCookiesToResponse.php(37): Illuminate\\Pipeline\\Pipeline->Illuminate\\Pipeline\\{closure}(Object(Illuminate\\Http\\Request))
#28 /var/www/html/backend-actualizado/vendor/laravel/framework/src/Illuminate/Pipeline/Pipeline.php(209): Illuminate\\Cookie\\Middleware\\AddQueuedCookiesToResponse->handle(Object(Illuminate\\Http\\Request), Object(Closure))
#29 /var/www/html/backend-actualizado/vendor/laravel/framework/src/Illuminate/Cookie/Middleware/EncryptCookies.php(75): Illuminate\\Pipeline\\Pipeline->Illuminate\\Pipeline\\{closure}(Object(Illuminate\\Http\\Request))
#30 /var/www/html/backend-actualizado/vendor/laravel/framework/src/Illuminate/Pipeline/Pipeline.php(209): Illuminate\\Cookie\\Middleware\\EncryptCookies->handle(Object(Illuminate\\Http\\Request), Object(Closure))
#31 /var/www/html/backend-actualizado/vendor/laravel/sentinel/src/Http/Middleware/SentinelMiddleware.php(22): Illuminate\\Pipeline\\Pipeline->Illuminate\\Pipeline\\{closure}(Object(Illuminate\\Http\\Request))
#32 /var/www/html/backend-actualizado/vendor/laravel/framework/src/Illuminate/Pipeline/Pipeline.php(209): Laravel\\Sentinel\\Http\\Middleware\\SentinelMiddleware->handle(Object(Illuminate\\Http\\Request), Object(Closure), 'telescope')
#33 /var/www/html/backend-actualizado/vendor/laravel/framework/src/Illuminate/Pipeline/Pipeline.php(127): Illuminate\\Pipeline\\Pipeline->Illuminate\\Pipeline\\{closure}(Object(Illuminate\\Http\\Request))
#34 /var/www/html/backend-actualizado/vendor/laravel/framework/src/Illuminate/Routing/Router.php(807): Illuminate\\Pipeline\\Pipeline->then(Object(Closure))
#35 /var/www/html/backend-actualizado/vendor/laravel/framework/src/Illuminate/Routing/Router.php(786): Illuminate\\Routing\\Router->runRouteWithinStack(Object(Illuminate\\Routing\\Route), Object(Illuminate\\Http\\Request))
#36 /var/www/html/backend-actualizado/vendor/laravel/framework/src/Illuminate/Routing/Router.php(750): Illuminate\\Routing\\Router->runRoute(Object(Illuminate\\Http\\Request), Object(Illuminate\\Routing\\Route))
#37 /var/www/html/backend-actualizado/vendor/laravel/framework/src/Illuminate/Routing/Router.php(739): Illuminate\\Routing\\Router->dispatchToRoute(Object(Illuminate\\Http\\Request))
#38 /var/www/html/backend-actualizado/vendor/laravel/framework/src/Illuminate/Foundation/Http/Kernel.php(201): Illuminate\\Routing\\Router->dispatch(Object(Illuminate\\Http\\Request))
#39 /var/www/html/backend-actualizado/vendor/laravel/framework/src/Illuminate/Pipeline/Pipeline.php(170): Illuminate\\Foundation\\Http\\Kernel->Illuminate\\Foundation\\Http\\{closure}(Object(Illuminate\\Http\\Request))
#40 /var/www/html/backend-actualizado/vendor/laravel/framework/src/Illuminate/Foundation/Http/Middleware/TransformsRequest.php(21): Illuminate\\Pipeline\\Pipeline->Illuminate\\Pipeline\\{closure}(Object(Illuminate\\Http\\Request))
#41 /var/www/html/backend-actualizado/vendor/laravel/framework/src/Illuminate/Foundation/Http/Middleware/ConvertEmptyStringsToNull.php(31): Illuminate\\Foundation\\Http\\Middleware\\TransformsRequest->handle(Object(Illuminate\\Http\\Request), Object(Closure))
#42 /var/www/html/backend-actualizado/vendor/laravel/framework/src/Illuminate/Pipeline/Pipeline.php(209): Illuminate\\Foundation\\Http\\Middleware\\ConvertEmptyStringsToNull->handle(Object(Illuminate\\Http\\Request), Object(Closure))
#43 /var/www/html/backend-actualizado/vendor/laravel/framework/src/Illuminate/Foundation/Http/Middleware/TransformsRequest.php(21): Illuminate\\Pipeline\\Pipeline->Illuminate\\Pipeline\\{closure}(Object(Illuminate\\Http\\Request))
#44 /var/www/html/backend-actualizado/vendor/laravel/framework/src/Illuminate/Foundation/Http/Middleware/TrimStrings.php(51): Illuminate\\Foundation\\Http\\Middleware\\TransformsRequest->handle(Object(Illuminate\\Http\\Request), Object(Closure))
#45 /var/www/html/backend-actualizado/vendor/laravel/framework/src/Illuminate/Pipeline/Pipeline.php(209): Illuminate\\Foundation\\Http\\Middleware\\TrimStrings->handle(Object(Illuminate\\Http\\Request), Object(Closure))
#46 /var/www/html/backend-actualizado/vendor/laravel/framework/src/Illuminate/Http/Middleware/ValidatePostSize.php(27): Illuminate\\Pipeline\\Pipeline->Illuminate\\Pipeline\\{closure}(Object(Illuminate\\Http\\Request))
#47 /var/www/html/backend-actualizado/vendor/laravel/framework/src/Illuminate/Pipeline/Pipeline.php(209): Illuminate\\Http\\Middleware\\ValidatePostSize->handle(Object(Illuminate\\Http\\Request), Object(Closure))
#48 /var/www/html/backend-actualizado/vendor/laravel/framework/src/Illuminate/Foundation/Http/Middleware/PreventRequestsDuringMaintenance.php(110): Illuminate\\Pipeline\\Pipeline->Illuminate\\Pipeline\\{closure}(Object(Illuminate\\Http\\Request))
#49 /var/www/html/backend-actualizado/vendor/laravel/framework/src/Illuminate/Pipeline/Pipeline.php(209): Illuminate\\Foundation\\Http\\Middleware\\PreventRequestsDuringMaintenance->handle(Object(Illuminate\\Http\\Request), Object(Closure))
#50 /var/www/html/backend-actualizado/vendor/laravel/framework/src/Illuminate/Http/Middleware/HandleCors.php(62): Illuminate\\Pipeline\\Pipeline->Illuminate\\Pipeline\\{closure}(Object(Illuminate\\Http\\Request))
#51 /var/www/html/backend-actualizado/vendor/laravel/framework/src/Illuminate/Pipeline/Pipeline.php(209): Illuminate\\Http\\Middleware\\HandleCors->handle(Object(Illuminate\\Http\\Request), Object(Closure))
#52 /var/www/html/backend-actualizado/vendor/laravel/framework/src/Illuminate/Http/Middleware/TrustProxies.php(58): Illuminate\\Pipeline\\Pipeline->Illuminate\\Pipeline\\{closure}(Object(Illuminate\\Http\\Request))
#53 /var/www/html/backend-actualizado/vendor/laravel/framework/src/Illuminate/Pipeline/Pipeline.php(209): Illuminate\\Http\\Middleware\\TrustProxies->handle(Object(Illuminate\\Http\\Request), Object(Closure))
#54 /var/www/html/backend-actualizado/vendor/laravel/framework/src/Illuminate/Foundation/Http/Middleware/InvokeDeferredCallbacks.php(22): Illuminate\\Pipeline\\Pipeline->Illuminate\\Pipeline\\{closure}(Object(Illuminate\\Http\\Request))
#55 /var/www/html/backend-actualizado/vendor/laravel/framework/src/Illuminate/Pipeline/Pipeline.php(209): Illuminate\\Foundation\\Http\\Middleware\\InvokeDeferredCallbacks->handle(Object(Illuminate\\Http\\Request), Object(Closure))
#56 /var/www/html/backend-actualizado/vendor/laravel/framework/src/Illuminate/Pipeline/Pipeline.php(127): Illuminate\\Pipeline\\Pipeline->Illuminate\\Pipeline\\{closure}(Object(Illuminate\\Http\\Request))
#57 /var/www/html/backend-actualizado/vendor/laravel/framework/src/Illuminate/Foundation/Http/Kernel.php(176): Illuminate\\Pipeline\\Pipeline->then(Object(Closure))
#58 /var/www/html/backend-actualizado/vendor/laravel/framework/src/Illuminate/Foundation/Http/Kernel.php(145): Illuminate\\Foundation\\Http\\Kernel->sendRequestThroughRouter(Object(Illuminate\\Http\\Request))
#59 /var/www/html/backend-actualizado/public/index.php(11): Illuminate\\Foundation\\Http\\Kernel->handle(Object(Illuminate\\Http\\Request))
#60 {main}

[previous exception] [object] (PDOException(code: 42S02): SQLSTATE[42S02]: Base table or view not found: 1146 Table 'legacy_products.telescope_entries' doesn't exist at /var/www/html/backend-actualizado/vendor/laravel/framework/src/Illuminate/Database/Connection.php:407)
[stacktrace]
#0 /var/www/html/backend-actualizado/vendor/laravel/framework/src/Illuminate/Database/Connection.php(407): PDO->prepare('select * from `...')
#1 /var/www/html/backend-actualizado/vendor/laravel/framework/src/Illuminate/Database/Connection.php(812): Illuminate\\Database\\Connection->Illuminate\\Database\\{closure}('select * from `...', Array)
#2 /var/www/html/backend-actualizado/vendor/laravel/framework/src/Illuminate/Database/Connection.php(779): Illuminate\\Database\\Connection->runQueryCallback('select * from `...', Array, Object(Closure))
#3 /var/www/html/backend-actualizado/vendor/laravel/framework/src/Illuminate/Database/Connection.php(398): Illuminate\\Database\\Connection->run('select * from `...', Array, Object(Closure))
#4 /var/www/html/backend-actualizado/vendor/laravel/framework/src/Illuminate/Database/Query/Builder.php(3106): Illuminate\\Database\\Connection->select('select * from `...', Array, true)
#5 /var/www/html/backend-actualizado/vendor/laravel/framework/src/Illuminate/Database/Query/Builder.php(3091): Illuminate\\Database\\Query\\Builder->runSelect()
#6 /var/www/html/backend-actualizado/vendor/laravel/framework/src/Illuminate/Database/Query/Builder.php(3676): Illuminate\\Database\\Query\\Builder->Illuminate\\Database\\Query\\{closure}()
#7 /var/www/html/backend-actualizado/vendor/laravel/framework/src/Illuminate/Database/Query/Builder.php(3090): Illuminate\\Database\\Query\\Builder->onceWithColumns(Array, Object(Closure))
#8 /var/www/html/backend-actualizado/vendor/laravel/framework/src/Illuminate/Database/Eloquent/Builder.php(811): Illuminate\\Database\\Query\\Builder->get(Array)
#9 /var/www/html/backend-actualizado/vendor/laravel/framework/src/Illuminate/Database/Eloquent/Builder.php(793): Illuminate\\Database\\Eloquent\\Builder->getModels(Array)
#10 /var/www/html/backend-actualizado/vendor/laravel/telescope/src/Storage/DatabaseEntriesRepository.php(96): Illuminate\\Database\\Eloquent\\Builder->get()
#11 /var/www/html/backend-actualizado/vendor/laravel/telescope/src/Http/Controllers/EntryController.php(36): Laravel\\Telescope\\Storage\\DatabaseEntriesRepository->get('job', Object(Laravel\\Telescope\\Storage\\EntryQueryOptions))
#12 /var/www/html/backend-actualizado/vendor/laravel/framework/src/Illuminate/Routing/Controller.php(54): Laravel\\Telescope\\Http\\Controllers\\EntryController->index(Object(Illuminate\\Http\\Request), Object(Laravel\\Telescope\\Storage\\DatabaseEntriesRepository))
#13 /var/www/html/backend-actualizado/vendor/laravel/framework/src/Illuminate/Routing/ControllerDispatcher.php(44): Illuminate\\Routing\\Controller->callAction('index', Array)
#14 /var/www/html/backend-actualizado/vendor/laravel/framework/src/Illuminate/Routing/Route.php(266): Illuminate\\Routing\\ControllerDispatcher->dispatch(Object(Illuminate\\Routing\\Route), Object(Laravel\\Telescope\\Http\\Controllers\\QueueController), 'index')
#15 /var/www/html/backend-actualizado/vendor/laravel/framework/src/Illuminate/Routing/Route.php(212): Illuminate\\Routing\\Route->runController()
#16 /var/www/html/backend-actualizado/vendor/laravel/framework/src/Illuminate/Routing/Router.php(808): Illuminate\\Routing\\Route->run()
#17 /var/www/html/backend-actualizado/vendor/laravel/framework/src/Illuminate/Pipeline/Pipeline.php(170): Illuminate\\Routing\\Router->Illuminate\\Routing\\{closure}(Object(Illuminate\\Http\\Request))
#18 /var/www/html/backend-actualizado/vendor/laravel/telescope/src/Http/Middleware/Authorize.php(18): Illuminate\\Pipeline\\Pipeline->Illuminate\\Pipeline\\{closure}(Object(Illuminate\\Http\\Request))
#19 /var/www/html/backend-actualizado/vendor/laravel/framework/src/Illuminate/Pipeline/Pipeline.php(209): Laravel\\Telescope\\Http\\Middleware\\Authorize->handle(Object(Illuminate\\Http\\Request), Object(Closure))
#20 /var/www/html/backend-actualizado/vendor/laravel/framework/src/Illuminate/Routing/Middleware/SubstituteBindings.php(51): Illuminate\\Pipeline\\Pipeline->Illuminate\\Pipeline\\{closure}(Object(Illuminate\\Http\\Request))
#21 /var/www/html/backend-actualizado/vendor/laravel/framework/src/Illuminate/Pipeline/Pipeline.php(209): Illuminate\\Routing\\Middleware\\SubstituteBindings->handle(Object(Illuminate\\Http\\Request), Object(Closure))
#22 /var/www/html/backend-actualizado/vendor/laravel/framework/src/Illuminate/Foundation/Http/Middleware/VerifyCsrfToken.php(88): Illuminate\\Pipeline\\Pipeline->Illuminate\\Pipeline\\{closure}(Object(Illuminate\\Http\\Request))
#23 /var/www/html/backend-actualizado/vendor/laravel/framework/src/Illuminate/Pipeline/Pipeline.php(209): Illuminate\\Foundation\\Http\\Middleware\\VerifyCsrfToken->handle(Object(Illuminate\\Http\\Request), Object(Closure))
#24 /var/www/html/backend-actualizado/vendor/laravel/framework/src/Illuminate/View/Middleware/ShareErrorsFromSession.php(49): Illuminate\\Pipeline\\Pipeline->Illuminate\\Pipeline\\{closure}(Object(Illuminate\\Http\\Request))
#25 /var/www/html/backend-actualizado/vendor/laravel/framework/src/Illuminate/Pipeline/Pipeline.php(209): Illuminate\\View\\Middleware\\ShareErrorsFromSession->handle(Object(Illuminate\\Http\\Request), Object(Closure))
#26 /var/www/html/backend-actualizado/vendor/laravel/framework/src/Illuminate/Session/Middleware/StartSession.php(121): Illuminate\\Pipeline\\Pipeline->Illuminate\\Pipeline\\{closure}(Object(Illuminate\\Http\\Request))
#27 /var/www/html/backend-actualizado/vendor/laravel/framework/src/Illuminate/Session/Middleware/StartSession.php(64): Illuminate\\Session\\Middleware\\StartSession->handleStatefulRequest(Object(Illuminate\\Http\\Request), Object(Illuminate\\Session\\Store), Object(Closure))
#28 /var/www/html/backend-actualizado/vendor/laravel/framework/src/Illuminate/Pipeline/Pipeline.php(209): Illuminate\\Session\\Middleware\\StartSession->handle(Object(Illuminate\\Http\\Request), Object(Closure))
#29 /var/www/html/backend-actualizado/vendor/laravel/framework/src/Illuminate/Cookie/Middleware/AddQueuedCookiesToResponse.php(37): Illuminate\\Pipeline\\Pipeline->Illuminate\\Pipeline\\{closure}(Object(Illuminate\\Http\\Request))
#30 /var/www/html/backend-actualizado/vendor/laravel/framework/src/Illuminate/Pipeline/Pipeline.php(209): Illuminate\\Cookie\\Middleware\\AddQueuedCookiesToResponse->handle(Object(Illuminate\\Http\\Request), Object(Closure))
#31 /var/www/html/backend-actualizado/vendor/laravel/framework/src/Illuminate/Cookie/Middleware/EncryptCookies.php(75): Illuminate\\Pipeline\\Pipeline->Illuminate\\Pipeline\\{closure}(Object(Illuminate\\Http\\Request))
#32 /var/www/html/backend-actualizado/vendor/laravel/framework/src/Illuminate/Pipeline/Pipeline.php(209): Illuminate\\Cookie\\Middleware\\EncryptCookies->handle(Object(Illuminate\\Http\\Request), Object(Closure))
#33 /var/www/html/backend-actualizado/vendor/laravel/sentinel/src/Http/Middleware/SentinelMiddleware.php(22): Illuminate\\Pipeline\\Pipeline->Illuminate\\Pipeline\\{closure}(Object(Illuminate\\Http\\Request))
#34 /var/www/html/backend-actualizado/vendor/laravel/framework/src/Illuminate/Pipeline/Pipeline.php(209): Laravel\\Sentinel\\Http\\Middleware\\SentinelMiddleware->handle(Object(Illuminate\\Http\\Request), Object(Closure), 'telescope')
#35 /var/www/html/backend-actualizado/vendor/laravel/framework/src/Illuminate/Pipeline/Pipeline.php(127): Illuminate\\Pipeline\\Pipeline->Illuminate\\Pipeline\\{closure}(Object(Illuminate\\Http\\Request))
#36 /var/www/html/backend-actualizado/vendor/laravel/framework/src/Illuminate/Routing/Router.php(807): Illuminate\\Pipeline\\Pipeline->then(Object(Closure))
#37 /var/www/html/backend-actualizado/vendor/laravel/framework/src/Illuminate/Routing/Router.php(786): Illuminate\\Routing\\Router->runRouteWithinStack(Object(Illuminate\\Routing\\Route), Object(Illuminate\\Http\\Request))
#38 /var/www/html/backend-actualizado/vendor/laravel/framework/src/Illuminate/Routing/Router.php(750): Illuminate\\Routing\\Router->runRoute(Object(Illuminate\\Http\\Request), Object(Illuminate\\Routing\\Route))
#39 /var/www/html/backend-actualizado/vendor/laravel/framework/src/Illuminate/Routing/Router.php(739): Illuminate\\Routing\\Router->dispatchToRoute(Object(Illuminate\\Http\\Request))
#40 /var/www/html/backend-actualizado/vendor/laravel/framework/src/Illuminate/Foundation/Http/Kernel.php(201): Illuminate\\Routing\\Router->dispatch(Object(Illuminate\\Http\\Request))
#41 /var/www/html/backend-actualizado/vendor/laravel/framework/src/Illuminate/Pipeline/Pipeline.php(170): Illuminate\\Foundation\\Http\\Kernel->Illuminate\\Foundation\\Http\\{closure}(Object(Illuminate\\Http\\Request))
#42 /var/www/html/backend-actualizado/vendor/laravel/framework/src/Illuminate/Foundation/Http/Middleware/TransformsRequest.php(21): Illuminate\\Pipeline\\Pipeline->Illuminate\\Pipeline\\{closure}(Object(Illuminate\\Http\\Request))
#43 /var/www/html/backend-actualizado/vendor/laravel/framework/src/Illuminate/Foundation/Http/Middleware/ConvertEmptyStringsToNull.php(31): Illuminate\\Foundation\\Http\\Middleware\\TransformsRequest->handle(Object(Illuminate\\Http\\Request), Object(Closure))
#44 /var/www/html/backend-actualizado/vendor/laravel/framework/src/Illuminate/Pipeline/Pipeline.php(209): Illuminate\\Foundation\\Http\\Middleware\\ConvertEmptyStringsToNull->handle(Object(Illuminate\\Http\\Request), Object(Closure))
#45 /var/www/html/backend-actualizado/vendor/laravel/framework/src/Illuminate/Foundation/Http/Middleware/TransformsRequest.php(21): Illuminate\\Pipeline\\Pipeline->Illuminate\\Pipeline\\{closure}(Object(Illuminate\\Http\\Request))
#46 /var/www/html/backend-actualizado/vendor/laravel/framework/src/Illuminate/Foundation/Http/Middleware/TrimStrings.php(51): Illuminate\\Foundation\\Http\\Middleware\\TransformsRequest->handle(Object(Illuminate\\Http\\Request), Object(Closure))
#47 /var/www/html/backend-actualizado/vendor/laravel/framework/src/Illuminate/Pipeline/Pipeline.php(209): Illuminate\\Foundation\\Http\\Middleware\\TrimStrings->handle(Object(Illuminate\\Http\\Request), Object(Closure))
#48 /var/www/html/backend-actualizado/vendor/laravel/framework/src/Illuminate/Http/Middleware/ValidatePostSize.php(27): Illuminate\\Pipeline\\Pipeline->Illuminate\\Pipeline\\{closure}(Object(Illuminate\\Http\\Request))
#49 /var/www/html/backend-actualizado/vendor/laravel/framework/src/Illuminate/Pipeline/Pipeline.php(209): Illuminate\\Http\\Middleware\\ValidatePostSize->handle(Object(Illuminate\\Http\\Request), Object(Closure))
#50 /var/www/html/backend-actualizado/vendor/laravel/framework/src/Illuminate/Foundation/Http/Middleware/PreventRequestsDuringMaintenance.php(110): Illuminate\\Pipeline\\Pipeline->Illuminate\\Pipeline\\{closure}(Object(Illuminate\\Http\\Request))
#51 /var/www/html/backend-actualizado/vendor/laravel/framework/src/Illuminate/Pipeline/Pipeline.php(209): Illuminate\\Foundation\\Http\\Middleware\\PreventRequestsDuringMaintenance->handle(Object(Illuminate\\Http\\Request), Object(Closure))
#52 /var/www/html/backend-actualizado/vendor/laravel/framework/src/Illuminate/Http/Middleware/HandleCors.php(62): Illuminate\\Pipeline\\Pipeline->Illuminate\\Pipeline\\{closure}(Object(Illuminate\\Http\\Request))
#53 /var/www/html/backend-actualizado/vendor/laravel/framework/src/Illuminate/Pipeline/Pipeline.php(209): Illuminate\\Http\\Middleware\\HandleCors->handle(Object(Illuminate\\Http\\Request), Object(Closure))
#54 /var/www/html/backend-actualizado/vendor/laravel/framework/src/Illuminate/Http/Middleware/TrustProxies.php(58): Illuminate\\Pipeline\\Pipeline->Illuminate\\Pipeline\\{closure}(Object(Illuminate\\Http\\Request))
#55 /var/www/html/backend-actualizado/vendor/laravel/framework/src/Illuminate/Pipeline/Pipeline.php(209): Illuminate\\Http\\Middleware\\TrustProxies->handle(Object(Illuminate\\Http\\Request), Object(Closure))
#56 /var/www/html/backend-actualizado/vendor/laravel/framework/src/Illuminate/Foundation/Http/Middleware/InvokeDeferredCallbacks.php(22): Illuminate\\Pipeline\\Pipeline->Illuminate\\Pipeline\\{closure}(Object(Illuminate\\Http\\Request))
#57 /var/www/html/backend-actualizado/vendor/laravel/framework/src/Illuminate/Pipeline/Pipeline.php(209): Illuminate\\Foundation\\Http\\Middleware\\InvokeDeferredCallbacks->handle(Object(Illuminate\\Http\\Request), Object(Closure))
#58 /var/www/html/backend-actualizado/vendor/laravel/framework/src/Illuminate/Pipeline/Pipeline.php(127): Illuminate\\Pipeline\\Pipeline->Illuminate\\Pipeline\\{closure}(Object(Illuminate\\Http\\Request))
#59 /var/www/html/backend-actualizado/vendor/laravel/framework/src/Illuminate/Foundation/Http/Kernel.php(176): Illuminate\\Pipeline\\Pipeline->then(Object(Closure))
#60 /var/www/html/backend-actualizado/vendor/laravel/framework/src/Illuminate/Foundation/Http/Kernel.php(145): Illuminate\\Foundation\\Http\\Kernel->sendRequestThroughRouter(Object(Illuminate\\Http\\Request))
#61 /var/www/html/backend-actualizado/public/index.php(11): Illuminate\\Foundation\\Http\\Kernel->handle(Object(Illuminate\\Http\\Request))
#62 {main}
"} 
[2026-05-18 19:27:07] local.ERROR: SQLSTATE[42S02]: Base table or view not found: 1146 Table 'legacy_products.telescope_entries' doesn't exist (Connection: mysql, SQL: select * from `telescope_entries` where `type` = log and `should_display_on_index` = 1 order by `sequence` desc limit 50) {"exception":"[object] (Illuminate\\Database\\QueryException(code: 42S02): SQLSTATE[42S02]: Base table or view not found: 1146 Table 'legacy_products.telescope_entries' doesn't exist (Connection: mysql, SQL: select * from `telescope_entries` where `type` = log and `should_display_on_index` = 1 order by `sequence` desc limit 50) at /var/www/html/backend-actualizado/vendor/laravel/framework/src/Illuminate/Database/Connection.php:825)
[stacktrace]
#0 /var/www/html/backend-actualizado/vendor/laravel/framework/src/Illuminate/Database/Connection.php(779): Illuminate\\Database\\Connection->runQueryCallback('select * from `...', Array, Object(Closure))
#1 /var/www/html/backend-actualizado/vendor/laravel/framework/src/Illuminate/Database/Connection.php(398): Illuminate\\Database\\Connection->run('select * from `...', Array, Object(Closure))
#2 /var/www/html/backend-actualizado/vendor/laravel/framework/src/Illuminate/Database/Query/Builder.php(3106): Illuminate\\Database\\Connection->select('select * from `...', Array, true)
#3 /var/www/html/backend-actualizado/vendor/laravel/framework/src/Illuminate/Database/Query/Builder.php(3091): Illuminate\\Database\\Query\\Builder->runSelect()
#4 /var/www/html/backend-actualizado/vendor/laravel/framework/src/Illuminate/Database/Query/Builder.php(3676): Illuminate\\Database\\Query\\Builder->Illuminate\\Database\\Query\\{closure}()
#5 /var/www/html/backend-actualizado/vendor/laravel/framework/src/Illuminate/Database/Query/Builder.php(3090): Illuminate\\Database\\Query\\Builder->onceWithColumns(Array, Object(Closure))
#6 /var/www/html/backend-actualizado/vendor/laravel/framework/src/Illuminate/Database/Eloquent/Builder.php(811): Illuminate\\Database\\Query\\Builder->get(Array)
#7 /var/www/html/backend-actualizado/vendor/laravel/framework/src/Illuminate/Database/Eloquent/Builder.php(793): Illuminate\\Database\\Eloquent\\Builder->getModels(Array)
#8 /var/www/html/backend-actualizado/vendor/laravel/telescope/src/Storage/DatabaseEntriesRepository.php(96): Illuminate\\Database\\Eloquent\\Builder->get()
#9 /var/www/html/backend-actualizado/vendor/laravel/telescope/src/Http/Controllers/EntryController.php(36): Laravel\\Telescope\\Storage\\DatabaseEntriesRepository->get('log', Object(Laravel\\Telescope\\Storage\\EntryQueryOptions))
#10 /var/www/html/backend-actualizado/vendor/laravel/framework/src/Illuminate/Routing/Controller.php(54): Laravel\\Telescope\\Http\\Controllers\\EntryController->index(Object(Illuminate\\Http\\Request), Object(Laravel\\Telescope\\Storage\\DatabaseEntriesRepository))
#11 /var/www/html/backend-actualizado/vendor/laravel/framework/src/Illuminate/Routing/ControllerDispatcher.php(44): Illuminate\\Routing\\Controller->callAction('index', Array)
#12 /var/www/html/backend-actualizado/vendor/laravel/framework/src/Illuminate/Routing/Route.php(266): Illuminate\\Routing\\ControllerDispatcher->dispatch(Object(Illuminate\\Routing\\Route), Object(Laravel\\Telescope\\Http\\Controllers\\LogController), 'index')
#13 /var/www/html/backend-actualizado/vendor/laravel/framework/src/Illuminate/Routing/Route.php(212): Illuminate\\Routing\\Route->runController()
#14 /var/www/html/backend-actualizado/vendor/laravel/framework/src/Illuminate/Routing/Router.php(808): Illuminate\\Routing\\Route->run()
#15 /var/www/html/backend-actualizado/vendor/laravel/framework/src/Illuminate/Pipeline/Pipeline.php(170): Illuminate\\Routing\\Router->Illuminate\\Routing\\{closure}(Object(Illuminate\\Http\\Request))
#16 /var/www/html/backend-actualizado/vendor/laravel/telescope/src/Http/Middleware/Authorize.php(18): Illuminate\\Pipeline\\Pipeline->Illuminate\\Pipeline\\{closure}(Object(Illuminate\\Http\\Request))
#17 /var/www/html/backend-actualizado/vendor/laravel/framework/src/Illuminate/Pipeline/Pipeline.php(209): Laravel\\Telescope\\Http\\Middleware\\Authorize->handle(Object(Illuminate\\Http\\Request), Object(Closure))
#18 /var/www/html/backend-actualizado/vendor/laravel/framework/src/Illuminate/Routing/Middleware/SubstituteBindings.php(51): Illuminate\\Pipeline\\Pipeline->Illuminate\\Pipeline\\{closure}(Object(Illuminate\\Http\\Request))
#19 /var/www/html/backend-actualizado/vendor/laravel/framework/src/Illuminate/Pipeline/Pipeline.php(209): Illuminate\\Routing\\Middleware\\SubstituteBindings->handle(Object(Illuminate\\Http\\Request), Object(Closure))
#20 /var/www/html/backend-actualizado/vendor/laravel/framework/src/Illuminate/Foundation/Http/Middleware/VerifyCsrfToken.php(88): Illuminate\\Pipeline\\Pipeline->Illuminate\\Pipeline\\{closure}(Object(Illuminate\\Http\\Request))
#21 /var/www/html/backend-actualizado/vendor/laravel/framework/src/Illuminate/Pipeline/Pipeline.php(209): Illuminate\\Foundation\\Http\\Middleware\\VerifyCsrfToken->handle(Object(Illuminate\\Http\\Request), Object(Closure))
#22 /var/www/html/backend-actualizado/vendor/laravel/framework/src/Illuminate/View/Middleware/ShareErrorsFromSession.php(49): Illuminate\\Pipeline\\Pipeline->Illuminate\\Pipeline\\{closure}(Object(Illuminate\\Http\\Request))
#23 /var/www/html/backend-actualizado/vendor/laravel/framework/src/Illuminate/Pipeline/Pipeline.php(209): Illuminate\\View\\Middleware\\ShareErrorsFromSession->handle(Object(Illuminate\\Http\\Request), Object(Closure))
#24 /var/www/html/backend-actualizado/vendor/laravel/framework/src/Illuminate/Session/Middleware/StartSession.php(121): Illuminate\\Pipeline\\Pipeline->Illuminate\\Pipeline\\{closure}(Object(Illuminate\\Http\\Request))
#25 /var/www/html/backend-actualizado/vendor/laravel/framework/src/Illuminate/Session/Middleware/StartSession.php(64): Illuminate\\Session\\Middleware\\StartSession->handleStatefulRequest(Object(Illuminate\\Http\\Request), Object(Illuminate\\Session\\Store), Object(Closure))
#26 /var/www/html/backend-actualizado/vendor/laravel/framework/src/Illuminate/Pipeline/Pipeline.php(209): Illuminate\\Session\\Middleware\\StartSession->handle(Object(Illuminate\\Http\\Request), Object(Closure))
#27 /var/www/html/backend-actualizado/vendor/laravel/framework/src/Illuminate/Cookie/Middleware/AddQueuedCookiesToResponse.php(37): Illuminate\\Pipeline\\Pipeline->Illuminate\\Pipeline\\{closure}(Object(Illuminate\\Http\\Request))
#28 /var/www/html/backend-actualizado/vendor/laravel/framework/src/Illuminate/Pipeline/Pipeline.php(209): Illuminate\\Cookie\\Middleware\\AddQueuedCookiesToResponse->handle(Object(Illuminate\\Http\\Request), Object(Closure))
#29 /var/www/html/backend-actualizado/vendor/laravel/framework/src/Illuminate/Cookie/Middleware/EncryptCookies.php(75): Illuminate\\Pipeline\\Pipeline->Illuminate\\Pipeline\\{closure}(Object(Illuminate\\Http\\Request))
#30 /var/www/html/backend-actualizado/vendor/laravel/framework/src/Illuminate/Pipeline/Pipeline.php(209): Illuminate\\Cookie\\Middleware\\EncryptCookies->handle(Object(Illuminate\\Http\\Request), Object(Closure))
#31 /var/www/html/backend-actualizado/vendor/laravel/sentinel/src/Http/Middleware/SentinelMiddleware.php(22): Illuminate\\Pipeline\\Pipeline->Illuminate\\Pipeline\\{closure}(Object(Illuminate\\Http\\Request))
#32 /var/www/html/backend-actualizado/vendor/laravel/framework/src/Illuminate/Pipeline/Pipeline.php(209): Laravel\\Sentinel\\Http\\Middleware\\SentinelMiddleware->handle(Object(Illuminate\\Http\\Request), Object(Closure), 'telescope')
#33 /var/www/html/backend-actualizado/vendor/laravel/framework/src/Illuminate/Pipeline/Pipeline.php(127): Illuminate\\Pipeline\\Pipeline->Illuminate\\Pipeline\\{closure}(Object(Illuminate\\Http\\Request))
#34 /var/www/html/backend-actualizado/vendor/laravel/framework/src/Illuminate/Routing/Router.php(807): Illuminate\\Pipeline\\Pipeline->then(Object(Closure))
#35 /var/www/html/backend-actualizado/vendor/laravel/framework/src/Illuminate/Routing/Router.php(786): Illuminate\\Routing\\Router->runRouteWithinStack(Object(Illuminate\\Routing\\Route), Object(Illuminate\\Http\\Request))
#36 /var/www/html/backend-actualizado/vendor/laravel/framework/src/Illuminate/Routing/Router.php(750): Illuminate\\Routing\\Router->runRoute(Object(Illuminate\\Http\\Request), Object(Illuminate\\Routing\\Route))
#37 /var/www/html/backend-actualizado/vendor/laravel/framework/src/Illuminate/Routing/Router.php(739): Illuminate\\Routing\\Router->dispatchToRoute(Object(Illuminate\\Http\\Request))
#38 /var/www/html/backend-actualizado/vendor/laravel/framework/src/Illuminate/Foundation/Http/Kernel.php(201): Illuminate\\Routing\\Router->dispatch(Object(Illuminate\\Http\\Request))
#39 /var/www/html/backend-actualizado/vendor/laravel/framework/src/Illuminate/Pipeline/Pipeline.php(170): Illuminate\\Foundation\\Http\\Kernel->Illuminate\\Foundation\\Http\\{closure}(Object(Illuminate\\Http\\Request))
#40 /var/www/html/backend-actualizado/vendor/laravel/framework/src/Illuminate/Foundation/Http/Middleware/TransformsRequest.php(21): Illuminate\\Pipeline\\Pipeline->Illuminate\\Pipeline\\{closure}(Object(Illuminate\\Http\\Request))
#41 /var/www/html/backend-actualizado/vendor/laravel/framework/src/Illuminate/Foundation/Http/Middleware/ConvertEmptyStringsToNull.php(31): Illuminate\\Foundation\\Http\\Middleware\\TransformsRequest->handle(Object(Illuminate\\Http\\Request), Object(Closure))
#42 /var/www/html/backend-actualizado/vendor/laravel/framework/src/Illuminate/Pipeline/Pipeline.php(209): Illuminate\\Foundation\\Http\\Middleware\\ConvertEmptyStringsToNull->handle(Object(Illuminate\\Http\\Request), Object(Closure))
#43 /var/www/html/backend-actualizado/vendor/laravel/framework/src/Illuminate/Foundation/Http/Middleware/TransformsRequest.php(21): Illuminate\\Pipeline\\Pipeline->Illuminate\\Pipeline\\{closure}(Object(Illuminate\\Http\\Request))
#44 /var/www/html/backend-actualizado/vendor/laravel/framework/src/Illuminate/Foundation/Http/Middleware/TrimStrings.php(51): Illuminate\\Foundation\\Http\\Middleware\\TransformsRequest->handle(Object(Illuminate\\Http\\Request), Object(Closure))
#45 /var/www/html/backend-actualizado/vendor/laravel/framework/src/Illuminate/Pipeline/Pipeline.php(209): Illuminate\\Foundation\\Http\\Middleware\\TrimStrings->handle(Object(Illuminate\\Http\\Request), Object(Closure))
#46 /var/www/html/backend-actualizado/vendor/laravel/framework/src/Illuminate/Http/Middleware/ValidatePostSize.php(27): Illuminate\\Pipeline\\Pipeline->Illuminate\\Pipeline\\{closure}(Object(Illuminate\\Http\\Request))
#47 /var/www/html/backend-actualizado/vendor/laravel/framework/src/Illuminate/Pipeline/Pipeline.php(209): Illuminate\\Http\\Middleware\\ValidatePostSize->handle(Object(Illuminate\\Http\\Request), Object(Closure))
#48 /var/www/html/backend-actualizado/vendor/laravel/framework/src/Illuminate/Foundation/Http/Middleware/PreventRequestsDuringMaintenance.php(110): Illuminate\\Pipeline\\Pipeline->Illuminate\\Pipeline\\{closure}(Object(Illuminate\\Http\\Request))
#49 /var/www/html/backend-actualizado/vendor/laravel/framework/src/Illuminate/Pipeline/Pipeline.php(209): Illuminate\\Foundation\\Http\\Middleware\\PreventRequestsDuringMaintenance->handle(Object(Illuminate\\Http\\Request), Object(Closure))
#50 /var/www/html/backend-actualizado/vendor/laravel/framework/src/Illuminate/Http/Middleware/HandleCors.php(62): Illuminate\\Pipeline\\Pipeline->Illuminate\\Pipeline\\{closure}(Object(Illuminate\\Http\\Request))
#51 /var/www/html/backend-actualizado/vendor/laravel/framework/src/Illuminate/Pipeline/Pipeline.php(209): Illuminate\\Http\\Middleware\\HandleCors->handle(Object(Illuminate\\Http\\Request), Object(Closure))
#52 /var/www/html/backend-actualizado/vendor/laravel/framework/src/Illuminate/Http/Middleware/TrustProxies.php(58): Illuminate\\Pipeline\\Pipeline->Illuminate\\Pipeline\\{closure}(Object(Illuminate\\Http\\Request))
#53 /var/www/html/backend-actualizado/vendor/laravel/framework/src/Illuminate/Pipeline/Pipeline.php(209): Illuminate\\Http\\Middleware\\TrustProxies->handle(Object(Illuminate\\Http\\Request), Object(Closure))
#54 /var/www/html/backend-actualizado/vendor/laravel/framework/src/Illuminate/Foundation/Http/Middleware/InvokeDeferredCallbacks.php(22): Illuminate\\Pipeline\\Pipeline->Illuminate\\Pipeline\\{closure}(Object(Illuminate\\Http\\Request))
#55 /var/www/html/backend-actualizado/vendor/laravel/framework/src/Illuminate/Pipeline/Pipeline.php(209): Illuminate\\Foundation\\Http\\Middleware\\InvokeDeferredCallbacks->handle(Object(Illuminate\\Http\\Request), Object(Closure))
#56 /var/www/html/backend-actualizado/vendor/laravel/framework/src/Illuminate/Pipeline/Pipeline.php(127): Illuminate\\Pipeline\\Pipeline->Illuminate\\Pipeline\\{closure}(Object(Illuminate\\Http\\Request))
#57 /var/www/html/backend-actualizado/vendor/laravel/framework/src/Illuminate/Foundation/Http/Kernel.php(176): Illuminate\\Pipeline\\Pipeline->then(Object(Closure))
#58 /var/www/html/backend-actualizado/vendor/laravel/framework/src/Illuminate/Foundation/Http/Kernel.php(145): Illuminate\\Foundation\\Http\\Kernel->sendRequestThroughRouter(Object(Illuminate\\Http\\Request))
#59 /var/www/html/backend-actualizado/public/index.php(11): Illuminate\\Foundation\\Http\\Kernel->handle(Object(Illuminate\\Http\\Request))
#60 {main}

[previous exception] [object] (PDOException(code: 42S02): SQLSTATE[42S02]: Base table or view not found: 1146 Table 'legacy_products.telescope_entries' doesn't exist at /var/www/html/backend-actualizado/vendor/laravel/framework/src/Illuminate/Database/Connection.php:407)
[stacktrace]
#0 /var/www/html/backend-actualizado/vendor/laravel/framework/src/Illuminate/Database/Connection.php(407): PDO->prepare('select * from `...')
#1 /var/www/html/backend-actualizado/vendor/laravel/framework/src/Illuminate/Database/Connection.php(812): Illuminate\\Database\\Connection->Illuminate\\Database\\{closure}('select * from `...', Array)
#2 /var/www/html/backend-actualizado/vendor/laravel/framework/src/Illuminate/Database/Connection.php(779): Illuminate\\Database\\Connection->runQueryCallback('select * from `...', Array, Object(Closure))
#3 /var/www/html/backend-actualizado/vendor/laravel/framework/src/Illuminate/Database/Connection.php(398): Illuminate\\Database\\Connection->run('select * from `...', Array, Object(Closure))
#4 /var/www/html/backend-actualizado/vendor/laravel/framework/src/Illuminate/Database/Query/Builder.php(3106): Illuminate\\Database\\Connection->select('select * from `...', Array, true)
#5 /var/www/html/backend-actualizado/vendor/laravel/framework/src/Illuminate/Database/Query/Builder.php(3091): Illuminate\\Database\\Query\\Builder->runSelect()
#6 /var/www/html/backend-actualizado/vendor/laravel/framework/src/Illuminate/Database/Query/Builder.php(3676): Illuminate\\Database\\Query\\Builder->Illuminate\\Database\\Query\\{closure}()
#7 /var/www/html/backend-actualizado/vendor/laravel/framework/src/Illuminate/Database/Query/Builder.php(3090): Illuminate\\Database\\Query\\Builder->onceWithColumns(Array, Object(Closure))
#8 /var/www/html/backend-actualizado/vendor/laravel/framework/src/Illuminate/Database/Eloquent/Builder.php(811): Illuminate\\Database\\Query\\Builder->get(Array)
#9 /var/www/html/backend-actualizado/vendor/laravel/framework/src/Illuminate/Database/Eloquent/Builder.php(793): Illuminate\\Database\\Eloquent\\Builder->getModels(Array)
#10 /var/www/html/backend-actualizado/vendor/laravel/telescope/src/Storage/DatabaseEntriesRepository.php(96): Illuminate\\Database\\Eloquent\\Builder->get()
#11 /var/www/html/backend-actualizado/vendor/laravel/telescope/src/Http/Controllers/EntryController.php(36): Laravel\\Telescope\\Storage\\DatabaseEntriesRepository->get('log', Object(Laravel\\Telescope\\Storage\\EntryQueryOptions))
#12 /var/www/html/backend-actualizado/vendor/laravel/framework/src/Illuminate/Routing/Controller.php(54): Laravel\\Telescope\\Http\\Controllers\\EntryController->index(Object(Illuminate\\Http\\Request), Object(Laravel\\Telescope\\Storage\\DatabaseEntriesRepository))
#13 /var/www/html/backend-actualizado/vendor/laravel/framework/src/Illuminate/Routing/ControllerDispatcher.php(44): Illuminate\\Routing\\Controller->callAction('index', Array)
#14 /var/www/html/backend-actualizado/vendor/laravel/framework/src/Illuminate/Routing/Route.php(266): Illuminate\\Routing\\ControllerDispatcher->dispatch(Object(Illuminate\\Routing\\Route), Object(Laravel\\Telescope\\Http\\Controllers\\LogController), 'index')
#15 /var/www/html/backend-actualizado/vendor/laravel/framework/src/Illuminate/Routing/Route.php(212): Illuminate\\Routing\\Route->runController()
#16 /var/www/html/backend-actualizado/vendor/laravel/framework/src/Illuminate/Routing/Router.php(808): Illuminate\\Routing\\Route->run()
#17 /var/www/html/backend-actualizado/vendor/laravel/framework/src/Illuminate/Pipeline/Pipeline.php(170): Illuminate\\Routing\\Router->Illuminate\\Routing\\{closure}(Object(Illuminate\\Http\\Request))
#18 /var/www/html/backend-actualizado/vendor/laravel/telescope/src/Http/Middleware/Authorize.php(18): Illuminate\\Pipeline\\Pipeline->Illuminate\\Pipeline\\{closure}(Object(Illuminate\\Http\\Request))
#19 /var/www/html/backend-actualizado/vendor/laravel/framework/src/Illuminate/Pipeline/Pipeline.php(209): Laravel\\Telescope\\Http\\Middleware\\Authorize->handle(Object(Illuminate\\Http\\Request), Object(Closure))
#20 /var/www/html/backend-actualizado/vendor/laravel/framework/src/Illuminate/Routing/Middleware/SubstituteBindings.php(51): Illuminate\\Pipeline\\Pipeline->Illuminate\\Pipeline\\{closure}(Object(Illuminate\\Http\\Request))
#21 /var/www/html/backend-actualizado/vendor/laravel/framework/src/Illuminate/Pipeline/Pipeline.php(209): Illuminate\\Routing\\Middleware\\SubstituteBindings->handle(Object(Illuminate\\Http\\Request), Object(Closure))
#22 /var/www/html/backend-actualizado/vendor/laravel/framework/src/Illuminate/Foundation/Http/Middleware/VerifyCsrfToken.php(88): Illuminate\\Pipeline\\Pipeline->Illuminate\\Pipeline\\{closure}(Object(Illuminate\\Http\\Request))
#23 /var/www/html/backend-actualizado/vendor/laravel/framework/src/Illuminate/Pipeline/Pipeline.php(209): Illuminate\\Foundation\\Http\\Middleware\\VerifyCsrfToken->handle(Object(Illuminate\\Http\\Request), Object(Closure))
#24 /var/www/html/backend-actualizado/vendor/laravel/framework/src/Illuminate/View/Middleware/ShareErrorsFromSession.php(49): Illuminate\\Pipeline\\Pipeline->Illuminate\\Pipeline\\{closure}(Object(Illuminate\\Http\\Request))
#25 /var/www/html/backend-actualizado/vendor/laravel/framework/src/Illuminate/Pipeline/Pipeline.php(209): Illuminate\\View\\Middleware\\ShareErrorsFromSession->handle(Object(Illuminate\\Http\\Request), Object(Closure))
#26 /var/www/html/backend-actualizado/vendor/laravel/framework/src/Illuminate/Session/Middleware/StartSession.php(121): Illuminate\\Pipeline\\Pipeline->Illuminate\\Pipeline\\{closure}(Object(Illuminate\\Http\\Request))
#27 /var/www/html/backend-actualizado/vendor/laravel/framework/src/Illuminate/Session/Middleware/StartSession.php(64): Illuminate\\Session\\Middleware\\StartSession->handleStatefulRequest(Object(Illuminate\\Http\\Request), Object(Illuminate\\Session\\Store), Object(Closure))
#28 /var/www/html/backend-actualizado/vendor/laravel/framework/src/Illuminate/Pipeline/Pipeline.php(209): Illuminate\\Session\\Middleware\\StartSession->handle(Object(Illuminate\\Http\\Request), Object(Closure))
#29 /var/www/html/backend-actualizado/vendor/laravel/framework/src/Illuminate/Cookie/Middleware/AddQueuedCookiesToResponse.php(37): Illuminate\\Pipeline\\Pipeline->Illuminate\\Pipeline\\{closure}(Object(Illuminate\\Http\\Request))
#30 /var/www/html/backend-actualizado/vendor/laravel/framework/src/Illuminate/Pipeline/Pipeline.php(209): Illuminate\\Cookie\\Middleware\\AddQueuedCookiesToResponse->handle(Object(Illuminate\\Http\\Request), Object(Closure))
#31 /var/www/html/backend-actualizado/vendor/laravel/framework/src/Illuminate/Cookie/Middleware/EncryptCookies.php(75): Illuminate\\Pipeline\\Pipeline->Illuminate\\Pipeline\\{closure}(Object(Illuminate\\Http\\Request))
#32 /var/www/html/backend-actualizado/vendor/laravel/framework/src/Illuminate/Pipeline/Pipeline.php(209): Illuminate\\Cookie\\Middleware\\EncryptCookies->handle(Object(Illuminate\\Http\\Request), Object(Closure))
#33 /var/www/html/backend-actualizado/vendor/laravel/sentinel/src/Http/Middleware/SentinelMiddleware.php(22): Illuminate\\Pipeline\\Pipeline->Illuminate\\Pipeline\\{closure}(Object(Illuminate\\Http\\Request))
#34 /var/www/html/backend-actualizado/vendor/laravel/framework/src/Illuminate/Pipeline/Pipeline.php(209): Laravel\\Sentinel\\Http\\Middleware\\SentinelMiddleware->handle(Object(Illuminate\\Http\\Request), Object(Closure), 'telescope')
#35 /var/www/html/backend-actualizado/vendor/laravel/framework/src/Illuminate/Pipeline/Pipeline.php(127): Illuminate\\Pipeline\\Pipeline->Illuminate\\Pipeline\\{closure}(Object(Illuminate\\Http\\Request))
#36 /var/www/html/backend-actualizado/vendor/laravel/framework/src/Illuminate/Routing/Router.php(807): Illuminate\\Pipeline\\Pipeline->then(Object(Closure))
#37 /var/www/html/backend-actualizado/vendor/laravel/framework/src/Illuminate/Routing/Router.php(786): Illuminate\\Routing\\Router->runRouteWithinStack(Object(Illuminate\\Routing\\Route), Object(Illuminate\\Http\\Request))
#38 /var/www/html/backend-actualizado/vendor/laravel/framework/src/Illuminate/Routing/Router.php(750): Illuminate\\Routing\\Router->runRoute(Object(Illuminate\\Http\\Request), Object(Illuminate\\Routing\\Route))
#39 /var/www/html/backend-actualizado/vendor/laravel/framework/src/Illuminate/Routing/Router.php(739): Illuminate\\Routing\\Router->dispatchToRoute(Object(Illuminate\\Http\\Request))
#40 /var/www/html/backend-actualizado/vendor/laravel/framework/src/Illuminate/Foundation/Http/Kernel.php(201): Illuminate\\Routing\\Router->dispatch(Object(Illuminate\\Http\\Request))
#41 /var/www/html/backend-actualizado/vendor/laravel/framework/src/Illuminate/Pipeline/Pipeline.php(170): Illuminate\\Foundation\\Http\\Kernel->Illuminate\\Foundation\\Http\\{closure}(Object(Illuminate\\Http\\Request))
#42 /var/www/html/backend-actualizado/vendor/laravel/framework/src/Illuminate/Foundation/Http/Middleware/TransformsRequest.php(21): Illuminate\\Pipeline\\Pipeline->Illuminate\\Pipeline\\{closure}(Object(Illuminate\\Http\\Request))
#43 /var/www/html/backend-actualizado/vendor/laravel/framework/src/Illuminate/Foundation/Http/Middleware/ConvertEmptyStringsToNull.php(31): Illuminate\\Foundation\\Http\\Middleware\\TransformsRequest->handle(Object(Illuminate\\Http\\Request), Object(Closure))
#44 /var/www/html/backend-actualizado/vendor/laravel/framework/src/Illuminate/Pipeline/Pipeline.php(209): Illuminate\\Foundation\\Http\\Middleware\\ConvertEmptyStringsToNull->handle(Object(Illuminate\\Http\\Request), Object(Closure))
#45 /var/www/html/backend-actualizado/vendor/laravel/framework/src/Illuminate/Foundation/Http/Middleware/TransformsRequest.php(21): Illuminate\\Pipeline\\Pipeline->Illuminate\\Pipeline\\{closure}(Object(Illuminate\\Http\\Request))
#46 /var/www/html/backend-actualizado/vendor/laravel/framework/src/Illuminate/Foundation/Http/Middleware/TrimStrings.php(51): Illuminate\\Foundation\\Http\\Middleware\\TransformsRequest->handle(Object(Illuminate\\Http\\Request), Object(Closure))
#47 /var/www/html/backend-actualizado/vendor/laravel/framework/src/Illuminate/Pipeline/Pipeline.php(209): Illuminate\\Foundation\\Http\\Middleware\\TrimStrings->handle(Object(Illuminate\\Http\\Request), Object(Closure))
#48 /var/www/html/backend-actualizado/vendor/laravel/framework/src/Illuminate/Http/Middleware/ValidatePostSize.php(27): Illuminate\\Pipeline\\Pipeline->Illuminate\\Pipeline\\{closure}(Object(Illuminate\\Http\\Request))
#49 /var/www/html/backend-actualizado/vendor/laravel/framework/src/Illuminate/Pipeline/Pipeline.php(209): Illuminate\\Http\\Middleware\\ValidatePostSize->handle(Object(Illuminate\\Http\\Request), Object(Closure))
#50 /var/www/html/backend-actualizado/vendor/laravel/framework/src/Illuminate/Foundation/Http/Middleware/PreventRequestsDuringMaintenance.php(110): Illuminate\\Pipeline\\Pipeline->Illuminate\\Pipeline\\{closure}(Object(Illuminate\\Http\\Request))
#51 /var/www/html/backend-actualizado/vendor/laravel/framework/src/Illuminate/Pipeline/Pipeline.php(209): Illuminate\\Foundation\\Http\\Middleware\\PreventRequestsDuringMaintenance->handle(Object(Illuminate\\Http\\Request), Object(Closure))
#52 /var/www/html/backend-actualizado/vendor/laravel/framework/src/Illuminate/Http/Middleware/HandleCors.php(62): Illuminate\\Pipeline\\Pipeline->Illuminate\\Pipeline\\{closure}(Object(Illuminate\\Http\\Request))
#53 /var/www/html/backend-actualizado/vendor/laravel/framework/src/Illuminate/Pipeline/Pipeline.php(209): Illuminate\\Http\\Middleware\\HandleCors->handle(Object(Illuminate\\Http\\Request), Object(Closure))
#54 /var/www/html/backend-actualizado/vendor/laravel/framework/src/Illuminate/Http/Middleware/TrustProxies.php(58): Illuminate\\Pipeline\\Pipeline->Illuminate\\Pipeline\\{closure}(Object(Illuminate\\Http\\Request))
#55 /var/www/html/backend-actualizado/vendor/laravel/framework/src/Illuminate/Pipeline/Pipeline.php(209): Illuminate\\Http\\Middleware\\TrustProxies->handle(Object(Illuminate\\Http\\Request), Object(Closure))
#56 /var/www/html/backend-actualizado/vendor/laravel/framework/src/Illuminate/Foundation/Http/Middleware/InvokeDeferredCallbacks.php(22): Illuminate\\Pipeline\\Pipeline->Illuminate\\Pipeline\\{closure}(Object(Illuminate\\Http\\Request))
#57 /var/www/html/backend-actualizado/vendor/laravel/framework/src/Illuminate/Pipeline/Pipeline.php(209): Illuminate\\Foundation\\Http\\Middleware\\InvokeDeferredCallbacks->handle(Object(Illuminate\\Http\\Request), Object(Closure))
#58 /var/www/html/backend-actualizado/vendor/laravel/framework/src/Illuminate/Pipeline/Pipeline.php(127): Illuminate\\Pipeline\\Pipeline->Illuminate\\Pipeline\\{closure}(Object(Illuminate\\Http\\Request))
#59 /var/www/html/backend-actualizado/vendor/laravel/framework/src/Illuminate/Foundation/Http/Kernel.php(176): Illuminate\\Pipeline\\Pipeline->then(Object(Closure))
#60 /var/www/html/backend-actualizado/vendor/laravel/framework/src/Illuminate/Foundation/Http/Kernel.php(145): Illuminate\\Foundation\\Http\\Kernel->sendRequestThroughRouter(Object(Illuminate\\Http\\Request))
#61 /var/www/html/backend-actualizado/public/index.php(11): Illuminate\\Foundation\\Http\\Kernel->handle(Object(Illuminate\\Http\\Request))
#62 {main}
"} 
